4.18058e+02,0.00000e+00,0.00000e+00,0.00000e+00
3.45648e+02,0.00000e+00,0.00000e+00,0.00000e+00
3.11175e+02,0.00000e+00,0.00000e+00,0.00000e+00
2.90745e+02,0.00000e+00,0.00000e+00,0.00000e+00
2.77841e+02,0.00000e+00,0.00000e+00,4.92279e-03
2.67914e+02,0.00000e+00,0.00000e+00,6.59149e-02
2.59482e+02,0.00000e+00,0.00000e+00,2.80209e-01
2.52159e+02,0.00000e+00,0.00000e+00,7.48405e-01
2.45922e+02,0.00000e+00,0.00000e+00,1.60450e+00
2.40760e+02,0.00000e+00,0.00000e+00,2.93461e+00
2.36109e+02,0.00000e+00,0.00000e+00,4.95370e+00
2.31962e+02,0.00000e+00,0.00000e+00,7.88337e+00
2.27966e+02,0.00000e+00,0.00000e+00,1.19643e+01
2.24531e+02,0.00000e+00,0.00000e+00,1.74034e+01
2.21700e+02,0.00000e+00,0.00000e+00,2.43874e+01
2.19150e+02,0.00000e+00,0.00000e+00,3.30356e+01
2.17030e+02,0.00000e+00,0.00000e+00,4.34210e+01
2.15190e+02,0.00000e+00,0.00000e+00,5.55296e+01
2.13395e+02,0.00000e+00,0.00000e+00,6.92632e+01
2.11677e+02,0.00000e+00,0.00000e+00,8.40007e+01
2.10054e+02,0.00000e+00,0.00000e+00,9.97590e+01
2.08500e+02,0.00000e+00,0.00000e+00,1.16269e+02
2.07202e+02,0.00000e+00,0.00000e+00,1.33075e+02
2.06202e+02,0.00000e+00,0.00000e+00,1.49813e+02
2.05199e+02,0.00000e+00,0.00000e+00,1.66824e+02
2.04374e+02,0.00000e+00,0.00000e+00,1.83147e+02
2.03702e+02,0.00000e+00,0.00000e+00,1.98452e+02
2.03679e+02,0.00000e+00,0.00000e+00,2.12443e+02
2.03724e+02,0.00000e+00,0.00000e+00,2.24895e+02
2.03590e+02,0.00000e+00,0.00000e+00,2.35574e+02
2.03209e+02,1.87583e-02,0.00000e+00,2.44378e+02
2.02531e+02,6.86385e-02,0.00000e+00,2.52153e+02
2.01824e+02,1.65547e-01,0.00000e+00,2.56500e+02
2.01258e+02,3.01084e-01,0.00000e+00,2.57811e+02
2.00536e+02,4.64498e-01,0.00000e+00,2.58309e+02
1.99647e+02,6.92057e-01,0.00000e+00,2.58340e+02
1.98641e+02,9.40766e-01,0.00000e+00,2.57127e+02
1.97689e+02,1.25411e+00,0.00000e+00,2.55218e+02
1.97305e+02,1.68605e+00,0.00000e+00,2.51779e+02
1.97027e+02,2.17548e+00,0.00000e+00,2.47616e+02
1.96866e+02,2.71790e+00,0.00000e+00,2.43907e+02
1.96781e+02,3.34890e+00,0.00000e+00,2.39097e+02
1.96695e+02,4.17403e+00,0.00000e+00,2.33580e+02
1.96594e+02,5.12217e+00,0.00000e+00,2.28195e+02
1.96515e+02,6.28671e+00,0.00000e+00,2.23405e+02
1.96503e+02,7.36551e+00,0.00000e+00,2.18868e+02
1.96501e+02,8.57090e+00,0.00000e+00,2.14605e+02
1.96474e+02,9.89947e+00,0.00000e+00,2.10605e+02
1.96390e+02,1.14913e+01,0.00000e+00,2.06718e+02
1.96268e+02,1.33023e+01,0.00000e+00,2.02971e+02
1.96140e+02,1.52749e+01,0.00000e+00,1.99975e+02
1.96004e+02,1.73444e+01,0.00000e+00,1.96927e+02
1.95848e+02,1.94372e+01,0.00000e+00,1.93743e+02
1.95690e+02,2.16523e+01,0.00000e+00,1.90477e+02
1.95551e+02,2.39118e+01,0.00000e+00,1.87369e+02
1.95442e+02,2.62773e+01,0.00000e+00,1.84454e+02
1.95361e+02,2.87424e+01,0.00000e+00,1.81620e+02
1.95290e+02,3.12990e+01,0.00000e+00,1.78971e+02
1.95214e+02,3.39397e+01,0.00000e+00,1.76536e+02
1.95138e+02,3.67014e+01,0.00000e+00,1.74374e+02
1.95077e+02,3.98804e+01,0.00000e+00,1.72570e+02
1.95036e+02,4.31480e+01,0.00000e+00,1.71260e+02
1.94992e+02,4.64871e+01,0.00000e+00,1.69996e+02
1.94950e+02,4.98882e+01,0.00000e+00,1.69217e+02
1.94924e+02,5.33304e+01,0.00000e+00,1.68570e+02
1.94910e+02,5.68052e+01,0.00000e+00,1.68146e+02
1.94886e+02,6.02303e+01,0.00000e+00,1.67906e+02
1.94849e+02,6.33106e+01,0.00000e+00,1.67890e+02
1.94806e+02,6.64153e+01,0.00000e+00,1.68165e+02
1.94767e+02,6.97845e+01,0.00000e+00,1.68652e+02
1.94740e+02,7.31166e+01,0.00000e+00,1.69206e+02
1.94726e+02,7.63951e+01,0.00000e+00,1.70229e+02
1.94719e+02,7.96168e+01,0.00000e+00,1.71549e+02
1.94710e+02,8.27688e+01,0.00000e+00,1.73227e+02
1.94692e+02,8.61916e+01,0.00000e+00,1.75065e+02
1.94661e+02,8.96912e+01,0.00000e+00,1.77020e+02
1.94622e+02,9.21951e+01,0.00000e+00,1.79107e+02
1.94575e+02,9.44987e+01,0.00000e+00,1.81333e+02
1.94525e+02,9.66759e+01,0.00000e+00,1.83638e+02
1.94487e+02,9.87302e+01,0.00000e+00,1.85834e+02
1.94467e+02,1.00660e+02,0.00000e+00,1.87920e+02
1.94463e+02,1.03054e+02,0.00000e+00,1.90021e+02
1.94467e+02,1.05657e+02,0.00000e+00,1.92133e+02
1.94471e+02,1.08117e+02,0.00000e+00,1.94206e+02
1.94470e+02,1.10427e+02,0.00000e+00,1.96195e+02
1.94461e+02,1.12577e+02,0.00000e+00,1.98111e+02
1.94445e+02,1.14574e+02,0.00000e+00,2.00075e+02
1.94424e+02,1.16111e+02,0.00000e+00,2.01830e+02
1.94404e+02,1.16754e+02,0.00000e+00,2.03276e+02
1.94390e+02,1.17307e+02,0.00000e+00,2.04632e+02
1.94385e+02,1.18796e+02,0.00000e+00,2.05765e+02
1.94387e+02,1.20100e+02,0.00000e+00,2.06636e+02
1.94392e+02,1.21153e+02,0.00000e+00,2.07298e+02
1.94395e+02,1.21077e+02,0.00000e+00,2.07543e+02
1.94392e+02,1.20726e+02,0.00000e+00,2.07455e+02
1.94383e+02,1.19658e+02,0.00000e+00,2.07251e+02
1.94368e+02,1.18582e+02,5.51295e-03,2.06960e+02
1.94350e+02,1.17577e+02,5.31667e-02,2.06462e+02
1.94332e+02,1.16703e+02,1.04270e-01,2.05898e+02
1.94319e+02,1.16175e+02,1.62868e-01,2.05280e+02
1.94314e+02,1.16230e+02,2.26579e-01,2.04597e+02
1.94315e+02,1.16236e+02,3.05049e-01,2.03798e+02
1.94318e+02,1.16212e+02,3.68846e-01,2.02886e+02
1.94321e+02,1.16172e+02,4.25964e-01,2.01906e+02
1.94321e+02,1.15861e+02,4.97976e-01,2.00961e+02
1.94317e+02,1.15475e+02,5.91628e-01,2.00021e+02
1.94310e+02,1.14776e+02,6.49304e-01,1.99054e+02
1.94301e+02,1.14156e+02,7.03654e-01,1.98113e+02
1.94292e+02,1.13728e+02,7.57312e-01,1.97205e+02
1.94286e+02,1.13437e+02,8.10287e-01,1.96314e+02
1.94285e+02,1.13428e+02,8.77553e-01,1.95430e+02
1.94288e+02,1.14186e+02,9.50629e-01,1.94558e+02
1.94293e+02,1.14657e+02,1.03660e+00,1.93706e+02
1.94296e+02,1.14776e+02,1.12143e+00,1.92874e+02
1.94296e+02,1.14987e+02,1.20514e+00,1.92111e+02
1.94293e+02,1.16089e+02,1.29029e+00,1.91501e+02
1.94288e+02,1.17143e+02,1.41498e+00,1.90913e+02
1.94281e+02,1.18043e+02,1.55848e+00,1.90344e+02
1.94273e+02,1.18741e+02,1.70546e+00,1.89789e+02
1.94267e+02,1.19331e+02,1.85051e+00,1.88984e+02
1.94265e+02,1.20007e+02,1.99366e+00,1.88251e+02
1.94265e+02,1.21125e+02,2.13016e+00,1.87560e+02
1.94267e+02,1.22705e+02,2.25236e+00,1.86885e+02
1.94269e+02,1.24524e+02,2.37292e+00,1.86253e+02
1.94269e+02,1.26406e+02,2.50994e+00,1.85673e+02
1.94268e+02,1.28238e+02,2.69025e+00,1.85147e+02
1.94266e+02,1.29545e+02,2.86810e+00,1.84674e+02
1.94262e+02,1.30870e+02,3.04767e+00,1.84266e+02
1.94258e+02,1.32204e+02,3.19058e+00,1.83927e+02
1.94256e+02,1.33550e+02,3.34697e+00,1.83847e+02
1.94255e+02,1.34905e+02,3.51578e+00,1.83904e+02
1.94257e+02,1.36331e+02,3.68231e+00,1.84008e+02
1.94259e+02,1.38155e+02,3.84656e+00,1.84151e+02
1.94260e+02,1.39817e+02,4.00859e+00,1.84334e+02
1.94261e+02,1.41111e+02,4.16841e+00,1.84553e+02
1.94260e+02,1.42126e+02,4.35392e+00,1.84803e+02
1.94259e+02,1.42823e+02,4.59776e+00,1.85097e+02
1.94256e+02,1.44051e+02,4.78920e+00,1.85397e+02
1.94253e+02,1.45234e+02,4.98661e+00,1.85795e+02
1.94250e+02,1.46392e+02,5.19407e+00,1.86352e+02
1.94249e+02,1.47523e+02,5.39871e+00,1.86840e+02
1.94249e+02,1.48506e+02,5.66279e+00,1.87475e+02
1.94250e+02,1.49263e+02,5.95619e+00,1.88114e+02
1.94251e+02,1.49984e+02,6.24547e+00,1.88742e+02
1.94251e+02,1.50650e+02,6.54152e+00,1.89361e+02
1.94251e+02,1.51221e+02,6.83648e+00,1.89952e+02
1.94250e+02,1.51584e+02,7.13101e+00,1.90511e+02
1.94249e+02,1.51290e+02,7.43107e+00,1.91043e+02
1.94247e+02,1.51400e+02,7.73697e+00,1.91561e+02
1.94246e+02,1.51667e+02,8.04142e+00,1.92044e+02
1.94246e+02,1.52541e+02,8.34154e+00,1.92479e+02
1.94246e+02,1.53316e+02,8.63741e+00,1.92883e+02
1.94247e+02,1.54030e+02,8.92908e+00,1.93471e+02
1.94248e+02,1.54721e+02,9.21661e+00,1.94052e+02
1.94248e+02,1.55017e+02,9.50512e+00,1.94610e+02
1.94248e+02,1.55218e+02,9.79225e+00,1.95152e+02
1.94248e+02,1.55378e+02,1.00586e+01,1.95396e+02
1.94247e+02,1.55437e+02,1.03213e+01,1.95499e+02
1.94246e+02,1.55099e+02,1.05945e+01,1.95540e+02
1.94244e+02,1.54976e+02,1.08738e+01,1.95538e+02
1.94244e+02,1.54806e+02,1.11491e+01,1.95566e+02
1.94244e+02,1.54517e+02,1.14260e+01,1.95746e+02
1.94244e+02,1.54182e+02,1.17056e+01,1.95885e+02
1.94244e+02,1.53787e+02,1.19813e+01,1.95909e+02
1.94245e+02,1.53349e+02,1.22778e+01,1.95836e+02
1.94245e+02,1.52897e+02,1.25916e+01,1.95727e+02
1.94244e+02,1.52496e+02,1.29046e+01,1.95603e+02
1.94244e+02,1.52105e+02,1.32336e+01,1.95454e+02
1.94244e+02,1.51738e+02,1.35970e+01,1.95300e+02
1.94243e+02,1.51389e+02,1.39879e+01,1.95157e+02
1.94243e+02,1.51060e+02,1.43844e+01,1.95006e+02
1.94243e+02,1.50881e+02,1.47987e+01,1.94844e+02
1.94243e+02,1.50712e+02,1.52171e+01,1.94642e+02
1.94243e+02,1.50577e+02,1.56344e+01,1.94407e+02
1.94244e+02,1.50456e+02,1.60565e+01,1.94189e+02
1.94244e+02,1.50275e+02,1.64726e+01,1.94008e+02
1.94243e+02,1.50069e+02,1.68906e+01,1.93835e+02
1.94243e+02,1.49907e+02,1.73197e+01,1.93674e+02
1.94243e+02,1.49790e+02,1.77514e+01,1.93526e+02
1.94242e+02,1.49711e+02,1.81980e+01,1.93405e+02
1.94242e+02,1.49686e+02,1.86442e+01,1.93296e+02
1.94242e+02,1.49708e+02,1.90885e+01,1.93191e+02
1.94242e+02,1.49777e+02,1.95315e+01,1.93109e+02
1.94242e+02,1.49939e+02,1.99764e+01,1.93039e+02
1.94242e+02,1.50499e+02,2.03750e+01,1.92987e+02
1.94242e+02,1.51100e+02,2.07305e+01,1.92958e+02
1.94242e+02,1.51554e+02,2.10878e+01,1.92951e+02
1.94242e+02,1.52055e+02,2.14444e+01,1.92959e+02
1.94242e+02,1.52388e+02,2.18106e+01,1.92954e+02
1.94242e+02,1.52908e+02,2.21786e+01,1.93003e+02
1.94242e+02,1.53556e+02,2.25446e+01,1.93068e+02
1.94242e+02,1.54594e+02,2.29387e+01,1.93154e+02
1.94242e+02,1.55680e+02,2.33342e+01,1.93242e+02
1.94242e+02,1.56756e+02,2.37421e+01,1.93331e+02
1.94242e+02,1.57868e+02,2.41527e+01,1.93428e+02
1.94242e+02,1.59021e+02,2.46095e+01,1.93530e+02
1.94242e+02,1.60219e+02,2.50763e+01,1.93522e+02
1.94242e+02,1.61439e+02,2.55364e+01,1.93326e+02
1.94242e+02,1.62680e+02,2.59898e+01,1.93161e+02
1.94242e+02,1.63909e+02,2.64451e+01,1.93021e+02
1.94241e+02,1.65115e+02,2.69132e+01,1.93122e+02
1.94241e+02,1.66301e+02,2.73781e+01,1.93290e+02
1.94241e+02,1.67467e+02,2.78391e+01,1.93453e+02
1.94241e+02,1.68608e+02,2.83035e+01,1.93621e+02
1.94241e+02,1.69473e+02,2.87670e+01,1.93783e+02
1.94241e+02,1.69998e+02,2.92236e+01,1.93938e+02
1.94241e+02,1.70470e+02,2.96797e+01,1.94085e+02
1.94241e+02,1.70876e+02,3.01317e+01,1.94222e+02
1.94241e+02,1.71230e+02,3.05818e+01,1.94344e+02
1.94241e+02,1.71496e+02,3.10292e+01,1.94441e+02
1.94241e+02,1.71340e+02,3.14817e+01,1.94507e+02
1.94241e+02,1.70976e+02,3.19539e+01,1.94555e+02
1.94241e+02,1.70565e+02,3.24674e+01,1.94627e+02
1.94241e+02,1.70054e+02,3.29932e+01,1.94666e+02
1.94241e+02,1.69448e+02,3.35176e+01,1.94671e+02
1.94241e+02,1.68764e+02,3.40519e+01,1.94714e+02
1.94241e+02,1.68580e+02,3.45794e+01,1.94760e+02
1.94241e+02,1.68814e+02,3.50990e+01,1.94791e+02
1.94241e+02,1.69260e+02,3.56248e+01,1.94727e+02
1.94241e+02,1.69648e+02,3.61601e+01,1.94636e+02
1.94241e+02,1.69952e+02,3.66987e+01,1.94534e+02
1.94241e+02,1.69662e+02,3.72409e+01,1.94423e+02
1.94241e+02,1.69104e+02,3.77834e+01,1.94334e+02
1.94241e+02,1.68805e+02,3.83314e+01,1.94464e+02
1.94241e+02,1.68911e+02,3.88771e+01,1.94568e+02
1.94241e+02,1.69185e+02,3.94150e+01,1.94532e+02
1.94241e+02,1.69329e+02,3.99530e+01,1.94420e+02
1.94241e+02,1.69020e+02,4.04830e+01,1.94288e+02
1.94241e+02,1.68735e+02,4.10050e+01,1.94137e+02
1.94241e+02,1.68453e+02,4.15207e+01,1.93974e+02
1.94241e+02,1.68158e+02,4.20474e+01,1.93801e+02
1.94241e+02,1.67854e+02,4.25861e+01,1.93622e+02
1.94241e+02,1.67572e+02,4.31313e+01,1.93444e+02
1.94241e+02,1.67305e+02,4.36800e+01,1.93256e+02
1.94241e+02,1.67116e+02,4.42498e+01,1.93056e+02
1.94241e+02,1.66903e+02,4.48261e+01,1.92854e+02
1.94241e+02,1.66697e+02,4.54189e+01,1.92667e+02
1.94241e+02,1.66545e+02,4.60187e+01,1.92557e+02
1.94241e+02,1.66251e+02,4.66111e+01,1.92444e+02
1.94241e+02,1.66077e+02,4.71999e+01,1.92345e+02
1.94241e+02,1.65871e+02,4.77842e+01,1.92250e+02
1.94241e+02,1.65444e+02,4.83690e+01,1.92152e+02
1.94241e+02,1.65091e+02,4.89556e+01,1.92057e+02
1.94241e+02,1.64774e+02,4.95450e+01,1.91972e+02
1.94241e+02,1.64512e+02,5.01314e+01,1.91897e+02
1.94241e+02,1.64302e+02,5.07165e+01,1.91827e+02
1.94241e+02,1.64120e+02,5.12924e+01,1.91763e+02
1.94241e+02,1.64311e+02,5.18674e+01,1.91747e+02
1.94241e+02,1.65008e+02,5.24428e+01,1.91779e+02
1.94241e+02,1.65768e+02,5.30190e+01,1.91822e+02
1.94241e+02,1.66543e+02,5.35969e+01,1.91882e+02
1.94241e+02,1.67314e+02,5.41699e+01,1.91948e+02
1.94241e+02,1.68071e+02,5.47437e+01,1.92074e+02
1.94241e+02,1.68428e+02,5.53149e+01,1.92202e+02
1.94241e+02,1.68568e+02,5.58836e+01,1.92324e+02
1.94241e+02,1.68451e+02,5.64486e+01,1.92451e+02
1.94241e+02,1.68350e+02,5.70077e+01,1.92583e+02
1.94241e+02,1.68262e+02,5.75695e+01,1.92715e+02
1.94241e+02,1.68216e+02,5.81296e+01,1.92845e+02
1.94241e+02,1.68406e+02,5.86979e+01,1.92974e+02
1.94241e+02,1.68765e+02,5.92702e+01,1.93141e+02
1.94241e+02,1.69096e+02,5.98397e+01,1.93293e+02
1.94241e+02,1.69145e+02,6.04041e+01,1.93424e+02
1.94241e+02,1.69529e+02,6.09689e+01,1.93541e+02
1.94241e+02,1.70230e+02,6.15298e+01,1.93639e+02
1.94241e+02,1.70845e+02,6.20995e+01,1.93715e+02
1.94241e+02,1.71046e+02,6.26666e+01,1.93773e+02
1.94241e+02,1.71237e+02,6.32299e+01,1.93813e+02
1.94241e+02,1.71502e+02,6.37959e+01,1.93831e+02
1.94241e+02,1.72131e+02,6.43564e+01,1.93822e+02
1.94241e+02,1.72746e+02,6.49191e+01,1.93793e+02
1.94241e+02,1.73043e+02,6.54476e+01,1.93740e+02
1.94241e+02,1.73308e+02,6.59701e+01,1.93754e+02
1.94241e+02,1.73776e+02,6.64839e+01,1.93832e+02
1.94241e+02,1.74213e+02,6.69923e+01,1.93782e+02
1.94241e+02,1.74639e+02,6.74955e+01,1.93829e+02
1.94241e+02,1.75041e+02,6.79919e+01,1.93874e+02
1.94241e+02,1.75413e+02,6.84861e+01,1.94009e+02
1.94241e+02,1.75812e+02,6.89823e+01,1.94152e+02
1.94241e+02,1.76231e+02,6.94725e+01,1.94287e+02
1.94241e+02,1.76626e+02,6.99583e+01,1.94397e+02
1.94241e+02,1.76810e+02,7.04431e+01,1.94444e+02
1.94241e+02,1.76894e+02,7.09256e+01,1.94474e+02
1.94241e+02,1.76951e+02,7.14018e+01,1.94487e+02
1.94241e+02,1.76951e+02,7.18768e+01,1.94482e+02
1.94241e+02,1.76904e+02,7.23474e+01,1.94454e+02
1.94241e+02,1.76910e+02,7.28181e+01,1.94405e+02
1.94241e+02,1.77007e+02,7.32951e+01,1.94335e+02
1.94241e+02,1.76983e+02,7.37693e+01,1.94245e+02
1.94241e+02,1.76914e+02,7.42403e+01,1.94135e+02
1.94241e+02,1.76801e+02,7.47094e+01,1.94012e+02
1.94241e+02,1.76725e+02,7.51779e+01,1.93890e+02
1.94241e+02,1.76753e+02,7.56385e+01,1.93951e+02
1.94241e+02,1.76758e+02,7.60912e+01,1.94021e+02
1.94241e+02,1.76734e+02,7.65396e+01,1.94100e+02
1.94241e+02,1.76672e+02,7.69840e+01,1.94181e+02
1.94241e+02,1.76579e+02,7.74208e+01,1.94264e+02
1.94241e+02,1.76467e+02,7.78557e+01,1.94348e+02
1.94241e+02,1.76145e+02,7.82874e+01,1.94437e+02
1.94241e+02,1.75708e+02,7.87219e+01,1.94534e+02
1.94241e+02,1.75272e+02,7.91624e+01,1.94631e+02
1.94241e+02,1.75087e+02,7.95990e+01,1.94727e+02
1.94241e+02,1.75087e+02,8.00280e+01,1.94822e+02
1.94241e+02,1.75372e+02,8.04546e+01,1.94862e+02
1.94241e+02,1.75647e+02,8.08749e+01,1.94805e+02
1.94241e+02,1.75652e+02,8.12890e+01,1.94745e+02
1.94241e+02,1.75521e+02,8.17053e+01,1.94687e+02
1.94241e+02,1.75357e+02,8.21260e+01,1.94628e+02
1.94241e+02,1.75021e+02,8.25449e+01,1.94568e+02
1.94241e+02,1.74843e+02,8.29574e+01,1.94512e+02
1.94241e+02,1.74736e+02,8.33690e+01,1.94453e+02
1.94241e+02,1.74632e+02,8.37761e+01,1.94397e+02
1.94241e+02,1.74546e+02,8.41813e+01,1.94339e+02
1.94241e+02,1.74459e+02,8.45974e+01,1.94278e+02
1.94241e+02,1.74731e+02,8.50195e+01,1.94212e+02
1.94241e+02,1.75039e+02,8.54371e+01,1.94237e+02
1.94241e+02,1.75355e+02,8.58474e+01,1.94318e+02
1.94241e+02,1.75687e+02,8.62506e+01,1.94391e+02
1.94241e+02,1.76052e+02,8.66468e+01,1.94456e+02
1.94241e+02,1.76426e+02,8.70361e+01,1.94517e+02
1.94241e+02,1.76821e+02,8.74210e+01,1.94569e+02
1.94241e+02,1.77231e+02,8.78056e+01,1.94613e+02
1.94241e+02,1.77526e+02,8.81930e+01,1.94646e+02
1.94241e+02,1.77755e+02,8.85810e+01,1.94670e+02
1.94241e+02,1.78022e+02,8.89715e+01,1.94683e+02
1.94241e+02,1.78308e+02,8.93667e+01,1.94690e+02
1.94241e+02,1.78594e+02,8.97798e+01,1.94696e+02
1.94241e+02,1.78761e+02,9.01944e+01,1.94699e+02
1.94241e+02,1.78943e+02,9.06038e+01,1.94693e+02
1.94241e+02,1.79149e+02,9.10137e+01,1.94700e+02
1.94241e+02,1.79350e+02,9.14189e+01,1.94740e+02
1.94241e+02,1.79558e+02,9.18223e+01,1.94763e+02
1.94241e+02,1.79681e+02,9.22290e+01,1.94772e+02
1.94241e+02,1.79579e+02,9.26358e+01,1.94764e+02
1.94241e+02,1.79522e+02,9.30414e+01,1.94738e+02
1.94241e+02,1.79727e+02,9.34435e+01,1.94694e+02
1.94241e+02,1.79915e+02,9.38477e+01,1.94630e+02
1.94241e+02,1.80061e+02,9.42513e+01,1.94553e+02
1.94241e+02,1.80180e+02,9.46534e+01,1.94459e+02
1.94241e+02,1.80287e+02,9.50519e+01,1.94357e+02
1.94241e+02,1.80370e+02,9.54488e+01,1.94242e+02
1.94241e+02,1.80430e+02,9.58467e+01,1.94120e+02
1.94241e+02,1.80469e+02,9.62461e+01,1.94021e+02
1.94241e+02,1.80472e+02,9.66426e+01,1.93941e+02
1.94241e+02,1.80439e+02,9.70447e+01,1.93873e+02
1.94241e+02,1.80378e+02,9.74462e+01,1.93793e+02
1.94241e+02,1.80242e+02,9.78481e+01,1.93711e+02
1.94241e+02,1.80086e+02,9.82459e+01,1.93627e+02
1.94241e+02,1.80012e+02,9.86367e+01,1.93543e+02
1.94241e+02,1.80167e+02,9.90223e+01,1.93455e+02
1.94241e+02,1.80323e+02,9.94007e+01,1.93365e+02
1.94241e+02,1.80586e+02,9.97754e+01,1.93341e+02
1.94241e+02,1.80626e+02,1.00152e+02,1.93384e+02
1.94241e+02,1.80525e+02,1.00529e+02,1.93434e+02
1.94241e+02,1.80455e+02,1.00900e+02,1.93489e+02
1.94241e+02,1.80458e+02,1.01264e+02,1.93544e+02
1.94241e+02,1.80482e+02,1.01621e+02,1.93596e+02
1.94241e+02,1.80532e+02,1.01983e+02,1.93646e+02
1.94241e+02,1.80604e+02,1.02347e+02,1.93692e+02
1.94241e+02,1.80697e+02,1.02714e+02,1.93734e+02
1.94241e+02,1.80764e+02,1.03084e+02,1.93773e+02
1.94241e+02,1.80646e+02,1.03451e+02,1.93811e+02
1.94241e+02,1.80542e+02,1.03813e+02,1.93819e+02
1.94241e+02,1.80446e+02,1.04168e+02,1.93763e+02
1.94241e+02,1.80353e+02,1.04518e+02,1.93709e+02
1.94241e+02,1.80274e+02,1.04868e+02,1.93660e+02
1.94241e+02,1.80194e+02,1.05213e+02,1.93615e+02
1.94241e+02,1.80128e+02,1.05555e+02,1.93574e+02
1.94241e+02,1.80076e+02,1.05900e+02,1.93535e+02
1.94241e+02,1.80038e+02,1.06243e+02,1.93499e+02
1.94241e+02,1.80014e+02,1.06583e+02,1.93467e+02
1.94241e+02,1.80112e+02,1.06922e+02,1.93440e+02
1.94241e+02,1.80081e+02,1.07255e+02,1.93420e+02
1.94241e+02,1.80019e+02,1.07586e+02,1.93403e+02
1.94241e+02,1.79940e+02,1.07916e+02,1.93390e+02
1.94241e+02,1.79846e+02,1.08240e+02,1.93384e+02
1.94241e+02,1.79739e+02,1.08563e+02,1.93382e+02
1.94241e+02,1.79828e+02,1.08883e+02,1.93386e+02
1.94241e+02,1.80106e+02,1.09204e+02,1.93399e+02
1.94241e+02,1.80267e+02,1.09524e+02,1.93419e+02
1.94241e+02,1.80249e+02,1.09839e+02,1.93447e+02
1.94241e+02,1.80244e+02,1.10151e+02,1.93479e+02
1.94241e+02,1.80233e+02,1.10463e+02,1.93515e+02
1.94241e+02,1.80218e+02,1.10772e+02,1.93565e+02
1.94241e+02,1.80206e+02,1.11077e+02,1.93579e+02
1.94241e+02,1.80211e+02,1.11378e+02,1.93585e+02
1.94241e+02,1.80218e+02,1.11674e+02,1.93595e+02
1.94241e+02,1.80254e+02,1.11973e+02,1.93606e+02
1.94241e+02,1.80287e+02,1.12268e+02,1.93615e+02
1.94241e+02,1.80319e+02,1.12566e+02,1.93622e+02
1.94241e+02,1.80435e+02,1.12865e+02,1.93625e+02
1.94241e+02,1.80561e+02,1.13161e+02,1.93626e+02
1.94241e+02,1.80678e+02,1.13456e+02,1.93625e+02
1.94241e+02,1.80785e+02,1.13745e+02,1.93623e+02
1.94241e+02,1.80880e+02,1.14033e+02,1.93618e+02
1.94241e+02,1.80844e+02,1.14318e+02,1.93614e+02
1.94241e+02,1.80754e+02,1.14599e+02,1.93640e+02
1.94241e+02,1.80754e+02,1.14879e+02,1.93679e+02
1.94241e+02,1.80760e+02,1.15154e+02,1.93718e+02
1.94241e+02,1.80764e+02,1.15435e+02,1.93758e+02
1.94241e+02,1.80769e+02,1.15717e+02,1.93797e+02
1.94241e+02,1.80783e+02,1.15993e+02,1.93835e+02
1.94241e+02,1.80794e+02,1.16265e+02,1.93873e+02
1.94241e+02,1.81035e+02,1.16532e+02,1.93911e+02
1.94241e+02,1.81354e+02,1.16797e+02,1.93949e+02
1.94241e+02,1.81651e+02,1.17064e+02,1.93987e+02
1.94241e+02,1.81934e+02,1.17327e+02,1.94028e+02
1.94241e+02,1.82204e+02,1.17589e+02,1.94071e+02
1.94241e+02,1.82292e+02,1.17851e+02,1.94116e+02
1.94241e+02,1.82236e+02,1.18110e+02,1.94158e+02
1.94241e+02,1.82254e+02,1.18366e+02,1.94201e+02
1.94241e+02,1.82268e+02,1.18618e+02,1.94242e+02
1.94241e+02,1.82277e+02,1.18870e+02,1.94280e+02
1.94241e+02,1.82444e+02,1.19119e+02,1.94317e+02
1.94241e+02,1.82607e+02,1.19365e+02,1.94348e+02
1.94241e+02,1.82757e+02,1.19618e+02,1.94373e+02
1.94241e+02,1.82914e+02,1.19868e+02,1.94393e+02
1.94241e+02,1.83066e+02,1.20119e+02,1.94408e+02
1.94241e+02,1.83204e+02,1.20373e+02,1.94420e+02
1.94241e+02,1.83331e+02,1.20627e+02,1.94431e+02
1.94241e+02,1.83437e+02,1.20879e+02,1.94436e+02
1.94241e+02,1.83523e+02,1.21129e+02,1.94436e+02
1.94241e+02,1.83606e+02,1.21377e+02,1.94433e+02
1.94241e+02,1.83773e+02,1.21623e+02,1.94426e+02
1.94241e+02,1.83954e+02,1.21866e+02,1.94413e+02
1.94241e+02,1.84120e+02,1.22106e+02,1.94393e+02
1.94241e+02,1.84272e+02,1.22342e+02,1.94369e+02
1.94241e+02,1.84412e+02,1.22573e+02,1.94338e+02
1.94241e+02,1.84485e+02,1.22803e+02,1.94303e+02
1.94241e+02,1.84339e+02,1.23033e+02,1.94261e+02
1.94241e+02,1.84192e+02,1.23259e+02,1.94216e+02
1.94241e+02,1.84257e+02,1.23483e+02,1.94177e+02
1.94241e+02,1.84316e+02,1.23705e+02,1.94136e+02
1.94241e+02,1.84359e+02,1.23927e+02,1.94090e+02
1.94241e+02,1.84386e+02,1.24148e+02,1.94039e+02
1.94241e+02,1.84397e+02,1.24371e+02,1.93982e+02
1.94241e+02,1.84406e+02,1.24592e+02,1.93923e+02
1.94241e+02,1.84401e+02,1.24812e+02,1.93861e+02
1.94241e+02,1.84383e+02,1.25028e+02,1.93797e+02
1.94241e+02,1.84354e+02,1.25241e+02,1.93730e+02
1.94241e+02,1.84349e+02,1.25453e+02,1.93661e+02
1.94241e+02,1.84474e+02,1.25662e+02,1.93591e+02
1.94241e+02,1.84457e+02,1.25868e+02,1.93520e+02
1.94241e+02,1.84300e+02,1.26073e+02,1.93452e+02
1.94241e+02,1.84155e+02,1.26279e+02,1.93383e+02
1.94241e+02,1.84036e+02,1.26482e+02,1.93319e+02
1.94241e+02,1.83921e+02,1.26710e+02,1.93260e+02
1.94241e+02,1.83651e+02,1.26939e+02,1.93229e+02
1.94241e+02,1.83409e+02,1.27170e+02,1.93205e+02
1.94241e+02,1.83266e+02,1.27400e+02,1.93185e+02
1.94241e+02,1.83233e+02,1.27630e+02,1.93168e+02
1.94241e+02,1.83185e+02,1.27860e+02,1.93154e+02
1.94241e+02,1.83133e+02,1.28086e+02,1.93143e+02
1.94241e+02,1.83079e+02,1.28310e+02,1.93136e+02
1.94241e+02,1.83017e+02,1.28534e+02,1.93132e+02
1.94241e+02,1.82953e+02,1.28758e+02,1.93134e+02
1.94241e+02,1.82885e+02,1.28983e+02,1.93140e+02
1.94241e+02,1.82817e+02,1.29205e+02,1.93155e+02
1.94241e+02,1.82756e+02,1.29423e+02,1.93176e+02
1.94241e+02,1.82700e+02,1.29638e+02,1.93202e+02
1.94241e+02,1.82739e+02,1.29856e+02,1.93232e+02
1.94241e+02,1.82805e+02,1.30073e+02,1.93263e+02
1.94241e+02,1.82879e+02,1.30286e+02,1.93295e+02
1.94241e+02,1.82953e+02,1.30499e+02,1.93330e+02
1.94241e+02,1.83030e+02,1.30709e+02,1.93368e+02
1.94241e+02,1.83112e+02,1.30922e+02,1.93406e+02
1.94241e+02,1.83215e+02,1.31133e+02,1.93446e+02
1.94241e+02,1.83361e+02,1.31345e+02,1.93488e+02
1.94241e+02,1.83519e+02,1.31557e+02,1.93530e+02
1.94241e+02,1.83685e+02,1.31770e+02,1.93572e+02
1.94241e+02,1.83856e+02,1.31981e+02,1.93612e+02
1.94241e+02,1.84050e+02,1.32192e+02,1.93651e+02
1.94241e+02,1.84072e+02,1.32400e+02,1.93690e+02
1.94241e+02,1.84076e+02,1.32607e+02,1.93727e+02
1.94241e+02,1.84083e+02,1.32821e+02,1.93762e+02
1.94241e+02,1.84083e+02,1.33034e+02,1.93793e+02
1.94241e+02,1.84087e+02,1.33244e+02,1.93837e+02
1.94241e+02,1.84087e+02,1.33452e+02,1.93906e+02
1.94241e+02,1.84176e+02,1.33659e+02,1.93973e+02
1.94241e+02,1.84266e+02,1.33862e+02,1.94033e+02
1.94241e+02,1.84356e+02,1.34062e+02,1.94083e+02
1.94241e+02,1.84440e+02,1.34261e+02,1.94123e+02
1.94241e+02,1.84522e+02,1.34459e+02,1.94156e+02
1.94241e+02,1.84616e+02,1.34654e+02,1.94190e+02
1.94241e+02,1.84735e+02,1.34835e+02,1.94224e+02
1.94241e+02,1.84875e+02,1.34993e+02,1.94259e+02
1.94241e+02,1.85023e+02,1.35150e+02,1.94298e+02
1.94241e+02,1.85175e+02,1.35308e+02,1.94339e+02
1.94241e+02,1.85334e+02,1.35466e+02,1.94380e+02
1.94241e+02,1.85491e+02,1.35624e+02,1.94420e+02
1.94241e+02,1.85528e+02,1.35782e+02,1.94460e+02
1.94241e+02,1.85539e+02,1.35937e+02,1.94499e+02
1.94241e+02,1.85554e+02,1.36095e+02,1.94535e+02
1.94241e+02,1.85570e+02,1.36254e+02,1.94541e+02
1.94241e+02,1.85588e+02,1.36415e+02,1.94542e+02
1.94241e+02,1.85601e+02,1.36578e+02,1.94537e+02
1.94241e+02,1.85612e+02,1.36742e+02,1.94526e+02
1.94241e+02,1.85631e+02,1.36906e+02,1.94511e+02
1.94241e+02,1.85657e+02,1.37068e+02,1.94493e+02
1.94241e+02,1.85695e+02,1.37229e+02,1.94472e+02
1.94241e+02,1.85756e+02,1.37391e+02,1.94448e+02
1.94241e+02,1.85825e+02,1.37552e+02,1.94420e+02
1.94241e+02,1.85903e+02,1.37713e+02,1.94387e+02
1.94241e+02,1.85989e+02,1.37873e+02,1.94351e+02
1.94241e+02,1.86079e+02,1.38032e+02,1.94314e+02
1.94241e+02,1.86170e+02,1.38189e+02,1.94276e+02
1.94241e+02,1.86258e+02,1.38342e+02,1.94238e+02
1.94241e+02,1.86347e+02,1.38494e+02,1.94204e+02
1.94241e+02,1.86449e+02,1.38644e+02,1.94169e+02
1.94241e+02,1.86560e+02,1.38793e+02,1.94133e+02
1.94241e+02,1.86674e+02,1.38946e+02,1.94096e+02
1.94241e+02,1.86794e+02,1.39096e+02,1.94059e+02
1.94241e+02,1.86913e+02,1.39246e+02,1.94021e+02
1.94241e+02,1.87027e+02,1.39397e+02,1.93984e+02
1.94241e+02,1.87136e+02,1.39549e+02,1.93949e+02
1.94241e+02,1.87242e+02,1.39700e+02,1.93917e+02
1.94241e+02,1.87358e+02,1.39851e+02,1.93886e+02
1.94241e+02,1.87464e+02,1.40003e+02,1.93854e+02
1.94241e+02,1.87462e+02,1.40156e+02,1.93825e+02
1.94241e+02,1.87405e+02,1.40310e+02,1.93797e+02
1.94241e+02,1.87333e+02,1.40469e+02,1.93771e+02
1.94241e+02,1.87247e+02,1.40629e+02,1.93745e+02
1.94241e+02,1.87149e+02,1.40787e+02,1.93722e+02
1.94241e+02,1.87042e+02,1.40951e+02,1.93699e+02
1.94241e+02,1.86928e+02,1.41117e+02,1.93677e+02
1.94241e+02,1.86812e+02,1.41281e+02,1.93657e+02
1.94241e+02,1.86710e+02,1.41444e+02,1.93638e+02
1.94241e+02,1.86663e+02,1.41607e+02,1.93623e+02
1.94241e+02,1.86611e+02,1.41769e+02,1.93611e+02
1.94241e+02,1.86563e+02,1.41933e+02,1.93604e+02
1.94241e+02,1.86518e+02,1.42095e+02,1.93596e+02
1.94241e+02,1.86478e+02,1.42256e+02,1.93590e+02
1.94241e+02,1.86542e+02,1.42416e+02,1.93584e+02
1.94241e+02,1.86596e+02,1.42578e+02,1.93581e+02
1.94241e+02,1.86632e+02,1.42741e+02,1.93581e+02
1.94241e+02,1.86654e+02,1.42902e+02,1.93583e+02
1.94241e+02,1.86658e+02,1.43066e+02,1.93586e+02
1.94241e+02,1.86651e+02,1.43229e+02,1.93590e+02
1.94241e+02,1.86632e+02,1.43377e+02,1.93593e+02
1.94241e+02,1.86618e+02,1.43516e+02,1.93600e+02
1.94241e+02,1.86602e+02,1.43654e+02,1.93608e+02
1.94241e+02,1.86596e+02,1.43789e+02,1.93617e+02
1.94241e+02,1.86582e+02,1.43924e+02,1.93626e+02
1.94241e+02,1.86556e+02,1.44056e+02,1.93633e+02
1.94241e+02,1.86516e+02,1.44189e+02,1.93640e+02
1.94241e+02,1.86476e+02,1.44321e+02,1.93649e+02
1.94241e+02,1.86423e+02,1.44453e+02,1.93658e+02
1.94241e+02,1.86362e+02,1.44583e+02,1.93669e+02
1.94241e+02,1.86362e+02,1.44711e+02,1.93680e+02
1.94241e+02,1.86394e+02,1.44837e+02,1.93691e+02
1.94241e+02,1.86423e+02,1.44960e+02,1.93701e+02
1.94241e+02,1.86450e+02,1.45087e+02,1.93710e+02
1.94241e+02,1.86481e+02,1.45214e+02,1.93721e+02
1.94241e+02,1.86513e+02,1.45339e+02,1.93732e+02
1.94241e+02,1.86557e+02,1.45465e+02,1.93743e+02
1.94241e+02,1.86608e+02,1.45590e+02,1.93756e+02
1.94241e+02,1.86658e+02,1.45714e+02,1.93771e+02
1.94241e+02,1.86704e+02,1.45836e+02,1.93789e+02
1.94241e+02,1.86741e+02,1.45957e+02,1.93806e+02
1.94241e+02,1.86769e+02,1.46077e+02,1.93824e+02
1.94241e+02,1.86794e+02,1.46195e+02,1.93842e+02
1.94241e+02,1.86813e+02,1.46312e+02,1.93861e+02
1.94241e+02,1.86824e+02,1.46427e+02,1.93882e+02
1.94241e+02,1.86828e+02,1.46541e+02,1.93902e+02
1.94241e+02,1.86824e+02,1.46655e+02,1.93922e+02
1.94241e+02,1.86818e+02,1.46771e+02,1.93940e+02
1.94241e+02,1.86818e+02,1.46885e+02,1.93957e+02
1.94241e+02,1.86815e+02,1.46998e+02,1.93976e+02
1.94241e+02,1.86803e+02,1.47112e+02,1.93998e+02
1.94241e+02,1.86788e+02,1.47225e+02,1.94019e+02
1.94241e+02,1.86771e+02,1.47339e+02,1.94039e+02
1.94241e+02,1.86777e+02,1.47453e+02,1.94059e+02
1.94241e+02,1.86792e+02,1.47566e+02,1.94078e+02
1.94241e+02,1.86808e+02,1.47679e+02,1.94096e+02
1.94241e+02,1.86824e+02,1.47794e+02,1.94113e+02
1.94241e+02,1.86834e+02,1.47911e+02,1.94128e+02
1.94241e+02,1.86834e+02,1.48026e+02,1.94142e+02
1.94241e+02,1.86826e+02,1.48139e+02,1.94155e+02
1.94241e+02,1.86811e+02,1.48251e+02,1.94169e+02
1.94241e+02,1.86787e+02,1.48361e+02,1.94183e+02
1.94241e+02,1.86768e+02,1.48471e+02,1.94197e+02
1.94241e+02,1.86773e+02,1.48582e+02,1.94211e+02
1.94241e+02,1.86791e+02,1.48694e+02,1.94226e+02
1.94241e+02,1.86804e+02,1.48811e+02,1.94240e+02
1.94241e+02,1.86813e+02,1.48926e+02,1.94252e+02
1.94241e+02,1.86819e+02,1.49039e+02,1.94266e+02
1.94241e+02,1.86839e+02,1.49152e+02,1.94278e+02
1.94241e+02,1.86892e+02,1.49264e+02,1.94288e+02
1.94241e+02,1.86933e+02,1.49377e+02,1.94297e+02
1.94241e+02,1.86962e+02,1.49493e+02,1.94306e+02
1.94241e+02,1.86981e+02,1.49606e+02,1.94313e+02
1.94241e+02,1.86991e+02,1.49740e+02,1.94320e+02
1.94241e+02,1.87118e+02,1.49874e+02,1.94325e+02
1.94241e+02,1.87274e+02,1.50006e+02,1.94329e+02
1.94241e+02,1.87435e+02,1.50136e+02,1.94330e+02
1.94241e+02,1.87602e+02,1.50264e+02,1.94332e+02
1.94241e+02,1.87766e+02,1.50391e+02,1.94333e+02
1.94241e+02,1.87920e+02,1.50518e+02,1.94336e+02
1.94241e+02,1.88066e+02,1.50643e+02,1.94336e+02
1.94241e+02,1.88205e+02,1.50768e+02,1.94334e+02
1.94241e+02,1.88333e+02,1.50893e+02,1.94329e+02
1.94241e+02,1.88448e+02,1.51020e+02,1.94322e+02
1.94241e+02,1.88550e+02,1.51149e+02,1.94312e+02
1.94241e+02,1.88644e+02,1.51276e+02,1.94300e+02
1.94241e+02,1.88723e+02,1.51401e+02,1.94288e+02
1.94241e+02,1.88786e+02,1.51524e+02,1.94276e+02
1.94241e+02,1.88835e+02,1.51645e+02,1.94264e+02
1.94241e+02,1.88874e+02,1.51765e+02,1.94249e+02
1.94241e+02,1.88877e+02,1.51886e+02,1.94232e+02
1.94241e+02,1.88849e+02,1.52008e+02,1.94213e+02
1.94241e+02,1.88830e+02,1.52129e+02,1.94193e+02
1.94241e+02,1.88831e+02,1.52250e+02,1.94171e+02
1.94241e+02,1.88896e+02,1.52372e+02,1.94150e+02
1.94241e+02,1.88955e+02,1.52492e+02,1.94128e+02
1.94241e+02,1.89013e+02,1.52611e+02,1.94106e+02
1.94241e+02,1.89069e+02,1.52728e+02,1.94083e+02
1.94241e+02,1.89066e+02,1.52842e+02,1.94060e+02
1.94241e+02,1.89039e+02,1.52955e+02,1.94037e+02
1.94241e+02,1.88994e+02,1.53067e+02,1.94014e+02
1.94241e+02,1.88930e+02,1.53180e+02,1.93991e+02
1.94241e+02,1.88850e+02,1.53294e+02,1.93968e+02
1.94241e+02,1.88754e+02,1.53405e+02,1.93945e+02
1.94241e+02,1.88644e+02,1.53519e+02,1.93924e+02
1.94241e+02,1.88523e+02,1.53631e+02,1.93904e+02
1.94241e+02,1.88436e+02,1.53742e+02,1.93886e+02
1.94241e+02,1.88433e+02,1.53851e+02,1.93868e+02
1.94241e+02,1.88445e+02,1.53960e+02,1.93850e+02
1.94241e+02,1.88447e+02,1.54067e+02,1.93831e+02
1.94241e+02,1.88440e+02,1.54175e+02,1.93812e+02
1.94241e+02,1.88418e+02,1.54280e+02,1.93795e+02
1.94241e+02,1.88385e+02,1.54385e+02,1.93785e+02
1.94241e+02,1.88339e+02,1.54489e+02,1.93788e+02
1.94241e+02,1.88280e+02,1.54592e+02,1.93787e+02
1.94241e+02,1.88215e+02,1.54695e+02,1.93784e+02
1.94241e+02,1.88140e+02,1.54792e+02,1.93779e+02
1.94241e+02,1.88055e+02,1.54878e+02,1.93772e+02
1.94241e+02,1.87961e+02,1.54962e+02,1.93764e+02
1.94241e+02,1.87888e+02,1.55046e+02,1.93753e+02
1.94241e+02,1.87813e+02,1.55127e+02,1.93740e+02
1.94241e+02,1.87732e+02,1.55208e+02,1.93724e+02
1.94241e+02,1.87650e+02,1.55289e+02,1.93707e+02
1.94241e+02,1.87569e+02,1.55370e+02,1.93701e+02
1.94241e+02,1.87489e+02,1.55451e+02,1.93702e+02
1.94241e+02,1.87420e+02,1.55527e+02,1.93703e+02
1.94241e+02,1.87361e+02,1.55603e+02,1.93704e+02
1.94241e+02,1.87309e+02,1.55680e+02,1.93705e+02
1.94241e+02,1.87262e+02,1.55755e+02,1.93708e+02
1.94241e+02,1.87224e+02,1.55829e+02,1.93711e+02
1.94241e+02,1.87194e+02,1.55902e+02,1.93713e+02
1.94241e+02,1.87170e+02,1.55974e+02,1.93715e+02
1.94241e+02,1.87153e+02,1.56048e+02,1.93718e+02
1.94241e+02,1.87143e+02,1.56120e+02,1.93720e+02
1.94241e+02,1.87140e+02,1.56192e+02,1.93725e+02
1.94241e+02,1.87167e+02,1.56263e+02,1.93729e+02
1.94241e+02,1.87283e+02,1.56335e+02,1.93733e+02
1.94241e+02,1.87407e+02,1.56407e+02,1.93737e+02
1.94241e+02,1.87529e+02,1.56477e+02,1.93741e+02
1.94241e+02,1.87654e+02,1.56546e+02,1.93749e+02
1.94241e+02,1.87780e+02,1.56614e+02,1.93772e+02
1.94241e+02,1.87905e+02,1.56681e+02,1.93793e+02
1.94241e+02,1.88026e+02,1.56748e+02,1.93810e+02
1.94241e+02,1.88142e+02,1.56814e+02,1.93824e+02
1.94241e+02,1.88253e+02,1.56880e+02,1.93835e+02
1.94241e+02,1.88354e+02,1.56945e+02,1.93844e+02
1.94241e+02,1.88444e+02,1.57010e+02,1.93850e+02
1.94241e+02,1.88522e+02,1.57074e+02,1.93854e+02
1.94241e+02,1.88595e+02,1.57138e+02,1.93855e+02
1.94241e+02,1.88662e+02,1.57204e+02,1.93854e+02
1.94241e+02,1.88718e+02,1.57269e+02,1.93851e+02
1.94241e+02,1.88761e+02,1.57332e+02,1.93857e+02
1.94241e+02,1.88791e+02,1.57395e+02,1.93871e+02
1.94241e+02,1.88808e+02,1.57458e+02,1.93885e+02
1.94241e+02,1.88818e+02,1.57519e+02,1.93899e+02
1.94241e+02,1.88819e+02,1.57580e+02,1.93914e+02
1.94241e+02,1.88810e+02,1.57641e+02,1.93930e+02
1.94241e+02,1.88790e+02,1.57701e+02,1.93946e+02
1.94241e+02,1.88762e+02,1.57761e+02,1.93961e+02
1.94241e+02,1.88731e+02,1.57820e+02,1.93977e+02
1.94241e+02,1.88700e+02,1.57878e+02,1.93993e+02
1.94241e+02,1.88666e+02,1.57937e+02,1.94008e+02
1.94241e+02,1.88626e+02,1.57996e+02,1.94022e+02
1.94241e+02,1.88596e+02,1.58055e+02,1.94035e+02
1.94241e+02,1.88662e+02,1.58115e+02,1.94050e+02
1.94241e+02,1.88727e+02,1.58184e+02,1.94065e+02
1.94241e+02,1.88791e+02,1.58255e+02,1.94081e+02
1.94241e+02,1.88852e+02,1.58327e+02,1.94096e+02
1.94241e+02,1.88911e+02,1.58398e+02,1.94111e+02
1.94241e+02,1.88972e+02,1.58470e+02,1.94126e+02
1.94241e+02,1.89030e+02,1.58542e+02,1.94143e+02
1.94241e+02,1.89085e+02,1.58611e+02,1.94159e+02
1.94241e+02,1.89139e+02,1.58680e+02,1.94176e+02
1.94241e+02,1.89198e+02,1.58748e+02,1.94193e+02
1.94241e+02,1.89258e+02,1.58818e+02,1.94211e+02
1.94241e+02,1.89325e+02,1.58888e+02,1.94230e+02
1.94241e+02,1.89395e+02,1.58959e+02,1.94252e+02
1.94241e+02,1.89461e+02,1.59029e+02,1.94276e+02
1.94241e+02,1.89524e+02,1.59098e+02,1.94300e+02
1.94241e+02,1.89586e+02,1.59169e+02,1.94325e+02
1.94241e+02,1.89659e+02,1.59239e+02,1.94352e+02
1.94241e+02,1.89733e+02,1.59309e+02,1.94378e+02
1.94241e+02,1.89805e+02,1.59379e+02,1.94404e+02
1.94241e+02,1.89875e+02,1.59448e+02,1.94427e+02
1.94241e+02,1.89943e+02,1.59516e+02,1.94450e+02
1.94241e+02,1.90009e+02,1.59583e+02,1.94471e+02
1.94241e+02,1.90074e+02,1.59649e+02,1.94491e+02
1.94241e+02,1.90107e+02,1.59715e+02,1.94510e+02
1.94241e+02,1.90144e+02,1.59780e+02,1.94527e+02
1.94241e+02,1.90182e+02,1.59845e+02,1.94542e+02
1.94241e+02,1.90220e+02,1.59913e+02,1.94555e+02
1.94241e+02,1.90259e+02,1.59980e+02,1.94565e+02
1.94241e+02,1.90298e+02,1.60049e+02,1.94574e+02
1.94241e+02,1.90336e+02,1.60119e+02,1.94580e+02
1.94241e+02,1.90374e+02,1.60189e+02,1.94583e+02
1.94241e+02,1.90418e+02,1.60261e+02,1.94585e+02
1.94241e+02,1.90460e+02,1.60333e+02,1.94585e+02
1.94241e+02,1.90504e+02,1.60404e+02,1.94583e+02
1.94241e+02,1.90551e+02,1.60474e+02,1.94579e+02
1.94241e+02,1.90570e+02,1.60543e+02,1.94571e+02
1.94241e+02,1.90580e+02,1.60611e+02,1.94562e+02
1.94241e+02,1.90581e+02,1.60678e+02,1.94549e+02
1.94241e+02,1.90585e+02,1.60746e+02,1.94535e+02
1.94241e+02,1.90589e+02,1.60812e+02,1.94517e+02
1.94241e+02,1.90593e+02,1.60877e+02,1.94499e+02
1.94241e+02,1.90594e+02,1.60941e+02,1.94479e+02
1.94241e+02,1.90591e+02,1.61005e+02,1.94456e+02
1.94241e+02,1.90582e+02,1.61067e+02,1.94431e+02
1.94241e+02,1.90567e+02,1.61129e+02,1.94403e+02
1.94241e+02,1.90545e+02,1.61189e+02,1.94375e+02
1.94241e+02,1.90523e+02,1.61249e+02,1.94345e+02
1.94241e+02,1.90498e+02,1.61309e+02,1.94314e+02
1.94241e+02,1.90474e+02,1.61367e+02,1.94281e+02
1.94241e+02,1.90451e+02,1.61425e+02,1.94249e+02
1.94241e+02,1.90429e+02,1.61482e+02,1.94215e+02
1.94241e+02,1.90402e+02,1.61539e+02,1.94180e+02
1.94241e+02,1.90370e+02,1.61598e+02,1.94145e+02
1.94241e+02,1.90339e+02,1.61657e+02,1.94111e+02
1.94241e+02,1.90304e+02,1.61715e+02,1.94076e+02
1.94241e+02,1.90266e+02,1.61772e+02,1.94041e+02
1.94241e+02,1.90225e+02,1.61829e+02,1.94007e+02
1.94241e+02,1.90187e+02,1.61884e+02,1.93974e+02
1.94241e+02,1.90146e+02,1.61939e+02,1.93943e+02
1.94241e+02,1.90108e+02,1.61994e+02,1.93913e+02
1.94241e+02,1.90069e+02,1.62047e+02,1.93886e+02
1.94241e+02,1.90026e+02,1.62100e+02,1.93861e+02
1.94241e+02,1.89982e+02,1.62152e+02,1.93838e+02
1.94241e+02,1.89942e+02,1.62204e+02,1.93818e+02
1.94241e+02,1.89903e+02,1.62255e+02,1.93800e+02
1.94241e+02,1.89867e+02,1.62306e+02,1.93783e+02
1.94241e+02,1.89828e+02,1.62357e+02,1.93769e+02
1.94241e+02,1.89787e+02,1.62410e+02,1.93757e+02
1.94241e+02,1.89745e+02,1.62464e+02,1.93746e+02
1.94241e+02,1.89763e+02,1.62517e+02,1.93737e+02
1.94241e+02,1.89784e+02,1.62570e+02,1.93730e+02
1.94241e+02,1.89808e+02,1.62622e+02,1.93724e+02
1.94241e+02,1.89831e+02,1.62675e+02,1.93721e+02
1.94241e+02,1.89854e+02,1.62727e+02,1.93719e+02
1.94241e+02,1.89877e+02,1.62779e+02,1.93720e+02
1.94241e+02,1.89900e+02,1.62830e+02,1.93721e+02
1.94241e+02,1.89924e+02,1.62882e+02,1.93724e+02
1.94241e+02,1.89947e+02,1.62934e+02,1.93728e+02
1.94241e+02,1.89969e+02,1.62986e+02,1.93733e+02
1.94241e+02,1.89990e+02,1.63038e+02,1.93740e+02
1.94241e+02,1.90011e+02,1.63089e+02,1.93747e+02
1.94241e+02,1.90030e+02,1.63140e+02,1.93757e+02
1.94241e+02,1.90049e+02,1.63191e+02,1.93767e+02
1.94241e+02,1.90065e+02,1.63241e+02,1.93780e+02
1.94241e+02,1.90078e+02,1.63290e+02,1.93793e+02
1.94241e+02,1.90089e+02,1.63339e+02,1.93807e+02
1.94241e+02,1.90097e+02,1.63387e+02,1.93821e+02
1.94241e+02,1.90102e+02,1.63435e+02,1.93836e+02
1.94241e+02,1.90108e+02,1.63482e+02,1.93851e+02
1.94241e+02,1.90113e+02,1.63528e+02,1.93866e+02
1.94241e+02,1.90116e+02,1.63573e+02,1.93882e+02
1.94241e+02,1.90116e+02,1.63618e+02,1.93898e+02
1.94241e+02,1.90114e+02,1.63665e+02,1.93915e+02
1.94241e+02,1.90111e+02,1.63712e+02,1.93931e+02
1.94241e+02,1.90105e+02,1.63758e+02,1.93947e+02
1.94241e+02,1.90097e+02,1.63803e+02,1.93963e+02
1.94241e+02,1.90089e+02,1.63849e+02,1.93979e+02
1.94241e+02,1.90078e+02,1.63895e+02,1.93994e+02
1.94241e+02,1.90067e+02,1.63944e+02,1.94010e+02
1.94241e+02,1.90051e+02,1.63996e+02,1.94026e+02
1.94241e+02,1.90032e+02,1.64047e+02,1.94042e+02
1.94241e+02,1.90008e+02,1.64098e+02,1.94058e+02
1.94241e+02,1.89982e+02,1.64149e+02,1.94073e+02
1.94241e+02,1.89953e+02,1.64202e+02,1.94088e+02
1.94241e+02,1.89922e+02,1.64254e+02,1.94102e+02
1.94241e+02,1.89931e+02,1.64306e+02,1.94115e+02
1.94241e+02,1.89958e+02,1.64357e+02,1.94128e+02
1.94241e+02,1.89985e+02,1.64407e+02,1.94141e+02
1.94241e+02,1.90009e+02,1.64457e+02,1.94153e+02
1.94241e+02,1.90031e+02,1.64507e+02,1.94164e+02
1.94241e+02,1.90051e+02,1.64556e+02,1.94175e+02
1.94241e+02,1.90070e+02,1.64605e+02,1.94186e+02
1.94241e+02,1.90089e+02,1.64655e+02,1.94196e+02
1.94241e+02,1.90110e+02,1.64705e+02,1.94204e+02
1.94241e+02,1.90130e+02,1.64756e+02,1.94212e+02
1.94241e+02,1.90152e+02,1.64806e+02,1.94220e+02
1.94241e+02,1.90174e+02,1.64857e+02,1.94228e+02
1.94241e+02,1.90197e+02,1.64908e+02,1.94235e+02
1.94241e+02,1.90218e+02,1.64958e+02,1.94243e+02
1.94241e+02,1.90239e+02,1.65007e+02,1.94250e+02
1.94241e+02,1.90262e+02,1.65056e+02,1.94257e+02
1.94241e+02,1.90286e+02,1.65107e+02,1.94263e+02
1.94241e+02,1.90310e+02,1.65158e+02,1.94271e+02
1.94241e+02,1.90334e+02,1.65212e+02,1.94277e+02
1.94241e+02,1.90357e+02,1.65267e+02,1.94283e+02
1.94241e+02,1.90380e+02,1.65321e+02,1.94288e+02
1.94241e+02,1.90402e+02,1.65375e+02,1.94292e+02
1.94241e+02,1.90422e+02,1.65428e+02,1.94296e+02
1.94241e+02,1.90442e+02,1.65480e+02,1.94299e+02
1.94241e+02,1.90461e+02,1.65531e+02,1.94301e+02
1.94241e+02,1.90478e+02,1.65581e+02,1.94303e+02
1.94241e+02,1.90496e+02,1.65631e+02,1.94305e+02
1.94241e+02,1.90515e+02,1.65682e+02,1.94307e+02
1.94241e+02,1.90535e+02,1.65735e+02,1.94308e+02
1.94241e+02,1.90561e+02,1.65787e+02,1.94310e+02
1.94241e+02,1.90592e+02,1.65839e+02,1.94311e+02
1.94241e+02,1.90621e+02,1.65890e+02,1.94313e+02
1.94241e+02,1.90649e+02,1.65941e+02,1.94315e+02
1.94241e+02,1.90677e+02,1.65994e+02,1.94318e+02
1.94241e+02,1.90703e+02,1.66046e+02,1.94322e+02
1.94241e+02,1.90726e+02,1.66097e+02,1.94325e+02
1.94241e+02,1.90746e+02,1.66148e+02,1.94328e+02
1.94241e+02,1.90762e+02,1.66198e+02,1.94332e+02
1.94241e+02,1.90773e+02,1.66247e+02,1.94336e+02
1.94241e+02,1.90778e+02,1.66296e+02,1.94339e+02
1.94241e+02,1.90777e+02,1.66345e+02,1.94342e+02
1.94241e+02,1.90771e+02,1.66393e+02,1.94344e+02
1.94241e+02,1.90760e+02,1.66440e+02,1.94346e+02
1.94241e+02,1.90746e+02,1.66487e+02,1.94346e+02
1.94241e+02,1.90728e+02,1.66533e+02,1.94345e+02
1.94241e+02,1.90706e+02,1.66580e+02,1.94343e+02
1.94241e+02,1.90686e+02,1.66627e+02,1.94340e+02
1.94241e+02,1.90660e+02,1.66673e+02,1.94336e+02
1.94241e+02,1.90633e+02,1.66718e+02,1.94331e+02
1.94241e+02,1.90604e+02,1.66765e+02,1.94324e+02
1.94241e+02,1.90572e+02,1.66813e+02,1.94316e+02
1.94241e+02,1.90539e+02,1.66860e+02,1.94308e+02
1.94241e+02,1.90503e+02,1.66906e+02,1.94299e+02
1.94241e+02,1.90464e+02,1.66953e+02,1.94290e+02
1.94241e+02,1.90422e+02,1.66998e+02,1.94280e+02
1.94241e+02,1.90376e+02,1.67046e+02,1.94268e+02
1.94241e+02,1.90328e+02,1.67094e+02,1.94255e+02
1.94241e+02,1.90277e+02,1.67142e+02,1.94241e+02
1.94241e+02,1.90233e+02,1.67189e+02,1.94226e+02
1.94241e+02,1.90205e+02,1.67236e+02,1.94210e+02
1.94241e+02,1.90173e+02,1.67284e+02,1.94194e+02
1.94241e+02,1.90139e+02,1.67331e+02,1.94177e+02
1.94241e+02,1.90105e+02,1.67377e+02,1.94160e+02
1.94241e+02,1.90069e+02,1.67424e+02,1.94142e+02
1.94241e+02,1.90031e+02,1.67471e+02,1.94124e+02
1.94241e+02,1.89996e+02,1.67520e+02,1.94108e+02
1.94241e+02,1.89962e+02,1.67569e+02,1.94092e+02
1.94241e+02,1.89930e+02,1.67619e+02,1.94076e+02
1.94241e+02,1.89902e+02,1.67669e+02,1.94061e+02
1.94241e+02,1.89878e+02,1.67722e+02,1.94046e+02
1.94241e+02,1.89860e+02,1.67775e+02,1.94032e+02
1.94241e+02,1.89892e+02,1.67828e+02,1.94019e+02
1.94241e+02,1.89941e+02,1.67880e+02,1.94006e+02
1.94241e+02,1.89989e+02,1.67931e+02,1.93993e+02
1.94241e+02,1.90040e+02,1.67982e+02,1.93982e+02
1.94241e+02,1.90087e+02,1.68032e+02,1.93971e+02
1.94241e+02,1.90132e+02,1.68081e+02,1.93962e+02
1.94241e+02,1.90173e+02,1.68131e+02,1.93955e+02
1.94241e+02,1.90211e+02,1.68180e+02,1.93949e+02
1.94241e+02,1.90247e+02,1.68228e+02,1.93944e+02
1.94241e+02,1.90283e+02,1.68277e+02,1.93940e+02
1.94241e+02,1.90316e+02,1.68327e+02,1.93937e+02
1.94241e+02,1.90345e+02,1.68377e+02,1.93935e+02
1.94241e+02,1.90375e+02,1.68427e+02,1.93934e+02
1.94241e+02,1.90400e+02,1.68476e+02,1.93935e+02
1.94241e+02,1.90427e+02,1.68525e+02,1.93936e+02
1.94241e+02,1.90453e+02,1.68574e+02,1.93939e+02
1.94241e+02,1.90476e+02,1.68624e+02,1.93942e+02
1.94241e+02,1.90498e+02,1.68673e+02,1.93946e+02
1.94241e+02,1.90520e+02,1.68721e+02,1.93951e+02
1.94241e+02,1.90544e+02,1.68768e+02,1.93957e+02
1.94241e+02,1.90567e+02,1.68816e+02,1.93963e+02
1.94241e+02,1.90594e+02,1.68864e+02,1.93970e+02
1.94241e+02,1.90642e+02,1.68911e+02,1.93978e+02
1.94241e+02,1.90701e+02,1.68958e+02,1.93986e+02
1.94241e+02,1.90765e+02,1.69006e+02,1.93995e+02
1.94241e+02,1.90829e+02,1.69053e+02,1.94003e+02
1.94241e+02,1.90890e+02,1.69099e+02,1.94012e+02
1.94241e+02,1.90947e+02,1.69145e+02,1.94020e+02
1.94241e+02,1.90999e+02,1.69191e+02,1.94029e+02
1.94241e+02,1.91046e+02,1.69236e+02,1.94037e+02
1.94241e+02,1.91090e+02,1.69280e+02,1.94045e+02
1.94241e+02,1.91128e+02,1.69324e+02,1.94052e+02
1.94241e+02,1.91162e+02,1.69366e+02,1.94058e+02
1.94241e+02,1.91191e+02,1.69409e+02,1.94064e+02
1.94241e+02,1.91218e+02,1.69451e+02,1.94069e+02
1.94241e+02,1.91240e+02,1.69495e+02,1.94073e+02
1.94241e+02,1.91258e+02,1.69538e+02,1.94076e+02
1.94241e+02,1.91274e+02,1.69581e+02,1.94078e+02
1.94241e+02,1.91285e+02,1.69625e+02,1.94080e+02
1.94241e+02,1.91296e+02,1.69669e+02,1.94082e+02
1.94241e+02,1.91302e+02,1.69712e+02,1.94084e+02
1.94241e+02,1.91305e+02,1.69755e+02,1.94087e+02
1.94241e+02,1.91304e+02,1.69797e+02,1.94089e+02
1.94241e+02,1.91301e+02,1.69839e+02,1.94091e+02
1.94241e+02,1.91295e+02,1.69880e+02,1.94092e+02
1.94241e+02,1.91286e+02,1.69921e+02,1.94093e+02
1.94241e+02,1.91275e+02,1.69961e+02,1.94094e+02
1.94241e+02,1.91261e+02,1.70000e+02,1.94095e+02
1.94241e+02,1.91245e+02,1.70039e+02,1.94095e+02
1.94241e+02,1.91227e+02,1.70077e+02,1.94095e+02
1.94241e+02,1.91206e+02,1.70114e+02,1.94095e+02
1.94241e+02,1.91185e+02,1.70151e+02,1.94094e+02
1.94241e+02,1.91164e+02,1.70188e+02,1.94092e+02
1.94241e+02,1.91146e+02,1.70224e+02,1.94091e+02
1.94241e+02,1.91131e+02,1.70259e+02,1.94089e+02
1.94241e+02,1.91124e+02,1.70294e+02,1.94088e+02
1.94241e+02,1.91118e+02,1.70328e+02,1.94087e+02
1.94241e+02,1.91112e+02,1.70362e+02,1.94087e+02
1.94241e+02,1.91108e+02,1.70395e+02,1.94088e+02
1.94241e+02,1.91104e+02,1.70427e+02,1.94089e+02
1.94241e+02,1.91100e+02,1.70459e+02,1.94090e+02
1.94241e+02,1.91098e+02,1.70491e+02,1.94093e+02
1.94241e+02,1.91097e+02,1.70522e+02,1.94097e+02
1.94241e+02,1.91102e+02,1.70553e+02,1.94100e+02
1.94241e+02,1.91112e+02,1.70583e+02,1.94104e+02
1.94241e+02,1.91124e+02,1.70615e+02,1.94108e+02
1.94241e+02,1.91138e+02,1.70646e+02,1.94113e+02
1.94241e+02,1.91153e+02,1.70676e+02,1.94119e+02
1.94241e+02,1.91170e+02,1.70707e+02,1.94125e+02
1.94241e+02,1.91191e+02,1.70738e+02,1.94132e+02
1.94241e+02,1.91214e+02,1.70768e+02,1.94140e+02
1.94241e+02,1.91237e+02,1.70797e+02,1.94148e+02
1.94241e+02,1.91262e+02,1.70827e+02,1.94156e+02
1.94241e+02,1.91289e+02,1.70855e+02,1.94164e+02
1.94241e+02,1.91318e+02,1.70884e+02,1.94171e+02
1.94241e+02,1.91346e+02,1.70912e+02,1.94179e+02
1.94241e+02,1.91373e+02,1.70942e+02,1.94186e+02
1.94241e+02,1.91398e+02,1.70972e+02,1.94193e+02
1.94241e+02,1.91421e+02,1.71001e+02,1.94200e+02
1.94241e+02,1.91442e+02,1.71031e+02,1.94207e+02
1.94241e+02,1.91460e+02,1.71061e+02,1.94214e+02
1.94241e+02,1.91495e+02,1.71091e+02,1.94221e+02
1.94241e+02,1.91527e+02,1.71123e+02,1.94227e+02
1.94241e+02,1.91554e+02,1.71156e+02,1.94234e+02
1.94241e+02,1.91577e+02,1.71189e+02,1.94240e+02
1.94241e+02,1.91594e+02,1.71221e+02,1.94246e+02
1.94241e+02,1.91608e+02,1.71253e+02,1.94252e+02
1.94241e+02,1.91618e+02,1.71285e+02,1.94257e+02
1.94241e+02,1.91625e+02,1.71316e+02,1.94261e+02
1.94241e+02,1.91625e+02,1.71347e+02,1.94265e+02
1.94241e+02,1.91622e+02,1.71377e+02,1.94268e+02
1.94241e+02,1.91615e+02,1.71407e+02,1.94271e+02
1.94241e+02,1.91603e+02,1.71437e+02,1.94273e+02
1.94241e+02,1.91585e+02,1.71468e+02,1.94273e+02
1.94241e+02,1.91563e+02,1.71498e+02,1.94273e+02
1.94241e+02,1.91535e+02,1.71530e+02,1.94273e+02
1.94241e+02,1.91502e+02,1.71561e+02,1.94273e+02
1.94241e+02,1.91465e+02,1.71592e+02,1.94273e+02
1.94241e+02,1.91424e+02,1.71623e+02,1.94273e+02
1.94241e+02,1.91377e+02,1.71653e+02,1.94272e+02
1.94241e+02,1.91326e+02,1.71684e+02,1.94271e+02
1.94241e+02,1.91272e+02,1.71716e+02,1.94270e+02
1.94241e+02,1.91216e+02,1.71748e+02,1.94268e+02
1.94241e+02,1.91158e+02,1.71780e+02,1.94267e+02
1.94241e+02,1.91099e+02,1.71811e+02,1.94265e+02
1.94241e+02,1.91041e+02,1.71843e+02,1.94263e+02
1.94241e+02,1.91002e+02,1.71876e+02,1.94262e+02
1.94241e+02,1.90982e+02,1.71908e+02,1.94261e+02
1.94241e+02,1.90963e+02,1.71940e+02,1.94260e+02
1.94241e+02,1.90948e+02,1.71973e+02,1.94259e+02
1.94241e+02,1.90936e+02,1.72006e+02,1.94258e+02
1.94241e+02,1.90928e+02,1.72040e+02,1.94257e+02
1.94241e+02,1.90923e+02,1.72075e+02,1.94256e+02
1.94241e+02,1.90923e+02,1.72109e+02,1.94254e+02
1.94241e+02,1.90928e+02,1.72142e+02,1.94253e+02
1.94241e+02,1.90937e+02,1.72175e+02,1.94252e+02
1.94241e+02,1.90948e+02,1.72208e+02,1.94252e+02
1.94241e+02,1.90962e+02,1.72241e+02,1.94251e+02
1.94241e+02,1.90976e+02,1.72274e+02,1.94250e+02
1.94241e+02,1.90991e+02,1.72308e+02,1.94248e+02
1.94241e+02,1.91008e+02,1.72341e+02,1.94247e+02
1.94241e+02,1.91028e+02,1.72374e+02,1.94244e+02
1.94241e+02,1.91048e+02,1.72406e+02,1.94242e+02
1.94241e+02,1.91070e+02,1.72439e+02,1.94239e+02
1.94241e+02,1.91094e+02,1.72471e+02,1.94235e+02
1.94241e+02,1.91120e+02,1.72504e+02,1.94232e+02
1.94241e+02,1.91146e+02,1.72536e+02,1.94227e+02
1.94241e+02,1.91173e+02,1.72568e+02,1.94223e+02
1.94241e+02,1.91200e+02,1.72600e+02,1.94218e+02
1.94241e+02,1.91226e+02,1.72633e+02,1.94213e+02
1.94241e+02,1.91252e+02,1.72665e+02,1.94207e+02
1.94241e+02,1.91279e+02,1.72697e+02,1.94201e+02
1.94241e+02,1.91306e+02,1.72729e+02,1.94195e+02
1.94241e+02,1.91333e+02,1.72760e+02,1.94188e+02
1.94241e+02,1.91358e+02,1.72791e+02,1.94181e+02
1.94241e+02,1.91382e+02,1.72821e+02,1.94174e+02
1.94241e+02,1.91408e+02,1.72853e+02,1.94166e+02
1.94241e+02,1.91431e+02,1.72884e+02,1.94158e+02
1.94241e+02,1.91453e+02,1.72915e+02,1.94150e+02
1.94241e+02,1.91476e+02,1.72946e+02,1.94142e+02
1.94241e+02,1.91498e+02,1.72977e+02,1.94135e+02
1.94241e+02,1.91518e+02,1.73008e+02,1.94127e+02
1.94241e+02,1.91538e+02,1.73040e+02,1.94119e+02
1.94241e+02,1.91556e+02,1.73071e+02,1.94111e+02
1.94241e+02,1.91573e+02,1.73102e+02,1.94103e+02
1.94241e+02,1.91588e+02,1.73133e+02,1.94095e+02
1.94241e+02,1.91602e+02,1.73166e+02,1.94088e+02
1.94241e+02,1.91613e+02,1.73197e+02,1.94081e+02
1.94241e+02,1.91625e+02,1.73229e+02,1.94075e+02
1.94241e+02,1.91637e+02,1.73260e+02,1.94069e+02
1.94241e+02,1.91647e+02,1.73290e+02,1.94063e+02
1.94241e+02,1.91654e+02,1.73320e+02,1.94058e+02
1.94241e+02,1.91660e+02,1.73349e+02,1.94054e+02
1.94241e+02,1.91663e+02,1.73379e+02,1.94049e+02
1.94241e+02,1.91665e+02,1.73409e+02,1.94046e+02
1.94241e+02,1.91666e+02,1.73438e+02,1.94042e+02
1.94241e+02,1.91665e+02,1.73467e+02,1.94040e+02
1.94241e+02,1.91664e+02,1.73497e+02,1.94037e+02
1.94241e+02,1.91663e+02,1.73525e+02,1.94036e+02
1.94241e+02,1.91662e+02,1.73554e+02,1.94035e+02
1.94241e+02,1.91662e+02,1.73583e+02,1.94036e+02
1.94241e+02,1.91662e+02,1.73611e+02,1.94037e+02
1.94241e+02,1.91662e+02,1.73639e+02,1.94039e+02
1.94241e+02,1.91661e+02,1.73667e+02,1.94042e+02
1.94241e+02,1.91660e+02,1.73694e+02,1.94045e+02
1.94241e+02,1.91658e+02,1.73721e+02,1.94050e+02
1.94241e+02,1.91656e+02,1.73747e+02,1.94055e+02
1.94241e+02,1.91654e+02,1.73775e+02,1.94061e+02
1.94241e+02,1.91651e+02,1.73801e+02,1.94068e+02
1.94241e+02,1.91649e+02,1.73828e+02,1.94075e+02
1.94241e+02,1.91648e+02,1.73854e+02,1.94081e+02
1.94241e+02,1.91646e+02,1.73880e+02,1.94088e+02
1.94241e+02,1.91647e+02,1.73906e+02,1.94095e+02
1.94241e+02,1.91650e+02,1.73933e+02,1.94101e+02
1.94241e+02,1.91653e+02,1.73960e+02,1.94107e+02
1.94241e+02,1.91657e+02,1.73987e+02,1.94113e+02
1.94241e+02,1.91661e+02,1.74013e+02,1.94119e+02
1.94241e+02,1.91664e+02,1.74040e+02,1.94124e+02
1.94241e+02,1.91667e+02,1.74067e+02,1.94130e+02
1.94241e+02,1.91669e+02,1.74093e+02,1.94135e+02
1.94241e+02,1.91670e+02,1.74119e+02,1.94140e+02
1.94241e+02,1.91672e+02,1.74144e+02,1.94144e+02
1.94241e+02,1.91675e+02,1.74169e+02,1.94148e+02
1.94241e+02,1.91677e+02,1.74194e+02,1.94152e+02
1.94241e+02,1.91680e+02,1.74219e+02,1.94155e+02
1.94241e+02,1.91682e+02,1.74243e+02,1.94158e+02
1.94241e+02,1.91683e+02,1.74267e+02,1.94162e+02
1.94241e+02,1.91683e+02,1.74292e+02,1.94164e+02
1.94241e+02,1.91682e+02,1.74316e+02,1.94167e+02
1.94241e+02,1.91682e+02,1.74340e+02,1.94169e+02
1.94241e+02,1.91680e+02,1.74363e+02,1.94171e+02
1.94241e+02,1.91678e+02,1.74386e+02,1.94172e+02
1.94241e+02,1.91677e+02,1.74409e+02,1.94173e+02
1.94241e+02,1.91675e+02,1.74432e+02,1.94173e+02
1.94241e+02,1.91673e+02,1.74455e+02,1.94173e+02
1.94241e+02,1.91672e+02,1.74478e+02,1.94174e+02
1.94241e+02,1.91669e+02,1.74500e+02,1.94174e+02
1.94241e+02,1.91669e+02,1.74522e+02,1.94175e+02
1.94241e+02,1.91668e+02,1.74543e+02,1.94175e+02
1.94241e+02,1.91668e+02,1.74565e+02,1.94175e+02
1.94241e+02,1.91667e+02,1.74588e+02,1.94175e+02
1.94241e+02,1.91666e+02,1.74612e+02,1.94175e+02
1.94241e+02,1.91664e+02,1.74635e+02,1.94175e+02
1.94241e+02,1.91663e+02,1.74658e+02,1.94175e+02
1.94241e+02,1.91661e+02,1.74682e+02,1.94174e+02
1.94241e+02,1.91657e+02,1.74705e+02,1.94174e+02
1.94241e+02,1.91652e+02,1.74728e+02,1.94174e+02
1.94241e+02,1.91646e+02,1.74751e+02,1.94174e+02
1.94241e+02,1.91639e+02,1.74774e+02,1.94174e+02
1.94241e+02,1.91631e+02,1.74797e+02,1.94175e+02
1.94241e+02,1.91624e+02,1.74820e+02,1.94175e+02
1.94241e+02,1.91617e+02,1.74843e+02,1.94176e+02
1.94241e+02,1.91610e+02,1.74866e+02,1.94177e+02
1.94241e+02,1.91603e+02,1.74888e+02,1.94178e+02
1.94241e+02,1.91598e+02,1.74911e+02,1.94180e+02
1.94241e+02,1.91592e+02,1.74933e+02,1.94181e+02
1.94241e+02,1.91585e+02,1.74956e+02,1.94182e+02
1.94241e+02,1.91578e+02,1.74979e+02,1.94184e+02
1.94241e+02,1.91573e+02,1.75002e+02,1.94186e+02
1.94241e+02,1.91570e+02,1.75024e+02,1.94189e+02
1.94241e+02,1.91567e+02,1.75046e+02,1.94193e+02
1.94241e+02,1.91566e+02,1.75068e+02,1.94196e+02
1.94241e+02,1.91565e+02,1.75089e+02,1.94200e+02
1.94241e+02,1.91564e+02,1.75110e+02,1.94204e+02
1.94241e+02,1.91562e+02,1.75131e+02,1.94208e+02
1.94241e+02,1.91559e+02,1.75151e+02,1.94212e+02
1.94241e+02,1.91556e+02,1.75171e+02,1.94217e+02
1.94241e+02,1.91553e+02,1.75193e+02,1.94221e+02
1.94241e+02,1.91551e+02,1.75216e+02,1.94225e+02
1.94241e+02,1.91550e+02,1.75240e+02,1.94229e+02
1.94241e+02,1.91550e+02,1.75263e+02,1.94234e+02
1.94241e+02,1.91550e+02,1.75286e+02,1.94238e+02
1.94241e+02,1.91550e+02,1.75309e+02,1.94243e+02
1.94241e+02,1.91551e+02,1.75331e+02,1.94249e+02
1.94241e+02,1.91553e+02,1.75353e+02,1.94255e+02
1.94241e+02,1.91555e+02,1.75374e+02,1.94262e+02
1.94241e+02,1.91556e+02,1.75396e+02,1.94270e+02
1.94241e+02,1.91557e+02,1.75418e+02,1.94277e+02
1.94241e+02,1.91558e+02,1.75440e+02,1.94285e+02
1.94241e+02,1.91559e+02,1.75461e+02,1.94293e+02
1.94241e+02,1.91561e+02,1.75482e+02,1.94300e+02
1.94241e+02,1.91564e+02,1.75503e+02,1.94307e+02
1.94241e+02,1.91567e+02,1.75523e+02,1.94315e+02
1.94241e+02,1.91570e+02,1.75544e+02,1.94322e+02
1.94241e+02,1.91572e+02,1.75565e+02,1.94329e+02
1.94241e+02,1.91574e+02,1.75586e+02,1.94335e+02
1.94241e+02,1.91578e+02,1.75607e+02,1.94341e+02
1.94241e+02,1.91581e+02,1.75628e+02,1.94347e+02
1.94241e+02,1.91586e+02,1.75649e+02,1.94352e+02
1.94241e+02,1.91591e+02,1.75670e+02,1.94356e+02
1.94241e+02,1.91596e+02,1.75690e+02,1.94360e+02
1.94241e+02,1.91602e+02,1.75712e+02,1.94363e+02
1.94241e+02,1.91608e+02,1.75732e+02,1.94365e+02
1.94241e+02,1.91615e+02,1.75754e+02,1.94366e+02
1.94241e+02,1.91622e+02,1.75775e+02,1.94366e+02
1.94241e+02,1.91628e+02,1.75797e+02,1.94365e+02
1.94241e+02,1.91635e+02,1.75819e+02,1.94364e+02
1.94241e+02,1.91642e+02,1.75841e+02,1.94362e+02
1.94241e+02,1.91649e+02,1.75863e+02,1.94359e+02
1.94241e+02,1.91657e+02,1.75885e+02,1.94355e+02
1.94241e+02,1.91665e+02,1.75907e+02,1.94350e+02
1.94241e+02,1.91672e+02,1.75929e+02,1.94345e+02
1.94241e+02,1.91680e+02,1.75950e+02,1.94339e+02
1.94241e+02,1.91688e+02,1.75971e+02,1.94332e+02
1.94241e+02,1.91696e+02,1.75992e+02,1.94325e+02
1.94241e+02,1.91705e+02,1.76015e+02,1.94316e+02
1.94241e+02,1.91714e+02,1.76037e+02,1.94307e+02
1.94241e+02,1.91724e+02,1.76059e+02,1.94298e+02
1.94241e+02,1.91734e+02,1.76080e+02,1.94288e+02
1.94241e+02,1.91746e+02,1.76101e+02,1.94278e+02
1.94241e+02,1.91758e+02,1.76122e+02,1.94267e+02
1.94241e+02,1.91771e+02,1.76142e+02,1.94257e+02
1.94241e+02,1.91785e+02,1.76163e+02,1.94246e+02
1.94241e+02,1.91801e+02,1.76183e+02,1.94234e+02
1.94241e+02,1.91817e+02,1.76203e+02,1.94222e+02
1.94241e+02,1.91832e+02,1.76223e+02,1.94211e+02
1.94241e+02,1.91848e+02,1.76242e+02,1.94199e+02
1.94241e+02,1.91863e+02,1.76262e+02,1.94187e+02
1.94241e+02,1.91880e+02,1.76281e+02,1.94175e+02
1.94241e+02,1.91896e+02,1.76300e+02,1.94162e+02
1.94241e+02,1.91913e+02,1.76319e+02,1.94150e+02
1.94241e+02,1.91931e+02,1.76339e+02,1.94138e+02
1.94241e+02,1.91949e+02,1.76358e+02,1.94126e+02
1.94241e+02,1.91966e+02,1.76377e+02,1.94115e+02
1.94241e+02,1.91982e+02,1.76395e+02,1.94103e+02
1.94241e+02,1.91997e+02,1.76414e+02,1.94092e+02
1.94241e+02,1.92012e+02,1.76432e+02,1.94082e+02
1.94241e+02,1.92026e+02,1.76450e+02,1.94072e+02
1.94241e+02,1.92038e+02,1.76469e+02,1.94063e+02
1.94241e+02,1.92049e+02,1.76487e+02,1.94054e+02
1.94241e+02,1.92059e+02,1.76506e+02,1.94046e+02
1.94241e+02,1.92067e+02,1.76526e+02,1.94038e+02
1.94241e+02,1.92075e+02,1.76545e+02,1.94031e+02
1.94241e+02,1.92083e+02,1.76564e+02,1.94025e+02
1.94241e+02,1.92092e+02,1.76582e+02,1.94019e+02
1.94241e+02,1.92103e+02,1.76600e+02,1.94015e+02
1.94241e+02,1.92115e+02,1.76618e+02,1.94010e+02
1.94241e+02,1.92128e+02,1.76636e+02,1.94007e+02
1.94241e+02,1.92141e+02,1.76653e+02,1.94005e+02
1.94241e+02,1.92154e+02,1.76670e+02,1.94003e+02
1.94241e+02,1.92171e+02,1.76687e+02,1.94002e+02
1.94241e+02,1.92187e+02,1.76704e+02,1.94002e+02
1.94241e+02,1.92203e+02,1.76721e+02,1.94003e+02
1.94241e+02,1.92219e+02,1.76738e+02,1.94005e+02
1.94241e+02,1.92233e+02,1.76756e+02,1.94007e+02
1.94241e+02,1.92248e+02,1.76773e+02,1.94010e+02
1.94241e+02,1.92262e+02,1.76791e+02,1.94014e+02
1.94241e+02,1.92275e+02,1.76809e+02,1.94018e+02
1.94241e+02,1.92288e+02,1.76828e+02,1.94022e+02
1.94241e+02,1.92302e+02,1.76845e+02,1.94028e+02
1.94241e+02,1.92315e+02,1.76863e+02,1.94034e+02
1.94241e+02,1.92328e+02,1.76880e+02,1.94041e+02
1.94241e+02,1.92340e+02,1.76897e+02,1.94049e+02
1.94241e+02,1.92350e+02,1.76915e+02,1.94057e+02
1.94241e+02,1.92358e+02,1.76932e+02,1.94066e+02
1.94241e+02,1.92365e+02,1.76949e+02,1.94074e+02
1.94241e+02,1.92370e+02,1.76965e+02,1.94084e+02
1.94241e+02,1.92372e+02,1.76981e+02,1.94094e+02
1.94241e+02,1.92374e+02,1.76997e+02,1.94104e+02
1.94241e+02,1.92374e+02,1.77013e+02,1.94114e+02
1.94241e+02,1.92372e+02,1.77029e+02,1.94124e+02
1.94241e+02,1.92368e+02,1.77045e+02,1.94135e+02
1.94241e+02,1.92364e+02,1.77061e+02,1.94145e+02
1.94241e+02,1.92359e+02,1.77077e+02,1.94156e+02
1.94241e+02,1.92352e+02,1.77094e+02,1.94167e+02
1.94241e+02,1.92343e+02,1.77110e+02,1.94178e+02
1.94241e+02,1.92333e+02,1.77126e+02,1.94189e+02
1.94241e+02,1.92322e+02,1.77142e+02,1.94200e+02
1.94241e+02,1.92310e+02,1.77158e+02,1.94211e+02
1.94241e+02,1.92297e+02,1.77173e+02,1.94222e+02
1.94241e+02,1.92284e+02,1.77189e+02,1.94232e+02
1.94241e+02,1.92271e+02,1.77205e+02,1.94243e+02
1.94241e+02,1.92258e+02,1.77221e+02,1.94253e+02
1.94241e+02,1.92244e+02,1.77237e+02,1.94262e+02
1.94241e+02,1.92230e+02,1.77252e+02,1.94272e+02
1.94241e+02,1.92216e+02,1.77268e+02,1.94281e+02
1.94241e+02,1.92202e+02,1.77284e+02,1.94290e+02
1.94241e+02,1.92188e+02,1.77300e+02,1.94298e+02
1.94241e+02,1.92177e+02,1.77316e+02,1.94307e+02
1.94241e+02,1.92166e+02,1.77332e+02,1.94314e+02
1.94241e+02,1.92156e+02,1.77347e+02,1.94322e+02
1.94241e+02,1.92146e+02,1.77362e+02,1.94328e+02
1.94241e+02,1.92135e+02,1.77377e+02,1.94335e+02
1.94241e+02,1.92124e+02,1.77393e+02,1.94341e+02
1.94241e+02,1.92114e+02,1.77408e+02,1.94346e+02
1.94241e+02,1.92103e+02,1.77425e+02,1.94350e+02
1.94241e+02,1.92093e+02,1.77443e+02,1.94354e+02
1.94241e+02,1.92084e+02,1.77460e+02,1.94357e+02
1.94241e+02,1.92075e+02,1.77478e+02,1.94360e+02
1.94241e+02,1.92065e+02,1.77496e+02,1.94362e+02
1.94241e+02,1.92056e+02,1.77514e+02,1.94363e+02
1.94241e+02,1.92047e+02,1.77532e+02,1.94363e+02
1.94241e+02,1.92040e+02,1.77550e+02,1.94363e+02
1.94241e+02,1.92032e+02,1.77567e+02,1.94363e+02
1.94241e+02,1.92028e+02,1.77585e+02,1.94362e+02
1.94241e+02,1.92024e+02,1.77602e+02,1.94360e+02
1.94241e+02,1.92020e+02,1.77618e+02,1.94358e+02
1.94241e+02,1.92017e+02,1.77635e+02,1.94355e+02
1.94241e+02,1.92014e+02,1.77653e+02,1.94352e+02
1.94241e+02,1.92012e+02,1.77671e+02,1.94349e+02
1.94241e+02,1.92010e+02,1.77690e+02,1.94346e+02
1.94241e+02,1.92008e+02,1.77709e+02,1.94343e+02
1.94241e+02,1.92007e+02,1.77727e+02,1.94340e+02
1.94241e+02,1.92008e+02,1.77746e+02,1.94336e+02
1.94241e+02,1.92011e+02,1.77764e+02,1.94331e+02
1.94241e+02,1.92015e+02,1.77782e+02,1.94327e+02
1.94241e+02,1.92020e+02,1.77801e+02,1.94322e+02
1.94241e+02,1.92025e+02,1.77819e+02,1.94317e+02
1.94241e+02,1.92031e+02,1.77838e+02,1.94312e+02
1.94241e+02,1.92037e+02,1.77856e+02,1.94307e+02
1.94241e+02,1.92044e+02,1.77875e+02,1.94301e+02
1.94241e+02,1.92051e+02,1.77894e+02,1.94296e+02
1.94241e+02,1.92059e+02,1.77912e+02,1.94291e+02
1.94241e+02,1.92068e+02,1.77931e+02,1.94285e+02
1.94241e+02,1.92078e+02,1.77949e+02,1.94279e+02
1.94241e+02,1.92088e+02,1.77968e+02,1.94273e+02
1.94241e+02,1.92099e+02,1.77985e+02,1.94267e+02
1.94241e+02,1.92109e+02,1.78003e+02,1.94261e+02
1.94241e+02,1.92121e+02,1.78020e+02,1.94254e+02
1.94241e+02,1.92132e+02,1.78038e+02,1.94248e+02
1.94241e+02,1.92145e+02,1.78055e+02,1.94242e+02
1.94241e+02,1.92159e+02,1.78073e+02,1.94235e+02
1.94241e+02,1.92173e+02,1.78092e+02,1.94228e+02
1.94241e+02,1.92187e+02,1.78111e+02,1.94222e+02
1.94241e+02,1.92201e+02,1.78131e+02,1.94216e+02
1.94241e+02,1.92215e+02,1.78152e+02,1.94210e+02
1.94241e+02,1.92228e+02,1.78175e+02,1.94204e+02
1.94241e+02,1.92240e+02,1.78199e+02,1.94199e+02
1.94241e+02,1.92251e+02,1.78222e+02,1.94193e+02
1.94241e+02,1.92260e+02,1.78244e+02,1.94188e+02
1.94241e+02,1.92269e+02,1.78267e+02,1.94182e+02
1.94241e+02,1.92276e+02,1.78290e+02,1.94177e+02
1.94241e+02,1.92283e+02,1.78314e+02,1.94172e+02
1.94241e+02,1.92288e+02,1.78339e+02,1.94167e+02
1.94241e+02,1.92291e+02,1.78364e+02,1.94163e+02
1.94241e+02,1.92294e+02,1.78388e+02,1.94158e+02
1.94241e+02,1.92297e+02,1.78412e+02,1.94153e+02
1.94241e+02,1.92298e+02,1.78436e+02,1.94149e+02
1.94241e+02,1.92299e+02,1.78460e+02,1.94145e+02
1.94241e+02,1.92299e+02,1.78483e+02,1.94141e+02
1.94241e+02,1.92298e+02,1.78506e+02,1.94137e+02
1.94241e+02,1.92295e+02,1.78529e+02,1.94133e+02
1.94241e+02,1.92292e+02,1.78552e+02,1.94130e+02
1.94241e+02,1.92289e+02,1.78574e+02,1.94127e+02
1.94241e+02,1.92285e+02,1.78596e+02,1.94124e+02
1.94241e+02,1.92281e+02,1.78620e+02,1.94121e+02
1.94241e+02,1.92277e+02,1.78643e+02,1.94118e+02
1.94241e+02,1.92273e+02,1.78666e+02,1.94116e+02
1.94241e+02,1.92268e+02,1.78689e+02,1.94114e+02
1.94241e+02,1.92264e+02,1.78711e+02,1.94112e+02
1.94241e+02,1.92261e+02,1.78733e+02,1.94110e+02
1.94241e+02,1.92258e+02,1.78755e+02,1.94109e+02
1.94241e+02,1.92255e+02,1.78777e+02,1.94108e+02
1.94241e+02,1.92254e+02,1.78798e+02,1.94107e+02
1.94241e+02,1.92253e+02,1.78820e+02,1.94107e+02
1.94241e+02,1.92254e+02,1.78841e+02,1.94108e+02
1.94241e+02,1.92255e+02,1.78862e+02,1.94108e+02
1.94241e+02,1.92256e+02,1.78883e+02,1.94109e+02
1.94241e+02,1.92259e+02,1.78904e+02,1.94111e+02
1.94241e+02,1.92262e+02,1.78924e+02,1.94113e+02
1.94241e+02,1.92265e+02,1.78944e+02,1.94115e+02
1.94241e+02,1.92268e+02,1.78964e+02,1.94117e+02
1.94241e+02,1.92271e+02,1.78984e+02,1.94120e+02
1.94241e+02,1.92275e+02,1.79004e+02,1.94124e+02
1.94241e+02,1.92278e+02,1.79024e+02,1.94128e+02
1.94241e+02,1.92281e+02,1.79044e+02,1.94132e+02
1.94241e+02,1.92284e+02,1.79063e+02,1.94136e+02
1.94241e+02,1.92285e+02,1.79083e+02,1.94141e+02
1.94241e+02,1.92287e+02,1.79103e+02,1.94146e+02
1.94241e+02,1.92290e+02,1.79124e+02,1.94151e+02
1.94241e+02,1.92294e+02,1.79144e+02,1.94156e+02
1.94241e+02,1.92297e+02,1.79165e+02,1.94162e+02
1.94241e+02,1.92301e+02,1.79187e+02,1.94167e+02
1.94241e+02,1.92303e+02,1.79208e+02,1.94173e+02
1.94241e+02,1.92305e+02,1.79230e+02,1.94180e+02
1.94241e+02,1.92306e+02,1.79251e+02,1.94187e+02
1.94241e+02,1.92307e+02,1.79271e+02,1.94193e+02
1.94241e+02,1.92307e+02,1.79292e+02,1.94200e+02
1.94241e+02,1.92308e+02,1.79312e+02,1.94206e+02
1.94241e+02,1.92308e+02,1.79332e+02,1.94212e+02
1.94241e+02,1.92308e+02,1.79351e+02,1.94218e+02
1.94241e+02,1.92308e+02,1.79371e+02,1.94224e+02
1.94241e+02,1.92309e+02,1.79391e+02,1.94230e+02
1.94241e+02,1.92310e+02,1.79411e+02,1.94236e+02
1.94241e+02,1.92311e+02,1.79430e+02,1.94241e+02
1.94241e+02,1.92311e+02,1.79449e+02,1.94247e+02
1.94241e+02,1.92311e+02,1.79469e+02,1.94252e+02
1.94241e+02,1.92311e+02,1.79488e+02,1.94257e+02
1.94241e+02,1.92311e+02,1.79507e+02,1.94261e+02
1.94241e+02,1.92310e+02,1.79526e+02,1.94266e+02
1.94241e+02,1.92310e+02,1.79545e+02,1.94270e+02
1.94241e+02,1.92310e+02,1.79564e+02,1.94273e+02
1.94241e+02,1.92311e+02,1.79582e+02,1.94276e+02
1.94241e+02,1.92312e+02,1.79601e+02,1.94279e+02
1.94241e+02,1.92314e+02,1.79619e+02,1.94281e+02
1.94241e+02,1.92317e+02,1.79637e+02,1.94283e+02
1.94241e+02,1.92320e+02,1.79656e+02,1.94284e+02
1.94241e+02,1.92324e+02,1.79675e+02,1.94285e+02
1.94241e+02,1.92328e+02,1.79694e+02,1.94285e+02
1.94241e+02,1.92332e+02,1.79712e+02,1.94285e+02
1.94241e+02,1.92338e+02,1.79731e+02,1.94284e+02
1.94241e+02,1.92344e+02,1.79749e+02,1.94284e+02
1.94241e+02,1.92349e+02,1.79767e+02,1.94282e+02
1.94241e+02,1.92355e+02,1.79786e+02,1.94281e+02
1.94241e+02,1.92360e+02,1.79804e+02,1.94279e+02
1.94241e+02,1.92366e+02,1.79821e+02,1.94277e+02
1.94241e+02,1.92372e+02,1.79839e+02,1.94275e+02
1.94241e+02,1.92379e+02,1.79857e+02,1.94273e+02
1.94241e+02,1.92386e+02,1.79874e+02,1.94271e+02
1.94241e+02,1.92393e+02,1.79891e+02,1.94269e+02
1.94241e+02,1.92401e+02,1.79908e+02,1.94266e+02
1.94241e+02,1.92408e+02,1.79925e+02,1.94264e+02
1.94241e+02,1.92415e+02,1.79943e+02,1.94261e+02
1.94241e+02,1.92423e+02,1.79960e+02,1.94259e+02
1.94241e+02,1.92430e+02,1.79977e+02,1.94256e+02
1.94241e+02,1.92436e+02,1.79994e+02,1.94254e+02
1.94241e+02,1.92442e+02,1.80011e+02,1.94251e+02
1.94241e+02,1.92448e+02,1.80029e+02,1.94249e+02
1.94241e+02,1.92454e+02,1.80047e+02,1.94246e+02
1.94241e+02,1.92460e+02,1.80065e+02,1.94244e+02
1.94241e+02,1.92466e+02,1.80082e+02,1.94242e+02
1.94241e+02,1.92473e+02,1.80099e+02,1.94239e+02
1.94241e+02,1.92478e+02,1.80117e+02,1.94237e+02
1.94241e+02,1.92484e+02,1.80134e+02,1.94235e+02
1.94241e+02,1.92489e+02,1.80153e+02,1.94234e+02
1.94241e+02,1.92494e+02,1.80171e+02,1.94233e+02
1.94241e+02,1.92499e+02,1.80190e+02,1.94232e+02
1.94241e+02,1.92504e+02,1.80208e+02,1.94231e+02
1.94241e+02,1.92508e+02,1.80227e+02,1.94231e+02
1.94241e+02,1.92512e+02,1.80246e+02,1.94230e+02
1.94241e+02,1.92515e+02,1.80265e+02,1.94229e+02
1.94241e+02,1.92518e+02,1.80283e+02,1.94229e+02
1.94241e+02,1.92519e+02,1.80302e+02,1.94229e+02
1.94241e+02,1.92521e+02,1.80320e+02,1.94229e+02
1.94241e+02,1.92523e+02,1.80337e+02,1.94229e+02
1.94241e+02,1.92525e+02,1.80355e+02,1.94229e+02
1.94241e+02,1.92527e+02,1.80373e+02,1.94229e+02
1.94241e+02,1.92529e+02,1.80391e+02,1.94229e+02
1.94241e+02,1.92531e+02,1.80408e+02,1.94229e+02
1.94241e+02,1.92532e+02,1.80425e+02,1.94229e+02
1.94241e+02,1.92533e+02,1.80441e+02,1.94229e+02
1.94241e+02,1.92535e+02,1.80458e+02,1.94229e+02
1.94241e+02,1.92536e+02,1.80475e+02,1.94229e+02
1.94241e+02,1.92537e+02,1.80492e+02,1.94229e+02
1.94241e+02,1.92539e+02,1.80509e+02,1.94229e+02
1.94241e+02,1.92541e+02,1.80526e+02,1.94229e+02
1.94241e+02,1.92542e+02,1.80544e+02,1.94229e+02
1.94241e+02,1.92543e+02,1.80561e+02,1.94229e+02
1.94241e+02,1.92544e+02,1.80578e+02,1.94228e+02
1.94241e+02,1.92545e+02,1.80595e+02,1.94228e+02
1.94241e+02,1.92547e+02,1.80612e+02,1.94228e+02
1.94241e+02,1.92548e+02,1.80628e+02,1.94227e+02
1.94241e+02,1.92552e+02,1.80645e+02,1.94227e+02
1.94241e+02,1.92557e+02,1.80662e+02,1.94226e+02
1.94241e+02,1.92562e+02,1.80679e+02,1.94226e+02
1.94241e+02,1.92567e+02,1.80695e+02,1.94225e+02
1.94241e+02,1.92574e+02,1.80711e+02,1.94225e+02
1.94241e+02,1.92583e+02,1.80728e+02,1.94225e+02
1.94241e+02,1.92593e+02,1.80744e+02,1.94225e+02
1.94241e+02,1.92604e+02,1.80760e+02,1.94225e+02
1.94241e+02,1.92616e+02,1.80775e+02,1.94225e+02
1.94241e+02,1.92628e+02,1.80791e+02,1.94225e+02
1.94241e+02,1.92640e+02,1.80807e+02,1.94226e+02
1.94241e+02,1.92651e+02,1.80822e+02,1.94226e+02
1.94241e+02,1.92663e+02,1.80837e+02,1.94227e+02
1.94241e+02,1.92674e+02,1.80853e+02,1.94228e+02
1.94241e+02,1.92685e+02,1.80868e+02,1.94229e+02
1.94241e+02,1.92696e+02,1.80883e+02,1.94230e+02
1.94241e+02,1.92707e+02,1.80898e+02,1.94232e+02
1.94241e+02,1.92717e+02,1.80912e+02,1.94233e+02
1.94241e+02,1.92726e+02,1.80928e+02,1.94235e+02
1.94241e+02,1.92735e+02,1.80943e+02,1.94236e+02
1.94241e+02,1.92743e+02,1.80958e+02,1.94238e+02
1.94241e+02,1.92750e+02,1.80974e+02,1.94240e+02
1.94241e+02,1.92756e+02,1.80989e+02,1.94242e+02
1.94241e+02,1.92761e+02,1.81004e+02,1.94245e+02
1.94241e+02,1.92765e+02,1.81020e+02,1.94247e+02
1.94241e+02,1.92769e+02,1.81035e+02,1.94249e+02
1.94241e+02,1.92771e+02,1.81051e+02,1.94251e+02
1.94241e+02,1.92773e+02,1.81066e+02,1.94253e+02
1.94241e+02,1.92775e+02,1.81081e+02,1.94255e+02
1.94241e+02,1.92775e+02,1.81096e+02,1.94257e+02
1.94241e+02,1.92776e+02,1.81112e+02,1.94259e+02
1.94241e+02,1.92776e+02,1.81127e+02,1.94261e+02
1.94241e+02,1.92775e+02,1.81142e+02,1.94262e+02
1.94241e+02,1.92773e+02,1.81158e+02,1.94264e+02
1.94241e+02,1.92770e+02,1.81173e+02,1.94265e+02
1.94241e+02,1.92766e+02,1.81188e+02,1.94266e+02
1.94241e+02,1.92761e+02,1.81203e+02,1.94267e+02
1.94241e+02,1.92755e+02,1.81217e+02,1.94267e+02
1.94241e+02,1.92749e+02,1.81233e+02,1.94267e+02
1.94241e+02,1.92743e+02,1.81248e+02,1.94267e+02
1.94241e+02,1.92736e+02,1.81263e+02,1.94266e+02
1.94241e+02,1.92732e+02,1.81278e+02,1.94265e+02
1.94241e+02,1.92727e+02,1.81293e+02,1.94264e+02
1.94241e+02,1.92722e+02,1.81308e+02,1.94263e+02
1.94241e+02,1.92716e+02,1.81325e+02,1.94261e+02
1.94241e+02,1.92709e+02,1.81342e+02,1.94260e+02
1.94241e+02,1.92703e+02,1.81359e+02,1.94258e+02
1.94241e+02,1.92696e+02,1.81376e+02,1.94255e+02
1.94241e+02,1.92691e+02,1.81392e+02,1.94253e+02
1.94241e+02,1.92685e+02,1.81410e+02,1.94251e+02
1.94241e+02,1.92679e+02,1.81426e+02,1.94249e+02
1.94241e+02,1.92674e+02,1.81443e+02,1.94246e+02
1.94241e+02,1.92669e+02,1.81459e+02,1.94244e+02
1.94241e+02,1.92667e+02,1.81475e+02,1.94241e+02
1.94241e+02,1.92668e+02,1.81491e+02,1.94238e+02
1.94241e+02,1.92669e+02,1.81507e+02,1.94235e+02
1.94241e+02,1.92671e+02,1.81522e+02,1.94232e+02
1.94241e+02,1.92676e+02,1.81537e+02,1.94228e+02
1.94241e+02,1.92682e+02,1.81553e+02,1.94225e+02
1.94241e+02,1.92690e+02,1.81570e+02,1.94221e+02
1.94241e+02,1.92698e+02,1.81587e+02,1.94218e+02
1.94241e+02,1.92706e+02,1.81604e+02,1.94215e+02
1.94241e+02,1.92714e+02,1.81621e+02,1.94212e+02
1.94241e+02,1.92724e+02,1.81638e+02,1.94208e+02
1.94241e+02,1.92734e+02,1.81654e+02,1.94205e+02
1.94241e+02,1.92744e+02,1.81671e+02,1.94202e+02
1.94241e+02,1.92754e+02,1.81688e+02,1.94198e+02
1.94241e+02,1.92764e+02,1.81705e+02,1.94195e+02
1.94241e+02,1.92774e+02,1.81722e+02,1.94192e+02
1.94241e+02,1.92784e+02,1.81738e+02,1.94189e+02
1.94241e+02,1.92795e+02,1.81754e+02,1.94186e+02
1.94241e+02,1.92806e+02,1.81771e+02,1.94184e+02
1.94241e+02,1.92818e+02,1.81789e+02,1.94181e+02
1.94241e+02,1.92829e+02,1.81806e+02,1.94178e+02
1.94241e+02,1.92841e+02,1.81824e+02,1.94176e+02
1.94241e+02,1.92854e+02,1.81841e+02,1.94174e+02
1.94241e+02,1.92867e+02,1.81859e+02,1.94173e+02
1.94241e+02,1.92880e+02,1.81876e+02,1.94171e+02
1.94241e+02,1.92893e+02,1.81893e+02,1.94170e+02
1.94241e+02,1.92906e+02,1.81911e+02,1.94170e+02
1.94241e+02,1.92918e+02,1.81928e+02,1.94169e+02
1.94241e+02,1.92932e+02,1.81945e+02,1.94169e+02
1.94241e+02,1.92946e+02,1.81962e+02,1.94168e+02
1.94241e+02,1.92958e+02,1.81979e+02,1.94168e+02
1.94241e+02,1.92971e+02,1.81995e+02,1.94169e+02
1.94241e+02,1.92983e+02,1.82012e+02,1.94169e+02
1.94241e+02,1.92994e+02,1.82028e+02,1.94170e+02
1.94241e+02,1.93004e+02,1.82045e+02,1.94172e+02
1.94241e+02,1.93013e+02,1.82062e+02,1.94173e+02
1.94241e+02,1.93021e+02,1.82078e+02,1.94175e+02
1.94241e+02,1.93028e+02,1.82094e+02,1.94177e+02
1.94241e+02,1.93034e+02,1.82110e+02,1.94179e+02
1.94241e+02,1.93039e+02,1.82126e+02,1.94181e+02
1.94241e+02,1.93043e+02,1.82142e+02,1.94183e+02
1.94241e+02,1.93046e+02,1.82157e+02,1.94185e+02
1.94241e+02,1.93048e+02,1.82172e+02,1.94188e+02
1.94241e+02,1.93050e+02,1.82187e+02,1.94190e+02
1.94241e+02,1.93051e+02,1.82202e+02,1.94193e+02
1.94241e+02,1.93051e+02,1.82217e+02,1.94195e+02
1.94241e+02,1.93049e+02,1.82231e+02,1.94198e+02
1.94241e+02,1.93048e+02,1.82243e+02,1.94201e+02
1.94241e+02,1.93045e+02,1.82255e+02,1.94203e+02
1.94241e+02,1.93042e+02,1.82268e+02,1.94206e+02
1.94241e+02,1.93037e+02,1.82281e+02,1.94209e+02
1.94241e+02,1.93032e+02,1.82295e+02,1.94212e+02
1.94241e+02,1.93026e+02,1.82309e+02,1.94215e+02
1.94241e+02,1.93021e+02,1.82323e+02,1.94218e+02
1.94241e+02,1.93014e+02,1.82336e+02,1.94221e+02
1.94241e+02,1.93007e+02,1.82350e+02,1.94224e+02
1.94241e+02,1.92999e+02,1.82363e+02,1.94227e+02
1.94241e+02,1.92991e+02,1.82376e+02,1.94230e+02
1.94241e+02,1.92983e+02,1.82389e+02,1.94233e+02
1.94241e+02,1.92975e+02,1.82401e+02,1.94236e+02
1.94241e+02,1.92967e+02,1.82414e+02,1.94239e+02
1.94241e+02,1.92958e+02,1.82426e+02,1.94242e+02
1.94241e+02,1.92948e+02,1.82438e+02,1.94245e+02
1.94241e+02,1.92938e+02,1.82451e+02,1.94248e+02
1.94241e+02,1.92927e+02,1.82463e+02,1.94250e+02
1.94241e+02,1.92917e+02,1.82474e+02,1.94253e+02
1.94241e+02,1.92907e+02,1.82486e+02,1.94255e+02
1.94241e+02,1.92898e+02,1.82500e+02,1.94258e+02
1.94241e+02,1.92890e+02,1.82515e+02,1.94260e+02
1.94241e+02,1.92883e+02,1.82530e+02,1.94263e+02
1.94241e+02,1.92877e+02,1.82545e+02,1.94265e+02
1.94241e+02,1.92872e+02,1.82560e+02,1.94267e+02
1.94241e+02,1.92868e+02,1.82575e+02,1.94270e+02
1.94241e+02,1.92865e+02,1.82590e+02,1.94272e+02
1.94241e+02,1.92863e+02,1.82604e+02,1.94274e+02
1.94241e+02,1.92861e+02,1.82619e+02,1.94276e+02
1.94241e+02,1.92861e+02,1.82633e+02,1.94278e+02
1.94241e+02,1.92862e+02,1.82647e+02,1.94280e+02
1.94241e+02,1.92863e+02,1.82662e+02,1.94282e+02
1.94241e+02,1.92866e+02,1.82676e+02,1.94284e+02
1.94241e+02,1.92870e+02,1.82690e+02,1.94285e+02
1.94241e+02,1.92875e+02,1.82703e+02,1.94287e+02
1.94241e+02,1.92880e+02,1.82717e+02,1.94288e+02
1.94241e+02,1.92886e+02,1.82730e+02,1.94290e+02
1.94241e+02,1.92893e+02,1.82743e+02,1.94291e+02
1.94241e+02,1.92899e+02,1.82756e+02,1.94292e+02
1.94241e+02,1.92906e+02,1.82769e+02,1.94293e+02
1.94241e+02,1.92913e+02,1.82781e+02,1.94294e+02
1.94241e+02,1.92921e+02,1.82794e+02,1.94294e+02
1.94241e+02,1.92930e+02,1.82807e+02,1.94295e+02
1.94241e+02,1.92939e+02,1.82819e+02,1.94295e+02
1.94241e+02,1.92949e+02,1.82832e+02,1.94295e+02
1.94241e+02,1.92958e+02,1.82844e+02,1.94295e+02
1.94241e+02,1.92966e+02,1.82856e+02,1.94295e+02
1.94241e+02,1.92975e+02,1.82868e+02,1.94295e+02
1.94241e+02,1.92983e+02,1.82880e+02,1.94294e+02
1.94241e+02,1.92991e+02,1.82892e+02,1.94294e+02
1.94241e+02,1.92998e+02,1.82904e+02,1.94293e+02
1.94241e+02,1.93005e+02,1.82917e+02,1.94292e+02
1.94241e+02,1.93011e+02,1.82929e+02,1.94290e+02
1.94241e+02,1.93016e+02,1.82941e+02,1.94289e+02
1.94241e+02,1.93021e+02,1.82953e+02,1.94287e+02
1.94241e+02,1.93025e+02,1.82965e+02,1.94286e+02
1.94241e+02,1.93028e+02,1.82977e+02,1.94284e+02
1.94241e+02,1.93032e+02,1.82989e+02,1.94282e+02
1.94241e+02,1.93035e+02,1.83001e+02,1.94280e+02
1.94241e+02,1.93038e+02,1.83013e+02,1.94278e+02
1.94241e+02,1.93040e+02,1.83024e+02,1.94275e+02
1.94241e+02,1.93043e+02,1.83036e+02,1.94273e+02
1.94241e+02,1.93045e+02,1.83047e+02,1.94270e+02
1.94241e+02,1.93046e+02,1.83058e+02,1.94267e+02
1.94241e+02,1.93048e+02,1.83070e+02,1.94264e+02
1.94241e+02,1.93050e+02,1.83081e+02,1.94261e+02
1.94241e+02,1.93052e+02,1.83093e+02,1.94257e+02
1.94241e+02,1.93058e+02,1.83104e+02,1.94254e+02
1.94241e+02,1.93065e+02,1.83115e+02,1.94250e+02
1.94241e+02,1.93072e+02,1.83126e+02,1.94247e+02
1.94241e+02,1.93079e+02,1.83137e+02,1.94243e+02
1.94241e+02,1.93086e+02,1.83147e+02,1.94240e+02
1.94241e+02,1.93093e+02,1.83157e+02,1.94236e+02
1.94241e+02,1.93099e+02,1.83168e+02,1.94232e+02
1.94241e+02,1.93105e+02,1.83179e+02,1.94229e+02
1.94241e+02,1.93110e+02,1.83190e+02,1.94225e+02
1.94241e+02,1.93115e+02,1.83200e+02,1.94222e+02
1.94241e+02,1.93120e+02,1.83211e+02,1.94218e+02
1.94241e+02,1.93124e+02,1.83221e+02,1.94214e+02
1.94241e+02,1.93129e+02,1.83231e+02,1.94211e+02
1.94241e+02,1.93133e+02,1.83241e+02,1.94207e+02
1.94241e+02,1.93137e+02,1.83251e+02,1.94203e+02
1.94241e+02,1.93142e+02,1.83261e+02,1.94200e+02
1.94241e+02,1.93146e+02,1.83272e+02,1.94196e+02
1.94241e+02,1.93150e+02,1.83282e+02,1.94193e+02
1.94241e+02,1.93155e+02,1.83293e+02,1.94190e+02
1.94241e+02,1.93159e+02,1.83303e+02,1.94186e+02
1.94241e+02,1.93164e+02,1.83314e+02,1.94183e+02
1.94241e+02,1.93170e+02,1.83324e+02,1.94181e+02
1.94241e+02,1.93175e+02,1.83335e+02,1.94178e+02
1.94241e+02,1.93180e+02,1.83346e+02,1.94175e+02
1.94241e+02,1.93186e+02,1.83356e+02,1.94173e+02
1.94241e+02,1.93192e+02,1.83367e+02,1.94170e+02
1.94241e+02,1.93198e+02,1.83377e+02,1.94168e+02
1.94241e+02,1.93203e+02,1.83387e+02,1.94166e+02
1.94241e+02,1.93208e+02,1.83398e+02,1.94164e+02
1.94241e+02,1.93212e+02,1.83408e+02,1.94163e+02
1.94241e+02,1.93218e+02,1.83418e+02,1.94161e+02
1.94241e+02,1.93223e+02,1.83428e+02,1.94160e+02
1.94241e+02,1.93228e+02,1.83438e+02,1.94159e+02
1.94241e+02,1.93233e+02,1.83448e+02,1.94158e+02
1.94241e+02,1.93238e+02,1.83458e+02,1.94158e+02
1.94241e+02,1.93241e+02,1.83467e+02,1.94157e+02
1.94241e+02,1.93244e+02,1.83477e+02,1.94157e+02
1.94241e+02,1.93245e+02,1.83486e+02,1.94157e+02
1.94241e+02,1.93246e+02,1.83496e+02,1.94158e+02
1.94241e+02,1.93245e+02,1.83506e+02,1.94158e+02
1.94241e+02,1.93244e+02,1.83515e+02,1.94159e+02
1.94241e+02,1.93242e+02,1.83525e+02,1.94160e+02
1.94241e+02,1.93238e+02,1.83534e+02,1.94161e+02
1.94241e+02,1.93234e+02,1.83544e+02,1.94162e+02
1.94241e+02,1.93229e+02,1.83553e+02,1.94164e+02
1.94241e+02,1.93225e+02,1.83562e+02,1.94165e+02
1.94241e+02,1.93219e+02,1.83571e+02,1.94167e+02
1.94241e+02,1.93214e+02,1.83580e+02,1.94169e+02
1.94241e+02,1.93209e+02,1.83588e+02,1.94171e+02
1.94241e+02,1.93203e+02,1.83597e+02,1.94173e+02
1.94241e+02,1.93198e+02,1.83605e+02,1.94175e+02
1.94241e+02,1.93192e+02,1.83614e+02,1.94177e+02
1.94241e+02,1.93186e+02,1.83622e+02,1.94180e+02
1.94241e+02,1.93179e+02,1.83631e+02,1.94182e+02
1.94241e+02,1.93173e+02,1.83639e+02,1.94185e+02
1.94241e+02,1.93167e+02,1.83647e+02,1.94188e+02
1.94241e+02,1.93172e+02,1.83655e+02,1.94191e+02
1.94241e+02,1.93177e+02,1.83663e+02,1.94194e+02
1.94241e+02,1.93182e+02,1.83671e+02,1.94198e+02
1.94241e+02,1.93187e+02,1.83678e+02,1.94201e+02
1.94241e+02,1.93192e+02,1.83687e+02,1.94204e+02
1.94241e+02,1.93198e+02,1.83695e+02,1.94207e+02
1.94241e+02,1.93204e+02,1.83703e+02,1.94210e+02
1.94241e+02,1.93209e+02,1.83712e+02,1.94214e+02
1.94241e+02,1.93216e+02,1.83721e+02,1.94217e+02
1.94241e+02,1.93223e+02,1.83730e+02,1.94220e+02
1.94241e+02,1.93229e+02,1.83738e+02,1.94223e+02
1.94241e+02,1.93236e+02,1.83747e+02,1.94226e+02
1.94241e+02,1.93243e+02,1.83757e+02,1.94230e+02
1.94241e+02,1.93250e+02,1.83766e+02,1.94233e+02
1.94241e+02,1.93257e+02,1.83776e+02,1.94236e+02
1.94241e+02,1.93264e+02,1.83785e+02,1.94239e+02
1.94241e+02,1.93270e+02,1.83794e+02,1.94242e+02
1.94241e+02,1.93275e+02,1.83803e+02,1.94245e+02
1.94241e+02,1.93280e+02,1.83812e+02,1.94248e+02
1.94241e+02,1.93284e+02,1.83821e+02,1.94251e+02
1.94241e+02,1.93288e+02,1.83830e+02,1.94254e+02
1.94241e+02,1.93290e+02,1.83839e+02,1.94257e+02
1.94241e+02,1.93292e+02,1.83848e+02,1.94260e+02
1.94241e+02,1.93293e+02,1.83857e+02,1.94263e+02
1.94241e+02,1.93293e+02,1.83867e+02,1.94266e+02
1.94241e+02,1.93292e+02,1.83877e+02,1.94268e+02
1.94241e+02,1.93290e+02,1.83886e+02,1.94271e+02
1.94241e+02,1.93288e+02,1.83895e+02,1.94274e+02
1.94241e+02,1.93285e+02,1.83905e+02,1.94276e+02
1.94241e+02,1.93282e+02,1.83914e+02,1.94279e+02
1.94241e+02,1.93278e+02,1.83923e+02,1.94281e+02
1.94241e+02,1.93273e+02,1.83932e+02,1.94284e+02
1.94241e+02,1.93268e+02,1.83941e+02,1.94286e+02
1.94241e+02,1.93262e+02,1.83949e+02,1.94288e+02
1.94241e+02,1.93255e+02,1.83958e+02,1.94290e+02
1.94241e+02,1.93248e+02,1.83966e+02,1.94292e+02
1.94241e+02,1.93240e+02,1.83974e+02,1.94293e+02
1.94241e+02,1.93232e+02,1.83982e+02,1.94295e+02
1.94241e+02,1.93224e+02,1.83990e+02,1.94296e+02
1.94241e+02,1.93215e+02,1.83999e+02,1.94297e+02
1.94241e+02,1.93206e+02,1.84006e+02,1.94298e+02
1.94241e+02,1.93197e+02,1.84014e+02,1.94298e+02
1.94241e+02,1.93188e+02,1.84022e+02,1.94299e+02
1.94241e+02,1.93179e+02,1.84030e+02,1.94299e+02
1.94241e+02,1.93170e+02,1.84038e+02,1.94299e+02
1.94241e+02,1.93162e+02,1.84045e+02,1.94299e+02
1.94241e+02,1.93154e+02,1.84053e+02,1.94298e+02
1.94241e+02,1.93147e+02,1.84061e+02,1.94298e+02
1.94241e+02,1.93141e+02,1.84068e+02,1.94297e+02
1.94241e+02,1.93135e+02,1.84076e+02,1.94296e+02
1.94241e+02,1.93130e+02,1.84083e+02,1.94295e+02
1.94241e+02,1.93126e+02,1.84091e+02,1.94293e+02
1.94241e+02,1.93123e+02,1.84098e+02,1.94291e+02
1.94241e+02,1.93121e+02,1.84105e+02,1.94290e+02
1.94241e+02,1.93121e+02,1.84112e+02,1.94287e+02
1.94241e+02,1.93123e+02,1.84119e+02,1.94285e+02
1.94241e+02,1.93126e+02,1.84126e+02,1.94283e+02
1.94241e+02,1.93130e+02,1.84133e+02,1.94280e+02
1.94241e+02,1.93135e+02,1.84140e+02,1.94277e+02
1.94241e+02,1.93142e+02,1.84148e+02,1.94275e+02
1.94241e+02,1.93150e+02,1.84155e+02,1.94272e+02
1.94241e+02,1.93160e+02,1.84161e+02,1.94269e+02
1.94241e+02,1.93171e+02,1.84168e+02,1.94266e+02
1.94241e+02,1.93182e+02,1.84175e+02,1.94262e+02
1.94241e+02,1.93195e+02,1.84183e+02,1.94259e+02
1.94241e+02,1.93208e+02,1.84189e+02,1.94256e+02
1.94241e+02,1.93222e+02,1.84196e+02,1.94253e+02
1.94241e+02,1.93235e+02,1.84204e+02,1.94249e+02
1.94241e+02,1.93248e+02,1.84211e+02,1.94246e+02
1.94241e+02,1.93260e+02,1.84218e+02,1.94243e+02
1.94241e+02,1.93272e+02,1.84225e+02,1.94240e+02
1.94241e+02,1.93283e+02,1.84232e+02,1.94237e+02
1.94241e+02,1.93292e+02,1.84239e+02,1.94234e+02
1.94241e+02,1.93301e+02,1.84246e+02,1.94231e+02
1.94241e+02,1.93309e+02,1.84253e+02,1.94228e+02
1.94241e+02,1.93316e+02,1.84259e+02,1.94225e+02
1.94241e+02,1.93321e+02,1.84266e+02,1.94222e+02
1.94241e+02,1.93325e+02,1.84273e+02,1.94219e+02
1.94241e+02,1.93328e+02,1.84279e+02,1.94217e+02
1.94241e+02,1.93330e+02,1.84286e+02,1.94214e+02
1.94241e+02,1.93331e+02,1.84293e+02,1.94212e+02
1.94241e+02,1.93331e+02,1.84301e+02,1.94209e+02
1.94241e+02,1.93330e+02,1.84308e+02,1.94207e+02
1.94241e+02,1.93327e+02,1.84316e+02,1.94205e+02
1.94241e+02,1.93323e+02,1.84323e+02,1.94203e+02
1.94241e+02,1.93319e+02,1.84330e+02,1.94201e+02
1.94241e+02,1.93314e+02,1.84337e+02,1.94200e+02
1.94241e+02,1.93308e+02,1.84345e+02,1.94198e+02
1.94241e+02,1.93301e+02,1.84352e+02,1.94196e+02
1.94241e+02,1.93293e+02,1.84359e+02,1.94195e+02
1.94241e+02,1.93285e+02,1.84366e+02,1.94194e+02
1.94241e+02,1.93276e+02,1.84373e+02,1.94193e+02
1.94241e+02,1.93267e+02,1.84380e+02,1.94192e+02
1.94241e+02,1.93257e+02,1.84387e+02,1.94191e+02
1.94241e+02,1.93246e+02,1.84394e+02,1.94191e+02
1.94241e+02,1.93236e+02,1.84402e+02,1.94190e+02
1.94241e+02,1.93227e+02,1.84410e+02,1.94190e+02
1.94241e+02,1.93217e+02,1.84417e+02,1.94190e+02
1.94241e+02,1.93208e+02,1.84425e+02,1.94190e+02
1.94241e+02,1.93199e+02,1.84433e+02,1.94190e+02
1.94241e+02,1.93192e+02,1.84440e+02,1.94190e+02
1.94241e+02,1.93185e+02,1.84448e+02,1.94190e+02
1.94241e+02,1.93183e+02,1.84455e+02,1.94190e+02
1.94241e+02,1.93185e+02,1.84462e+02,1.94191e+02
1.94241e+02,1.93188e+02,1.84469e+02,1.94191e+02
1.94241e+02,1.93192e+02,1.84476e+02,1.94192e+02
1.94241e+02,1.93195e+02,1.84483e+02,1.94192e+02
1.94241e+02,1.93199e+02,1.84490e+02,1.94193e+02
1.94241e+02,1.93203e+02,1.84497e+02,1.94194e+02
1.94241e+02,1.93208e+02,1.84504e+02,1.94194e+02
1.94241e+02,1.93213e+02,1.84512e+02,1.94195e+02
1.94241e+02,1.93219e+02,1.84519e+02,1.94196e+02
1.94241e+02,1.93225e+02,1.84525e+02,1.94197e+02
1.94241e+02,1.93231e+02,1.84533e+02,1.94197e+02
1.94241e+02,1.93237e+02,1.84541e+02,1.94198e+02
1.94241e+02,1.93251e+02,1.84549e+02,1.94199e+02
1.94241e+02,1.93267e+02,1.84557e+02,1.94200e+02
1.94241e+02,1.93283e+02,1.84566e+02,1.94200e+02
1.94241e+02,1.93301e+02,1.84573e+02,1.94201e+02
1.94241e+02,1.93319e+02,1.84581e+02,1.94202e+02
1.94241e+02,1.93337e+02,1.84589e+02,1.94202e+02
1.94241e+02,1.93355e+02,1.84597e+02,1.94203e+02
1.94241e+02,1.93373e+02,1.84604e+02,1.94203e+02
1.94241e+02,1.93390e+02,1.84612e+02,1.94204e+02
1.94241e+02,1.93407e+02,1.84621e+02,1.94204e+02
1.94241e+02,1.93423e+02,1.84630e+02,1.94205e+02
1.94241e+02,1.93438e+02,1.84638e+02,1.94205e+02
1.94241e+02,1.93451e+02,1.84646e+02,1.94206e+02
1.94241e+02,1.93464e+02,1.84655e+02,1.94206e+02
1.94241e+02,1.93476e+02,1.84663e+02,1.94207e+02
1.94241e+02,1.93487e+02,1.84671e+02,1.94208e+02
1.94241e+02,1.93498e+02,1.84680e+02,1.94208e+02
1.94241e+02,1.93506e+02,1.84688e+02,1.94209e+02
1.94241e+02,1.93514e+02,1.84696e+02,1.94210e+02
1.94241e+02,1.93520e+02,1.84704e+02,1.94210e+02
1.94241e+02,1.93525e+02,1.84712e+02,1.94211e+02
1.94241e+02,1.93528e+02,1.84720e+02,1.94212e+02
1.94241e+02,1.93530e+02,1.84728e+02,1.94212e+02
1.94241e+02,1.93531e+02,1.84735e+02,1.94213e+02
1.94241e+02,1.93530e+02,1.84743e+02,1.94214e+02
1.94241e+02,1.93528e+02,1.84751e+02,1.94215e+02
1.94241e+02,1.93524e+02,1.84759e+02,1.94216e+02
1.94241e+02,1.93521e+02,1.84767e+02,1.94217e+02
1.94241e+02,1.93517e+02,1.84774e+02,1.94218e+02
1.94241e+02,1.93512e+02,1.84782e+02,1.94219e+02
1.94241e+02,1.93506e+02,1.84789e+02,1.94220e+02
1.94241e+02,1.93500e+02,1.84796e+02,1.94221e+02
1.94241e+02,1.93494e+02,1.84804e+02,1.94223e+02
1.94241e+02,1.93487e+02,1.84811e+02,1.94224e+02
1.94241e+02,1.93479e+02,1.84818e+02,1.94226e+02
1.94241e+02,1.93471e+02,1.84826e+02,1.94227e+02
1.94241e+02,1.93462e+02,1.84833e+02,1.94229e+02
1.94241e+02,1.93454e+02,1.84841e+02,1.94231e+02
1.94241e+02,1.93446e+02,1.84848e+02,1.94233e+02
1.94241e+02,1.93439e+02,1.84855e+02,1.94235e+02
1.94241e+02,1.93432e+02,1.84862e+02,1.94237e+02
1.94241e+02,1.93427e+02,1.84870e+02,1.94239e+02
1.94241e+02,1.93421e+02,1.84877e+02,1.94240e+02
1.94241e+02,1.93417e+02,1.84884e+02,1.94242e+02
1.94241e+02,1.93413e+02,1.84892e+02,1.94244e+02
1.94241e+02,1.93410e+02,1.84899e+02,1.94246e+02
1.94241e+02,1.93408e+02,1.84906e+02,1.94248e+02
1.94241e+02,1.93407e+02,1.84913e+02,1.94250e+02
1.94241e+02,1.93406e+02,1.84919e+02,1.94252e+02
1.94241e+02,1.93405e+02,1.84926e+02,1.94254e+02
1.94241e+02,1.93405e+02,1.84933e+02,1.94256e+02
1.94241e+02,1.93405e+02,1.84939e+02,1.94257e+02
1.94241e+02,1.93405e+02,1.84946e+02,1.94259e+02
1.94241e+02,1.93406e+02,1.84952e+02,1.94261e+02
1.94241e+02,1.93408e+02,1.84959e+02,1.94262e+02
1.94241e+02,1.93410e+02,1.84965e+02,1.94264e+02
1.94241e+02,1.93412e+02,1.84972e+02,1.94265e+02
1.94241e+02,1.93415e+02,1.84980e+02,1.94267e+02
1.94241e+02,1.93417e+02,1.84988e+02,1.94268e+02
1.94241e+02,1.93420e+02,1.84995e+02,1.94269e+02
1.94241e+02,1.93422e+02,1.85003e+02,1.94270e+02
1.94241e+02,1.93425e+02,1.85011e+02,1.94271e+02
1.94241e+02,1.93427e+02,1.85018e+02,1.94272e+02
1.94241e+02,1.93429e+02,1.85025e+02,1.94273e+02
1.94241e+02,1.93431e+02,1.85032e+02,1.94274e+02
1.94241e+02,1.93433e+02,1.85040e+02,1.94274e+02
1.94241e+02,1.93435e+02,1.85047e+02,1.94275e+02
1.94241e+02,1.93436e+02,1.85054e+02,1.94275e+02
1.94241e+02,1.93437e+02,1.85061e+02,1.94275e+02
1.94241e+02,1.93437e+02,1.85068e+02,1.94275e+02
1.94241e+02,1.93438e+02,1.85075e+02,1.94275e+02
1.94241e+02,1.93437e+02,1.85081e+02,1.94276e+02
1.94241e+02,1.93436e+02,1.85088e+02,1.94276e+02
1.94241e+02,1.93435e+02,1.85094e+02,1.94275e+02
1.94241e+02,1.93433e+02,1.85101e+02,1.94275e+02
1.94241e+02,1.93431e+02,1.85107e+02,1.94275e+02
1.94241e+02,1.93428e+02,1.85113e+02,1.94275e+02
1.94241e+02,1.93425e+02,1.85120e+02,1.94275e+02
1.94241e+02,1.93421e+02,1.85126e+02,1.94274e+02
1.94241e+02,1.93418e+02,1.85132e+02,1.94274e+02
1.94241e+02,1.93413e+02,1.85138e+02,1.94273e+02
1.94241e+02,1.93409e+02,1.85145e+02,1.94272e+02
1.94241e+02,1.93403e+02,1.85151e+02,1.94272e+02
1.94241e+02,1.93397e+02,1.85158e+02,1.94271e+02
1.94241e+02,1.93391e+02,1.85164e+02,1.94270e+02
1.94241e+02,1.93383e+02,1.85171e+02,1.94269e+02
1.94241e+02,1.93375e+02,1.85177e+02,1.94268e+02
1.94241e+02,1.93367e+02,1.85184e+02,1.94266e+02
1.94241e+02,1.93359e+02,1.85191e+02,1.94265e+02
1.94241e+02,1.93350e+02,1.85197e+02,1.94264e+02
1.94241e+02,1.93341e+02,1.85204e+02,1.94263e+02
1.94241e+02,1.93332e+02,1.85211e+02,1.94262e+02
1.94241e+02,1.93323e+02,1.85217e+02,1.94260e+02
1.94241e+02,1.93314e+02,1.85223e+02,1.94259e+02
1.94241e+02,1.93305e+02,1.85230e+02,1.94257e+02
1.94241e+02,1.93297e+02,1.85236e+02,1.94256e+02
1.94241e+02,1.93288e+02,1.85242e+02,1.94254e+02
1.94241e+02,1.93280e+02,1.85248e+02,1.94253e+02
1.94241e+02,1.93273e+02,1.85254e+02,1.94251e+02
1.94241e+02,1.93266e+02,1.85260e+02,1.94250e+02
1.94241e+02,1.93260e+02,1.85267e+02,1.94248e+02
1.94241e+02,1.93254e+02,1.85273e+02,1.94246e+02
1.94241e+02,1.93249e+02,1.85280e+02,1.94244e+02
1.94241e+02,1.93244e+02,1.85287e+02,1.94242e+02
1.94241e+02,1.93240e+02,1.85294e+02,1.94240e+02
1.94241e+02,1.93237e+02,1.85301e+02,1.94238e+02
1.94241e+02,1.93234e+02,1.85307e+02,1.94236e+02
1.94241e+02,1.93232e+02,1.85314e+02,1.94234e+02
1.94241e+02,1.93231e+02,1.85321e+02,1.94232e+02
1.94241e+02,1.93230e+02,1.85327e+02,1.94230e+02
1.94241e+02,1.93230e+02,1.85334e+02,1.94228e+02
1.94241e+02,1.93231e+02,1.85341e+02,1.94226e+02
1.94241e+02,1.93232e+02,1.85347e+02,1.94224e+02
1.94241e+02,1.93234e+02,1.85353e+02,1.94222e+02
1.94241e+02,1.93236e+02,1.85360e+02,1.94220e+02
1.94241e+02,1.93239e+02,1.85367e+02,1.94218e+02
1.94241e+02,1.93241e+02,1.85373e+02,1.94216e+02
1.94241e+02,1.93245e+02,1.85380e+02,1.94214e+02
1.94241e+02,1.93249e+02,1.85386e+02,1.94212e+02
1.94241e+02,1.93253e+02,1.85393e+02,1.94210e+02
1.94241e+02,1.93259e+02,1.85399e+02,1.94208e+02
1.94241e+02,1.93264e+02,1.85406e+02,1.94206e+02
1.94241e+02,1.93269e+02,1.85412e+02,1.94205e+02
1.94241e+02,1.93275e+02,1.85419e+02,1.94203e+02
1.94241e+02,1.93280e+02,1.85426e+02,1.94201e+02
1.94241e+02,1.93286e+02,1.85434e+02,1.94200e+02
1.94241e+02,1.93291e+02,1.85441e+02,1.94199e+02
1.94241e+02,1.93296e+02,1.85449e+02,1.94198e+02
1.94241e+02,1.93301e+02,1.85456e+02,1.94197e+02
1.94241e+02,1.93306e+02,1.85463e+02,1.94196e+02
1.94241e+02,1.93311e+02,1.85470e+02,1.94195e+02
1.94241e+02,1.93316e+02,1.85477e+02,1.94194e+02
1.94241e+02,1.93320e+02,1.85484e+02,1.94194e+02
1.94241e+02,1.93324e+02,1.85491e+02,1.94194e+02
1.94241e+02,1.93328e+02,1.85497e+02,1.94193e+02
1.94241e+02,1.93331e+02,1.85504e+02,1.94193e+02
1.94241e+02,1.93334e+02,1.85511e+02,1.94193e+02
1.94241e+02,1.93337e+02,1.85517e+02,1.94194e+02
1.94241e+02,1.93340e+02,1.85523e+02,1.94194e+02
1.94241e+02,1.93343e+02,1.85530e+02,1.94194e+02
1.94241e+02,1.93345e+02,1.85536e+02,1.94195e+02
1.94241e+02,1.93347e+02,1.85542e+02,1.94196e+02
1.94241e+02,1.93349e+02,1.85548e+02,1.94196e+02
1.94241e+02,1.93351e+02,1.85554e+02,1.94197e+02
1.94241e+02,1.93353e+02,1.85559e+02,1.94198e+02
1.94241e+02,1.93355e+02,1.85566e+02,1.94199e+02
1.94241e+02,1.93356e+02,1.85571e+02,1.94200e+02
1.94241e+02,1.93357e+02,1.85578e+02,1.94202e+02
1.94241e+02,1.93359e+02,1.85584e+02,1.94203e+02
1.94241e+02,1.93360e+02,1.85590e+02,1.94204e+02
1.94241e+02,1.93361e+02,1.85596e+02,1.94206e+02
1.94241e+02,1.93362e+02,1.85603e+02,1.94207e+02
1.94241e+02,1.93364e+02,1.85609e+02,1.94209e+02
1.94241e+02,1.93365e+02,1.85616e+02,1.94211e+02
1.94241e+02,1.93366e+02,1.85622e+02,1.94212e+02
1.94241e+02,1.93368e+02,1.85629e+02,1.94214e+02
1.94241e+02,1.93370e+02,1.85636e+02,1.94216e+02
1.94241e+02,1.93372e+02,1.85642e+02,1.94218e+02
1.94241e+02,1.93375e+02,1.85649e+02,1.94220e+02
1.94241e+02,1.93377e+02,1.85655e+02,1.94222e+02
1.94241e+02,1.93380e+02,1.85661e+02,1.94224e+02
1.94241e+02,1.93382e+02,1.85667e+02,1.94226e+02
1.94241e+02,1.93385e+02,1.85674e+02,1.94228e+02
1.94241e+02,1.93387e+02,1.85680e+02,1.94230e+02
1.94241e+02,1.93390e+02,1.85685e+02,1.94232e+02
1.94241e+02,1.93393e+02,1.85691e+02,1.94234e+02
1.94241e+02,1.93396e+02,1.85697e+02,1.94236e+02
1.94241e+02,1.93398e+02,1.85703e+02,1.94238e+02
1.94241e+02,1.93401e+02,1.85708e+02,1.94240e+02
1.94241e+02,1.93404e+02,1.85715e+02,1.94242e+02
1.94241e+02,1.93406e+02,1.85721e+02,1.94243e+02
1.94241e+02,1.93409e+02,1.85728e+02,1.94245e+02
1.94241e+02,1.93412e+02,1.85735e+02,1.94247e+02
1.94241e+02,1.93415e+02,1.85742e+02,1.94249e+02
1.94241e+02,1.93417e+02,1.85749e+02,1.94251e+02
1.94241e+02,1.93420e+02,1.85755e+02,1.94253e+02
1.94241e+02,1.93422e+02,1.85762e+02,1.94254e+02
1.94241e+02,1.93424e+02,1.85768e+02,1.94256e+02
1.94241e+02,1.93426e+02,1.85775e+02,1.94257e+02
1.94241e+02,1.93428e+02,1.85781e+02,1.94259e+02
1.94241e+02,1.93429e+02,1.85787e+02,1.94260e+02
1.94241e+02,1.93431e+02,1.85793e+02,1.94262e+02
1.94241e+02,1.93432e+02,1.85799e+02,1.94263e+02
1.94241e+02,1.93433e+02,1.85805e+02,1.94264e+02
1.94241e+02,1.93433e+02,1.85811e+02,1.94265e+02
1.94241e+02,1.93433e+02,1.85817e+02,1.94266e+02
1.94241e+02,1.93433e+02,1.85823e+02,1.94267e+02
1.94241e+02,1.93433e+02,1.85828e+02,1.94268e+02
1.94241e+02,1.93432e+02,1.85834e+02,1.94269e+02
1.94241e+02,1.93432e+02,1.85839e+02,1.94270e+02
1.94241e+02,1.93431e+02,1.85845e+02,1.94270e+02
1.94241e+02,1.93429e+02,1.85850e+02,1.94271e+02
1.94241e+02,1.93427e+02,1.85857e+02,1.94271e+02
1.94241e+02,1.93425e+02,1.85866e+02,1.94272e+02
1.94241e+02,1.93423e+02,1.85874e+02,1.94272e+02
1.94241e+02,1.93420e+02,1.85882e+02,1.94272e+02
1.94241e+02,1.93417e+02,1.85889e+02,1.94272e+02
1.94241e+02,1.93414e+02,1.85897e+02,1.94271e+02
1.94241e+02,1.93410e+02,1.85904e+02,1.94271e+02
1.94241e+02,1.93407e+02,1.85912e+02,1.94271e+02
1.94241e+02,1.93403e+02,1.85920e+02,1.94270e+02
1.94241e+02,1.93400e+02,1.85927e+02,1.94270e+02
1.94241e+02,1.93396e+02,1.85934e+02,1.94269e+02
1.94241e+02,1.93393e+02,1.85941e+02,1.94269e+02
1.94241e+02,1.93389e+02,1.85948e+02,1.94268e+02
1.94241e+02,1.93386e+02,1.85955e+02,1.94267e+02
1.94241e+02,1.93382e+02,1.85962e+02,1.94266e+02
1.94241e+02,1.93379e+02,1.85968e+02,1.94265e+02
1.94241e+02,1.93375e+02,1.85975e+02,1.94265e+02
1.94241e+02,1.93372e+02,1.85981e+02,1.94264e+02
1.94241e+02,1.93368e+02,1.85988e+02,1.94263e+02
1.94241e+02,1.93364e+02,1.85997e+02,1.94262e+02
1.94241e+02,1.93361e+02,1.86005e+02,1.94261e+02
1.94241e+02,1.93357e+02,1.86014e+02,1.94259e+02
1.94241e+02,1.93353e+02,1.86023e+02,1.94258e+02
1.94241e+02,1.93350e+02,1.86031e+02,1.94257e+02
1.94241e+02,1.93346e+02,1.86039e+02,1.94256e+02
1.94241e+02,1.93342e+02,1.86047e+02,1.94255e+02
1.94241e+02,1.93339e+02,1.86055e+02,1.94253e+02
1.94241e+02,1.93335e+02,1.86063e+02,1.94252e+02
1.94241e+02,1.93332e+02,1.86071e+02,1.94250e+02
1.94241e+02,1.93328e+02,1.86079e+02,1.94249e+02
1.94241e+02,1.93325e+02,1.86087e+02,1.94248e+02
1.94241e+02,1.93322e+02,1.86095e+02,1.94247e+02
1.94241e+02,1.93319e+02,1.86103e+02,1.94245e+02
1.94241e+02,1.93316e+02,1.86110e+02,1.94244e+02
1.94241e+02,1.93313e+02,1.86118e+02,1.94243e+02
1.94241e+02,1.93311e+02,1.86126e+02,1.94242e+02
1.94241e+02,1.93309e+02,1.86133e+02,1.94240e+02
1.94241e+02,1.93307e+02,1.86141e+02,1.94239e+02
1.94241e+02,1.93305e+02,1.86148e+02,1.94238e+02
1.94241e+02,1.93303e+02,1.86155e+02,1.94237e+02
1.94241e+02,1.93302e+02,1.86162e+02,1.94236e+02
1.94241e+02,1.93301e+02,1.86169e+02,1.94235e+02
1.94241e+02,1.93301e+02,1.86176e+02,1.94234e+02
1.94241e+02,1.93301e+02,1.86183e+02,1.94233e+02
1.94241e+02,1.93302e+02,1.86189e+02,1.94232e+02
1.94241e+02,1.93303e+02,1.86196e+02,1.94231e+02
1.94241e+02,1.93304e+02,1.86203e+02,1.94230e+02
1.94241e+02,1.93305e+02,1.86210e+02,1.94230e+02
1.94241e+02,1.93308e+02,1.86216e+02,1.94229e+02
1.94241e+02,1.93313e+02,1.86223e+02,1.94228e+02
1.94241e+02,1.93318e+02,1.86229e+02,1.94228e+02
1.94241e+02,1.93322e+02,1.86236e+02,1.94227e+02
1.94241e+02,1.93327e+02,1.86242e+02,1.94227e+02
1.94241e+02,1.93331e+02,1.86248e+02,1.94226e+02
1.94241e+02,1.93335e+02,1.86255e+02,1.94226e+02
1.94241e+02,1.93339e+02,1.86261e+02,1.94225e+02
1.94241e+02,1.93343e+02,1.86267e+02,1.94225e+02
1.94241e+02,1.93347e+02,1.86273e+02,1.94225e+02
1.94241e+02,1.93351e+02,1.86278e+02,1.94225e+02
1.94241e+02,1.93355e+02,1.86284e+02,1.94224e+02
1.94241e+02,1.93359e+02,1.86290e+02,1.94224e+02
1.94241e+02,1.93363e+02,1.86296e+02,1.94224e+02
1.94241e+02,1.93367e+02,1.86302e+02,1.94224e+02
1.94241e+02,1.93371e+02,1.86307e+02,1.94224e+02
1.94241e+02,1.93374e+02,1.86313e+02,1.94223e+02
1.94241e+02,1.93377e+02,1.86319e+02,1.94223e+02
1.94241e+02,1.93380e+02,1.86324e+02,1.94223e+02
1.94241e+02,1.93383e+02,1.86329e+02,1.94223e+02
1.94241e+02,1.93385e+02,1.86335e+02,1.94223e+02
1.94241e+02,1.93388e+02,1.86340e+02,1.94223e+02
1.94241e+02,1.93390e+02,1.86345e+02,1.94223e+02
1.94241e+02,1.93392e+02,1.86350e+02,1.94223e+02
1.94241e+02,1.93394e+02,1.86356e+02,1.94223e+02
1.94241e+02,1.93395e+02,1.86361e+02,1.94223e+02
1.94241e+02,1.93396e+02,1.86366e+02,1.94223e+02
1.94241e+02,1.93397e+02,1.86370e+02,1.94223e+02
1.94241e+02,1.93398e+02,1.86375e+02,1.94222e+02
1.94241e+02,1.93399e+02,1.86380e+02,1.94222e+02
1.94241e+02,1.93399e+02,1.86385e+02,1.94222e+02
1.94241e+02,1.93399e+02,1.86390e+02,1.94222e+02
1.94241e+02,1.93399e+02,1.86395e+02,1.94222e+02
1.94241e+02,1.93400e+02,1.86400e+02,1.94222e+02
1.94241e+02,1.93400e+02,1.86405e+02,1.94222e+02
1.94241e+02,1.93401e+02,1.86410e+02,1.94222e+02
1.94241e+02,1.93401e+02,1.86416e+02,1.94222e+02
1.94241e+02,1.93401e+02,1.86422e+02,1.94222e+02
1.94241e+02,1.93401e+02,1.86427e+02,1.94222e+02
1.94241e+02,1.93401e+02,1.86433e+02,1.94222e+02
1.94241e+02,1.93401e+02,1.86438e+02,1.94221e+02
1.94241e+02,1.93402e+02,1.86444e+02,1.94221e+02
1.94241e+02,1.93402e+02,1.86449e+02,1.94221e+02
1.94241e+02,1.93402e+02,1.86454e+02,1.94221e+02
1.94241e+02,1.93403e+02,1.86461e+02,1.94221e+02
1.94241e+02,1.93404e+02,1.86467e+02,1.94221e+02
1.94241e+02,1.93406e+02,1.86473e+02,1.94221e+02
1.94241e+02,1.93408e+02,1.86479e+02,1.94221e+02
1.94241e+02,1.93410e+02,1.86485e+02,1.94221e+02
1.94241e+02,1.93412e+02,1.86490e+02,1.94221e+02
1.94241e+02,1.93414e+02,1.86496e+02,1.94222e+02
1.94241e+02,1.93417e+02,1.86502e+02,1.94222e+02
