7.86712e+00,0.00000e+00,0.00000e+00,0.00000e+00
2.95611e+00,0.00000e+00,0.00000e+00,0.00000e+00
1.92861e+00,0.00000e+00,0.00000e+00,0.00000e+00
1.51779e+00,0.00000e+00,0.00000e+00,0.00000e+00
1.27629e+00,0.00000e+00,0.00000e+00,4.02994e-03
1.10524e+00,0.00000e+00,0.00000e+00,3.37360e-02
9.87479e-01,0.00000e+00,0.00000e+00,7.71836e-02
8.95677e-01,0.00000e+00,0.00000e+00,1.29684e-01
8.17247e-01,0.00000e+00,0.00000e+00,1.91062e-01
7.52075e-01,0.00000e+00,0.00000e+00,2.59584e-01
6.98924e-01,0.00000e+00,0.00000e+00,3.32062e-01
6.58584e-01,0.00000e+00,0.00000e+00,4.06841e-01
6.23086e-01,0.00000e+00,0.00000e+00,4.85048e-01
5.85662e-01,0.00000e+00,0.00000e+00,5.67851e-01
5.51283e-01,0.00000e+00,0.00000e+00,6.50491e-01
5.22853e-01,0.00000e+00,0.00000e+00,7.30504e-01
4.95066e-01,0.00000e+00,0.00000e+00,8.05493e-01
4.67203e-01,0.00000e+00,0.00000e+00,8.73127e-01
4.42120e-01,0.00000e+00,0.00000e+00,9.31222e-01
4.13652e-01,0.00000e+00,0.00000e+00,9.77845e-01
3.93645e-01,0.00000e+00,0.00000e+00,1.01149e+00
3.76530e-01,0.00000e+00,0.00000e+00,1.03121e+00
3.58513e-01,0.00000e+00,0.00000e+00,1.03658e+00
3.37531e-01,0.00000e+00,0.00000e+00,1.02713e+00
3.18085e-01,0.00000e+00,0.00000e+00,1.00285e+00
2.91401e-01,0.00000e+00,0.00000e+00,9.63300e-01
2.62354e-01,0.00000e+00,0.00000e+00,9.12698e-01
2.31563e-01,0.00000e+00,0.00000e+00,8.62839e-01
2.08640e-01,0.00000e+00,0.00000e+00,8.06707e-01
1.86047e-01,0.00000e+00,0.00000e+00,7.47383e-01
1.60243e-01,1.64167e-02,0.00000e+00,6.93385e-01
1.33442e-01,4.10706e-02,0.00000e+00,6.46042e-01
1.12668e-01,6.76243e-02,0.00000e+00,6.06359e-01
1.00943e-01,9.65227e-02,0.00000e+00,5.78848e-01
9.38670e-02,1.22023e-01,0.00000e+00,5.64480e-01
8.72670e-02,1.47849e-01,0.00000e+00,5.67936e-01
8.30642e-02,1.73980e-01,0.00000e+00,5.76847e-01
7.63947e-02,1.98423e-01,0.00000e+00,5.85169e-01
7.17952e-02,2.25506e-01,0.00000e+00,5.97746e-01
6.48081e-02,2.55136e-01,0.00000e+00,6.13970e-01
5.80024e-02,2.81603e-01,0.00000e+00,6.29049e-01
5.36566e-02,3.07329e-01,0.00000e+00,6.45876e-01
5.12192e-02,3.36060e-01,0.00000e+00,6.52924e-01
4.79143e-02,3.65877e-01,0.00000e+00,6.50252e-01
4.52006e-02,3.90839e-01,0.00000e+00,6.52646e-01
4.25069e-02,4.13525e-01,0.00000e+00,6.45393e-01
4.15664e-02,4.42116e-01,0.00000e+00,6.33546e-01
3.78653e-02,4.68104e-01,0.00000e+00,6.14336e-01
3.46742e-02,4.85372e-01,0.00000e+00,5.99926e-01
3.11893e-02,5.03216e-01,0.00000e+00,5.85425e-01
2.90463e-02,5.21529e-01,0.00000e+00,5.71982e-01
2.78431e-02,5.38451e-01,0.00000e+00,5.59880e-01
2.68021e-02,5.55617e-01,0.00000e+00,5.48430e-01
2.54090e-02,5.72769e-01,0.00000e+00,5.34263e-01
2.32939e-02,5.84477e-01,0.00000e+00,5.21846e-01
2.28141e-02,5.93075e-01,0.00000e+00,5.07906e-01
2.16476e-02,6.02096e-01,0.00000e+00,4.94349e-01
1.94330e-02,6.14552e-01,0.00000e+00,4.77217e-01
1.81375e-02,6.25442e-01,0.00000e+00,4.62793e-01
1.65845e-02,6.35148e-01,0.00000e+00,4.44528e-01
1.61695e-02,6.39785e-01,0.00000e+00,4.29777e-01
1.54374e-02,6.42255e-01,0.00000e+00,4.14777e-01
1.47989e-02,6.43564e-01,0.00000e+00,3.98127e-01
1.40326e-02,6.46415e-01,0.00000e+00,3.85132e-01
1.33462e-02,6.42075e-01,0.00000e+00,3.73975e-01
1.23618e-02,6.38094e-01,0.00000e+00,3.65118e-01
1.14049e-02,6.35349e-01,0.00000e+00,3.58356e-01
1.04462e-02,6.28491e-01,0.00000e+00,3.51850e-01
9.65918e-03,6.20171e-01,0.00000e+00,3.47563e-01
9.06474e-03,6.13187e-01,0.00000e+00,3.46393e-01
8.92419e-03,6.05949e-01,0.00000e+00,3.50016e-01
8.86643e-03,6.00040e-01,0.00000e+00,3.55591e-01
8.02021e-03,5.94795e-01,0.00000e+00,3.59111e-01
7.80771e-03,5.99449e-01,0.00000e+00,3.62793e-01
7.10009e-03,6.05599e-01,0.00000e+00,3.69685e-01
6.68432e-03,6.09914e-01,0.00000e+00,3.75444e-01
6.03711e-03,6.06018e-01,0.00000e+00,3.79908e-01
5.88071e-03,6.10734e-01,0.00000e+00,3.80816e-01
5.53868e-03,6.17912e-01,0.00000e+00,3.83510e-01
5.48022e-03,6.19854e-01,0.00000e+00,3.84888e-01
5.30534e-03,6.23040e-01,0.00000e+00,3.83787e-01
4.87706e-03,6.29585e-01,0.00000e+00,3.83709e-01
4.62990e-03,6.37703e-01,0.00000e+00,3.83037e-01
4.36901e-03,6.51671e-01,0.00000e+00,3.81903e-01
4.12528e-03,6.66101e-01,0.00000e+00,3.78076e-01
3.67336e-03,6.77543e-01,0.00000e+00,3.70248e-01
3.64280e-03,6.85045e-01,0.00000e+00,3.65842e-01
3.49825e-03,6.88903e-01,0.00000e+00,3.60277e-01
3.33623e-03,6.95111e-01,0.00000e+00,3.52903e-01
3.36683e-03,7.02312e-01,0.00000e+00,3.46223e-01
3.21176e-03,7.13266e-01,0.00000e+00,3.39045e-01
2.91144e-03,7.22738e-01,0.00000e+00,3.31319e-01
2.64102e-03,7.30570e-01,0.00000e+00,3.22463e-01
2.45268e-03,7.36633e-01,0.00000e+00,3.18593e-01
2.23844e-03,7.40304e-01,0.00000e+00,3.12372e-01
2.01822e-03,7.35728e-01,0.00000e+00,3.09874e-01
2.00959e-03,7.32505e-01,5.51295e-03,3.07527e-01
1.95827e-03,7.24779e-01,4.06825e-02,3.03426e-01
1.89791e-03,7.17098e-01,4.01802e-02,3.00100e-01
1.87571e-03,7.09516e-01,4.01816e-02,2.98009e-01
1.87014e-03,7.05806e-01,3.96708e-02,2.94406e-01
1.69913e-03,7.01475e-01,3.94739e-02,2.93743e-01
1.49096e-03,6.94963e-01,5.26910e-02,2.95381e-01
1.42848e-03,6.85514e-01,5.32636e-02,2.95999e-01
1.29394e-03,6.79024e-01,5.31195e-02,2.91584e-01
1.21274e-03,6.63942e-01,5.24091e-02,2.94656e-01
1.20713e-03,6.58029e-01,5.17655e-02,2.94342e-01
1.20134e-03,6.53697e-01,5.14395e-02,2.96623e-01
1.15495e-03,6.42212e-01,5.09182e-02,2.93303e-01
1.16454e-03,6.23805e-01,5.47101e-02,2.92530e-01
1.12398e-03,6.25822e-01,5.51673e-02,2.91287e-01
1.03992e-03,6.21260e-01,5.50023e-02,2.90153e-01
8.82375e-04,6.15889e-01,5.42927e-02,2.89303e-01
8.31156e-04,6.10571e-01,5.35923e-02,2.86393e-01
8.13955e-04,6.10039e-01,5.73432e-02,2.84000e-01
7.87408e-04,6.06222e-01,5.65590e-02,2.80493e-01
7.11914e-04,6.04824e-01,5.71038e-02,2.77257e-01
7.13738e-04,6.09021e-01,5.63178e-02,2.74569e-01
6.75059e-04,6.13705e-01,6.00445e-02,2.69165e-01
6.54440e-04,6.18190e-01,6.11749e-02,2.64550e-01
6.65215e-04,6.20398e-01,6.35654e-02,2.58376e-01
6.16205e-04,6.25691e-01,6.27040e-02,2.55510e-01
5.36001e-04,6.32464e-01,6.28697e-02,2.51687e-01
4.88098e-04,6.28797e-01,6.41695e-02,2.47762e-01
4.84504e-04,6.31646e-01,6.50654e-02,2.43612e-01
4.56744e-04,6.35137e-01,6.42046e-02,2.41485e-01
4.21541e-04,6.39417e-01,6.40203e-02,2.37305e-01
4.29563e-04,6.39994e-01,6.63723e-02,2.36307e-01
3.97321e-04,6.42101e-01,6.88031e-02,2.33692e-01
3.98846e-04,6.42042e-01,6.78577e-02,2.31865e-01
4.11214e-04,6.37357e-01,7.01558e-02,2.30197e-01
3.85463e-04,6.37262e-01,7.18870e-02,2.29944e-01
3.36908e-04,6.35559e-01,7.09383e-02,2.29358e-01
3.05141e-04,6.33088e-01,7.07551e-02,2.29725e-01
2.91669e-04,6.35237e-01,7.23842e-02,2.31147e-01
2.82912e-04,6.36512e-01,7.35783e-02,2.32282e-01
2.57162e-04,6.29486e-01,7.32007e-02,2.32573e-01
2.59020e-04,6.29266e-01,7.24098e-02,2.32636e-01
2.53465e-04,6.25143e-01,7.48356e-02,2.33100e-01
2.41884e-04,6.22861e-01,7.89997e-02,2.32062e-01
2.47754e-04,6.17870e-01,7.79013e-02,2.31520e-01
2.46394e-04,6.14970e-01,7.79456e-02,2.30147e-01
2.10536e-04,6.10758e-01,7.96797e-02,2.30193e-01
1.80030e-04,6.07341e-01,8.01002e-02,2.29052e-01
1.73239e-04,6.03765e-01,7.89873e-02,2.27323e-01
1.73446e-04,5.93072e-01,7.78900e-02,2.25395e-01
1.62560e-04,5.83789e-01,7.71480e-02,2.24428e-01
1.61789e-04,5.73136e-01,8.09818e-02,2.22814e-01
1.56219e-04,5.71974e-01,7.98443e-02,2.21041e-01
1.46805e-04,5.76815e-01,8.04737e-02,2.19055e-01
1.47847e-04,5.81367e-01,7.93570e-02,2.18379e-01
1.47340e-04,5.80046e-01,7.89182e-02,2.16656e-01
1.35286e-04,5.73214e-01,8.01352e-02,2.14293e-01
1.21405e-04,5.68991e-01,8.18720e-02,2.09833e-01
1.07488e-04,5.69437e-01,8.10054e-02,2.06581e-01
1.04109e-04,5.72748e-01,8.02135e-02,2.03964e-01
9.78710e-05,5.75231e-01,8.11205e-02,2.01763e-01
9.33125e-05,5.75129e-01,8.04517e-02,2.01571e-01
1.01411e-04,5.73452e-01,8.37688e-02,2.00026e-01
9.06419e-05,5.69501e-01,8.28437e-02,1.97663e-01
9.22932e-05,5.68802e-01,8.32912e-02,1.95314e-01
9.40732e-05,5.68547e-01,8.42987e-02,1.93999e-01
8.98606e-05,5.67730e-01,8.31378e-02,1.94989e-01
8.21149e-05,5.68541e-01,8.22922e-02,1.94781e-01
7.43274e-05,5.67266e-01,8.52220e-02,1.94741e-01
6.84628e-05,5.63830e-01,8.74801e-02,1.95450e-01
6.55674e-05,5.59997e-01,8.72827e-02,1.96220e-01
6.52325e-05,5.55591e-01,8.62355e-02,1.95932e-01
6.33153e-05,5.55686e-01,8.64716e-02,1.93739e-01
5.81990e-05,5.54588e-01,8.80402e-02,1.95065e-01
5.90797e-05,5.48869e-01,8.90540e-02,1.95733e-01
5.89682e-05,5.41684e-01,8.77589e-02,1.93798e-01
5.68150e-05,5.37317e-01,8.79270e-02,1.92528e-01
5.59775e-05,5.32918e-01,8.66846e-02,1.89557e-01
5.22297e-05,5.28543e-01,8.75922e-02,1.87409e-01
4.84538e-05,5.25334e-01,8.75839e-02,1.86665e-01
4.52535e-05,5.21848e-01,8.72710e-02,1.85973e-01
4.37838e-05,5.20835e-01,8.73282e-02,1.84962e-01
4.18076e-05,5.19541e-01,8.77354e-02,1.83990e-01
3.99496e-05,5.15595e-01,8.65433e-02,1.82950e-01
3.98386e-05,5.10130e-01,8.68448e-02,1.82091e-01
3.81152e-05,5.06757e-01,8.64903e-02,1.80072e-01
3.51281e-05,5.09840e-01,8.52482e-02,1.78267e-01
3.41445e-05,5.11984e-01,8.45292e-02,1.76787e-01
3.23346e-05,5.07830e-01,8.48109e-02,1.76042e-01
2.95535e-05,5.01179e-01,8.57795e-02,1.75135e-01
2.71073e-05,4.96767e-01,8.50254e-02,1.74333e-01
2.65579e-05,4.94619e-01,8.46753e-02,1.73389e-01
2.53809e-05,4.91411e-01,8.34558e-02,1.71866e-01
2.50042e-05,4.89468e-01,8.22545e-02,1.70621e-01
2.44210e-05,4.90393e-01,8.27412e-02,1.68077e-01
2.36952e-05,4.88592e-01,8.21844e-02,1.66514e-01
2.17284e-05,4.86934e-01,8.20574e-02,1.66232e-01
2.03072e-05,4.87530e-01,8.20296e-02,1.66340e-01
2.03169e-05,4.86608e-01,8.19750e-02,1.65495e-01
2.06583e-05,4.84973e-01,8.20258e-02,1.64853e-01
1.85860e-05,4.77832e-01,8.29713e-02,1.64154e-01
1.66908e-05,4.76422e-01,8.37542e-02,1.63809e-01
1.64671e-05,4.73396e-01,8.25492e-02,1.63549e-01
1.66533e-05,4.73332e-01,8.14197e-02,1.62731e-01
1.52634e-05,4.72854e-01,8.04340e-02,1.62279e-01
1.54414e-05,4.65904e-01,7.99060e-02,1.61870e-01
1.44099e-05,4.67630e-01,7.90668e-02,1.61464e-01
1.32743e-05,4.69406e-01,8.04694e-02,1.60768e-01
1.28291e-05,4.68639e-01,8.15178e-02,1.60688e-01
1.27505e-05,4.66351e-01,8.09158e-02,1.59753e-01
1.20053e-05,4.66479e-01,7.98859e-02,1.58856e-01
1.04465e-05,4.65090e-01,8.09789e-02,1.57171e-01
9.66300e-06,4.65502e-01,8.10359e-02,1.55692e-01
1.00469e-05,4.61867e-01,8.03374e-02,1.54846e-01
9.46012e-06,4.57618e-01,7.92084e-02,1.54358e-01
8.93774e-06,4.54017e-01,7.91241e-02,1.54196e-01
8.56314e-06,4.50097e-01,7.98735e-02,1.53728e-01
7.76934e-06,4.53408e-01,8.02463e-02,1.52709e-01
7.90390e-06,4.52590e-01,7.97938e-02,1.52155e-01
7.80867e-06,4.43097e-01,7.90768e-02,1.51019e-01
7.42393e-06,4.38980e-01,7.96223e-02,1.49131e-01
6.73193e-06,4.36439e-01,7.96551e-02,1.48022e-01
6.07372e-06,4.36188e-01,7.92473e-02,1.47003e-01
6.02876e-06,4.33709e-01,7.85958e-02,1.46158e-01
5.65239e-06,4.26937e-01,7.77376e-02,1.46194e-01
5.58957e-06,4.26553e-01,7.81979e-02,1.45812e-01
5.33949e-06,4.25244e-01,7.74874e-02,1.44490e-01
4.86647e-06,4.30159e-01,7.75177e-02,1.43997e-01
4.72650e-06,4.32950e-01,7.78236e-02,1.42976e-01
4.62345e-06,4.28594e-01,7.76608e-02,1.42020e-01
4.57390e-06,4.22780e-01,7.72169e-02,1.41165e-01
4.21708e-06,4.21068e-01,7.67617e-02,1.40206e-01
3.86294e-06,4.20582e-01,7.63029e-02,1.40462e-01
3.51430e-06,4.19962e-01,7.60466e-02,1.39131e-01
3.43224e-06,4.19144e-01,7.65216e-02,1.38198e-01
3.44430e-06,4.17500e-01,7.69897e-02,1.37172e-01
3.22627e-06,4.16001e-01,7.63703e-02,1.36501e-01
3.07152e-06,4.13794e-01,7.57101e-02,1.36373e-01
2.88471e-06,4.08026e-01,7.57459e-02,1.36050e-01
2.89928e-06,4.06079e-01,7.52283e-02,1.35953e-01
2.82326e-06,4.02895e-01,7.41448e-02,1.35716e-01
2.67488e-06,3.99890e-01,7.36332e-02,1.35441e-01
2.47750e-06,3.97730e-01,7.28519e-02,1.35047e-01
2.17735e-06,3.96601e-01,7.31110e-02,1.33945e-01
2.15843e-06,3.95875e-01,7.32435e-02,1.32949e-01
2.12299e-06,3.94894e-01,7.37205e-02,1.31734e-01
2.06982e-06,3.93665e-01,7.30113e-02,1.30363e-01
1.93288e-06,3.91759e-01,7.19058e-02,1.29430e-01
1.74066e-06,3.91910e-01,7.09756e-02,1.28824e-01
2.02159e-06,3.91376e-01,7.04299e-02,1.28767e-01
1.84048e-06,3.89641e-01,7.06947e-02,1.28806e-01
1.85073e-06,3.87907e-01,6.97704e-02,1.28101e-01
1.59591e-06,3.87081e-01,6.98574e-02,1.26864e-01
1.40327e-06,3.83712e-01,6.88593e-02,1.26362e-01
1.82113e-06,3.81193e-01,6.86363e-02,1.26048e-01
1.66379e-06,3.77839e-01,6.80672e-02,1.26052e-01
1.58767e-06,3.74057e-01,6.70788e-02,1.25787e-01
1.45470e-06,3.73612e-01,6.83387e-02,1.25421e-01
1.48837e-06,3.73957e-01,6.89696e-02,1.25098e-01
1.44552e-06,3.73522e-01,6.86781e-02,1.24601e-01
1.31624e-06,3.71873e-01,6.82322e-02,1.24081e-01
1.20545e-06,3.69007e-01,6.86106e-02,1.23421e-01
1.17446e-06,3.67383e-01,6.77755e-02,1.22716e-01
1.19237e-06,3.66219e-01,6.73126e-02,1.22026e-01
1.16256e-06,3.66086e-01,6.73844e-02,1.21544e-01
1.08312e-06,3.65800e-01,6.71718e-02,1.21398e-01
9.96604e-07,3.65790e-01,6.62210e-02,1.21080e-01
9.40833e-07,3.69629e-01,6.57052e-02,1.20366e-01
9.14233e-07,3.69298e-01,6.51261e-02,1.19011e-01
9.18482e-07,3.67064e-01,6.47649e-02,1.17799e-01
8.62989e-07,3.62748e-01,6.47937e-02,1.16452e-01
7.57557e-07,3.58454e-01,6.38271e-02,1.14815e-01
7.20632e-07,3.53662e-01,6.37071e-02,1.13732e-01
7.36713e-07,3.53264e-01,6.34257e-02,1.12596e-01
7.33815e-07,3.54533e-01,6.26831e-02,1.11861e-01
6.98777e-07,3.49919e-01,6.20742e-02,1.11106e-01
6.36870e-07,3.47470e-01,6.13770e-02,1.10251e-01
5.96147e-07,3.46226e-01,6.09443e-02,1.09543e-01
5.59726e-07,3.42355e-01,6.05988e-02,1.08794e-01
5.72257e-07,3.41055e-01,6.24118e-02,1.08422e-01
5.56017e-07,3.40793e-01,6.19054e-02,1.08149e-01
5.04275e-07,3.41520e-01,6.09894e-02,1.07537e-01
4.40401e-07,3.40177e-01,6.12114e-02,1.06963e-01
4.50759e-07,3.41612e-01,6.06837e-02,1.07252e-01
4.58006e-07,3.41277e-01,6.09582e-02,1.07443e-01
4.45713e-07,3.39194e-01,6.05727e-02,1.07453e-01
4.15181e-07,3.37650e-01,6.05380e-02,1.07696e-01
3.71564e-07,3.34939e-01,6.05872e-02,1.07734e-01
3.57477e-07,3.36131e-01,5.99003e-02,1.07930e-01
3.48840e-07,3.33334e-01,5.97248e-02,1.08375e-01
3.51185e-07,3.31773e-01,5.94159e-02,1.08770e-01
3.29839e-07,3.30805e-01,5.90988e-02,1.08625e-01
2.88727e-07,3.26378e-01,6.00400e-02,1.08357e-01
2.73794e-07,3.24538e-01,5.91413e-02,1.07653e-01
2.82867e-07,3.23697e-01,5.87504e-02,1.07163e-01
2.81055e-07,3.20694e-01,5.86883e-02,1.06483e-01
2.67623e-07,3.18450e-01,5.77531e-02,1.06117e-01
2.44639e-07,3.14992e-01,5.69608e-02,1.05763e-01
2.23351e-07,3.13969e-01,5.65944e-02,1.05120e-01
2.15490e-07,3.10844e-01,5.65767e-02,1.04748e-01
2.17033e-07,3.08593e-01,5.68538e-02,1.03948e-01
2.11468e-07,3.05751e-01,5.61801e-02,1.03245e-01
1.92246e-07,3.03612e-01,5.57081e-02,1.02421e-01
1.71717e-07,3.03464e-01,5.51331e-02,1.01958e-01
1.73170e-07,3.01044e-01,5.49809e-02,1.01897e-01
1.75283e-07,2.98782e-01,5.44118e-02,1.01896e-01
1.70527e-07,2.99416e-01,5.43398e-02,1.01942e-01
1.59325e-07,3.01269e-01,5.40888e-02,1.01293e-01
1.43577e-07,2.99115e-01,5.39491e-02,1.00403e-01
1.35547e-07,2.97197e-01,5.41692e-02,9.98706e-02
1.30992e-07,2.97910e-01,5.43084e-02,9.96066e-02
1.32659e-07,2.95824e-01,5.38710e-02,9.94117e-02
1.25386e-07,2.93687e-01,5.38735e-02,9.91411e-02
1.13462e-07,2.92391e-01,5.44843e-02,9.86860e-02
1.05417e-07,2.91855e-01,5.38732e-02,9.84046e-02
1.08249e-07,2.91837e-01,5.32375e-02,9.80611e-02
1.07432e-07,2.91310e-01,5.24235e-02,9.76975e-02
1.02581e-07,2.89696e-01,5.25342e-02,9.68440e-02
9.43876e-08,2.89333e-01,5.29177e-02,9.73725e-02
8.43101e-08,2.90231e-01,5.28971e-02,9.79697e-02
8.27231e-08,2.89411e-01,5.26900e-02,9.83479e-02
8.12959e-08,2.88732e-01,5.22897e-02,9.88082e-02
7.99731e-08,2.87598e-01,5.21748e-02,9.84740e-02
7.43256e-08,2.85571e-01,5.14171e-02,9.80906e-02
6.85039e-08,2.85078e-01,5.08981e-02,9.77018e-02
6.63488e-08,2.85920e-01,5.12702e-02,9.71923e-02
6.69715e-08,2.85769e-01,5.07017e-02,9.65218e-02
6.52900e-08,2.83780e-01,5.05932e-02,9.57202e-02
6.13715e-08,2.81973e-01,5.01417e-02,9.47524e-02
5.58439e-08,2.81270e-01,4.97145e-02,9.37256e-02
5.12132e-08,2.80431e-01,4.99748e-02,9.23142e-02
5.07567e-08,2.79510e-01,4.94773e-02,9.11033e-02
4.98146e-08,2.78727e-01,4.91009e-02,8.96545e-02
4.77143e-08,2.77487e-01,4.88676e-02,8.87825e-02
4.48393e-08,2.77329e-01,4.84324e-02,8.80646e-02
4.17247e-08,2.76656e-01,4.81459e-02,8.72404e-02
4.13802e-08,2.75353e-01,4.83719e-02,8.65549e-02
4.10997e-08,2.73596e-01,4.79711e-02,8.59122e-02
3.94515e-08,2.71396e-01,4.79412e-02,8.50997e-02
3.66225e-08,2.69863e-01,4.75812e-02,8.43118e-02
3.30878e-08,2.70470e-01,4.75706e-02,8.34300e-02
3.16161e-08,2.69310e-01,4.72395e-02,8.30501e-02
3.12585e-08,2.67375e-01,4.72585e-02,8.27285e-02
3.02415e-08,2.65305e-01,4.66464e-02,8.22054e-02
2.91410e-08,2.63653e-01,4.65052e-02,8.24008e-02
2.73244e-08,2.62609e-01,4.66340e-02,8.25076e-02
2.54123e-08,2.60117e-01,4.68397e-02,8.24899e-02
2.56195e-08,2.57369e-01,4.63376e-02,8.24623e-02
2.50776e-08,2.55570e-01,4.65027e-02,8.24885e-02
2.37578e-08,2.55496e-01,4.61879e-02,8.26385e-02
2.18428e-08,2.54464e-01,4.60710e-02,8.28085e-02
1.96606e-08,2.53372e-01,4.59177e-02,8.29778e-02
1.95656e-08,2.50404e-01,4.54521e-02,8.29330e-02
1.92816e-08,2.47325e-01,4.50817e-02,8.23407e-02
1.86383e-08,2.46366e-01,4.45548e-02,8.20950e-02
1.77774e-08,2.45754e-01,4.43815e-02,8.18580e-02
1.66353e-08,2.44563e-01,4.46202e-02,8.15922e-02
1.58473e-08,2.42556e-01,4.44113e-02,8.16352e-02
1.57761e-08,2.40827e-01,4.45951e-02,8.19819e-02
1.52427e-08,2.39105e-01,4.44816e-02,8.23537e-02
1.42801e-08,2.39791e-01,4.40453e-02,8.22677e-02
1.30326e-08,2.38484e-01,4.36598e-02,8.22136e-02
1.20037e-08,2.38725e-01,4.37730e-02,8.21819e-02
1.21104e-08,2.37190e-01,4.31444e-02,8.19383e-02
1.18961e-08,2.34986e-01,4.31597e-02,8.17130e-02
1.14783e-08,2.35180e-01,4.31748e-02,8.11452e-02
1.08889e-08,2.34546e-01,4.28203e-02,8.08896e-02
1.00689e-08,2.33736e-01,4.30263e-02,8.01290e-02
9.83781e-09,2.32193e-01,4.28916e-02,7.92144e-02
9.67653e-09,2.32153e-01,4.27967e-02,7.84308e-02
9.23888e-09,2.31629e-01,4.22280e-02,7.80699e-02
8.57094e-09,2.30816e-01,4.23365e-02,7.78305e-02
7.77763e-09,2.30384e-01,4.23731e-02,7.74287e-02
7.46616e-09,2.29911e-01,4.17856e-02,7.68748e-02
7.48989e-09,2.29225e-01,4.15957e-02,7.63153e-02
7.33865e-09,2.28985e-01,4.15542e-02,7.56796e-02
7.06081e-09,2.28044e-01,4.11229e-02,7.49690e-02
6.64701e-09,2.28820e-01,4.10364e-02,7.44729e-02
6.09581e-09,2.30399e-01,4.07210e-02,7.40029e-02
6.08542e-09,2.31162e-01,4.01927e-02,7.35958e-02
5.91559e-09,2.29696e-01,3.99027e-02,7.32144e-02
5.58456e-09,2.28829e-01,3.95410e-02,7.31821e-02
5.13478e-09,2.27500e-01,3.92479e-02,7.31942e-02
4.64019e-09,2.26856e-01,3.89452e-02,7.32840e-02
4.63442e-09,2.26073e-01,3.84458e-02,7.34111e-02
4.63079e-09,2.23772e-01,3.86250e-02,7.34350e-02
4.52881e-09,2.23037e-01,3.88803e-02,7.33643e-02
4.33890e-09,2.22294e-01,3.85239e-02,7.33292e-02
4.04532e-09,2.21819e-01,3.84594e-02,7.32407e-02
3.79832e-09,2.20764e-01,3.80568e-02,7.29754e-02
3.75145e-09,2.19704e-01,3.78638e-02,7.25067e-02
3.60336e-09,2.19352e-01,3.82902e-02,7.22620e-02
3.36419e-09,2.19094e-01,3.82418e-02,7.19530e-02
3.06854e-09,2.18437e-01,3.81710e-02,7.16349e-02
2.81152e-09,2.17330e-01,3.78688e-02,7.09644e-02
2.87382e-09,2.15513e-01,3.75727e-02,7.01385e-02
2.86610e-09,2.14387e-01,3.74816e-02,6.93961e-02
2.79742e-09,2.12669e-01,3.71086e-02,6.85966e-02
2.66356e-09,2.10870e-01,3.68452e-02,6.78745e-02
2.45476e-09,2.09836e-01,3.63889e-02,6.72068e-02
2.35963e-09,2.09455e-01,3.59133e-02,6.66935e-02
2.30318e-09,2.06444e-01,3.62328e-02,6.62831e-02
2.18498e-09,2.05010e-01,3.61341e-02,6.60408e-02
2.01811e-09,2.03519e-01,3.60633e-02,6.57456e-02
1.82910e-09,2.02160e-01,3.58854e-02,6.50299e-02
1.74898e-09,2.00869e-01,3.55133e-02,6.48628e-02
1.78413e-09,1.98830e-01,3.58258e-02,6.47916e-02
1.77807e-09,1.97675e-01,3.60814e-02,6.48212e-02
1.72961e-09,1.96881e-01,3.57881e-02,6.47199e-02
1.63260e-09,1.96557e-01,3.53006e-02,6.48279e-02
1.48037e-09,1.97594e-01,3.48228e-02,6.49834e-02
1.42698e-09,1.97716e-01,3.46255e-02,6.50965e-02
1.40655e-09,1.98348e-01,3.44114e-02,6.52573e-02
1.31765e-09,1.97800e-01,3.42997e-02,6.52226e-02
1.20531e-09,1.96811e-01,3.45338e-02,6.51895e-02
1.08885e-09,1.96542e-01,3.44251e-02,6.51122e-02
1.08912e-09,1.95601e-01,3.45132e-02,6.48668e-02
1.11126e-09,1.95796e-01,3.46655e-02,6.45833e-02
1.10607e-09,1.95515e-01,3.43969e-02,6.45378e-02
1.06946e-09,1.94954e-01,3.41948e-02,6.44963e-02
9.40292e-10,1.94538e-01,3.42631e-02,6.43976e-02
8.40063e-10,1.95156e-01,3.40021e-02,6.42777e-02
8.95262e-10,1.95974e-01,3.41529e-02,6.40977e-02
8.53465e-10,1.95843e-01,3.37358e-02,6.40887e-02
7.89975e-10,1.95154e-01,3.35615e-02,6.40494e-02
7.17449e-10,1.94446e-01,3.32252e-02,6.40429e-02
6.50636e-10,1.94085e-01,3.30087e-02,6.40065e-02
6.80895e-10,1.92360e-01,3.30327e-02,6.38008e-02
6.95064e-10,1.91122e-01,3.26520e-02,6.34419e-02
6.87506e-10,1.89683e-01,3.25049e-02,6.31712e-02
5.76702e-10,1.88009e-01,3.22631e-02,6.29561e-02
5.72557e-10,1.86318e-01,3.20202e-02,6.27439e-02
5.29437e-10,1.84746e-01,3.19387e-02,6.25385e-02
5.48490e-10,1.83280e-01,3.17446e-02,6.22671e-02
5.14278e-10,1.83258e-01,3.14400e-02,6.19590e-02
4.71232e-10,1.83172e-01,3.12843e-02,6.14272e-02
4.26690e-10,1.83815e-01,3.09104e-02,6.08030e-02
4.07933e-10,1.83163e-01,3.06393e-02,6.00033e-02
4.28052e-10,1.81757e-01,3.05110e-02,5.93385e-02
4.36216e-10,1.80022e-01,3.04356e-02,5.90965e-02
3.60584e-10,1.79351e-01,3.05151e-02,5.88484e-02
3.59515e-10,1.79127e-01,3.01650e-02,5.83982e-02
3.47004e-10,1.78144e-01,3.00061e-02,5.81005e-02
3.50027e-10,1.77707e-01,2.98842e-02,5.78555e-02
3.32442e-10,1.77433e-01,2.96062e-02,5.75143e-02
3.07922e-10,1.76079e-01,2.94958e-02,5.72931e-02
2.80302e-10,1.76379e-01,2.94479e-02,5.73350e-02
2.54501e-10,1.76417e-01,2.96862e-02,5.73886e-02
2.57593e-10,1.76107e-01,2.98777e-02,5.74734e-02
2.70458e-10,1.75573e-01,2.98820e-02,5.76519e-02
2.29618e-10,1.74339e-01,3.04723e-02,5.75701e-02
2.24396e-10,1.73560e-01,3.01637e-02,5.72693e-02
2.25278e-10,1.72839e-01,3.01927e-02,5.69259e-02
2.13563e-10,1.71952e-01,2.98580e-02,5.65946e-02
2.13483e-10,1.71131e-01,2.96942e-02,5.59929e-02
2.00007e-10,1.71234e-01,2.93749e-02,5.55790e-02
1.83539e-10,1.70944e-01,2.93027e-02,5.56494e-02
1.66837e-10,1.70075e-01,2.92435e-02,5.57281e-02
1.52854e-10,1.69011e-01,2.89782e-02,5.57902e-02
1.63793e-10,1.68105e-01,2.93023e-02,5.58008e-02
1.48240e-10,1.66726e-01,2.93730e-02,5.57034e-02
1.40248e-10,1.66107e-01,2.91903e-02,5.55989e-02
1.41118e-10,1.65106e-01,2.88986e-02,5.54196e-02
1.40257e-10,1.63416e-01,2.85197e-02,5.52807e-02
1.36310e-10,1.61732e-01,2.81895e-02,5.51443e-02
1.29147e-10,1.60700e-01,2.84564e-02,5.49699e-02
1.19624e-10,1.60771e-01,2.83825e-02,5.47731e-02
1.09245e-10,1.60218e-01,2.85001e-02,5.45387e-02
9.97677e-11,1.60805e-01,2.86809e-02,5.42813e-02
9.65929e-11,1.60731e-01,2.87290e-02,5.39402e-02
9.64277e-11,1.60599e-01,2.93771e-02,5.35796e-02
8.79576e-11,1.60399e-01,2.91400e-02,5.34040e-02
8.83348e-11,1.60215e-01,2.88129e-02,5.34417e-02
8.82898e-11,1.59397e-01,2.86669e-02,5.35324e-02
8.96438e-11,1.59465e-01,2.83100e-02,5.36021e-02
8.29538e-11,1.59169e-01,2.80976e-02,5.35792e-02
7.75829e-11,1.58676e-01,2.77380e-02,5.36181e-02
7.13159e-11,1.56641e-01,2.79771e-02,5.34108e-02
6.51826e-11,1.56254e-01,2.82888e-02,5.34224e-02
6.01487e-11,1.55539e-01,2.79472e-02,5.34240e-02
6.15607e-11,1.54634e-01,2.75883e-02,5.33107e-02
5.54670e-11,1.54536e-01,2.75478e-02,5.31392e-02
5.53489e-11,1.54854e-01,2.71996e-02,5.30992e-02
5.54554e-11,1.54650e-01,2.73872e-02,5.30007e-02
5.58499e-11,1.53974e-01,2.70231e-02,5.29222e-02
5.30452e-11,1.53338e-01,2.74579e-02,5.28568e-02
5.00900e-11,1.51901e-01,2.76465e-02,5.27659e-02
4.63819e-11,1.51327e-01,2.75435e-02,5.26631e-02
4.25282e-11,1.50971e-01,2.73917e-02,5.25401e-02
3.91302e-11,1.49855e-01,2.74001e-02,5.23329e-02
3.66271e-11,1.48395e-01,2.72139e-02,5.21332e-02
3.52219e-11,1.48297e-01,2.72000e-02,5.18573e-02
3.47840e-11,1.47765e-01,2.75034e-02,5.15490e-02
3.47974e-11,1.46476e-01,2.72286e-02,5.10227e-02
3.46134e-11,1.45912e-01,2.70467e-02,5.03944e-02
3.65179e-11,1.45229e-01,2.68543e-02,4.98311e-02
3.22138e-11,1.44932e-01,2.72530e-02,4.92820e-02
3.00597e-11,1.45186e-01,2.73433e-02,4.87874e-02
2.76798e-11,1.44972e-01,2.71525e-02,4.82435e-02
2.54618e-11,1.45020e-01,2.69054e-02,4.77416e-02
2.36933e-11,1.44565e-01,2.66145e-02,4.73149e-02
2.06804e-11,1.43803e-01,2.62908e-02,4.69356e-02
2.19689e-11,1.43225e-01,2.61851e-02,4.66541e-02
2.18487e-11,1.41758e-01,2.61565e-02,4.64638e-02
2.17926e-11,1.39801e-01,2.65214e-02,4.63520e-02
2.31384e-11,1.38879e-01,2.63155e-02,4.63434e-02
2.16236e-11,1.37804e-01,2.61087e-02,4.63997e-02
1.94239e-11,1.36962e-01,2.64555e-02,4.64618e-02
1.79734e-11,1.36025e-01,2.61698e-02,4.63637e-02
1.65476e-11,1.35729e-01,2.59406e-02,4.63831e-02
1.53507e-11,1.35703e-01,2.58675e-02,4.64306e-02
1.24975e-11,1.36187e-01,2.56910e-02,4.65820e-02
1.32030e-11,1.37287e-01,2.55764e-02,4.64029e-02
1.37550e-11,1.36753e-01,2.55251e-02,4.61656e-02
1.37023e-11,1.36038e-01,2.59766e-02,4.61680e-02
1.41628e-11,1.35390e-01,2.58028e-02,4.61888e-02
1.36334e-11,1.34773e-01,2.62659e-02,4.62101e-02
1.28642e-11,1.33420e-01,2.62288e-02,4.61910e-02
1.16495e-11,1.32485e-01,2.61540e-02,4.59690e-02
1.00275e-11,1.31775e-01,2.59850e-02,4.58765e-02
9.94259e-12,1.30646e-01,2.57214e-02,4.58134e-02
8.59236e-12,1.30183e-01,2.56182e-02,4.57341e-02
7.63697e-12,1.30203e-01,2.53476e-02,4.57899e-02
8.43862e-12,1.29971e-01,2.50975e-02,4.58760e-02
8.61883e-12,1.29830e-01,2.48277e-02,4.59417e-02
8.73898e-12,1.29524e-01,2.46828e-02,4.60161e-02
8.52586e-12,1.29454e-01,2.43788e-02,4.60757e-02
8.05837e-12,1.29746e-01,2.41264e-02,4.60059e-02
7.67851e-12,1.30154e-01,2.39021e-02,4.57024e-02
6.28957e-12,1.30297e-01,2.40849e-02,4.53119e-02
6.25225e-12,1.29647e-01,2.38259e-02,4.50532e-02
5.77887e-12,1.28578e-01,2.35495e-02,4.48149e-02
4.47106e-12,1.27929e-01,2.36317e-02,4.45061e-02
4.90144e-12,1.26569e-01,2.33563e-02,4.42724e-02
5.39397e-12,1.25692e-01,2.32821e-02,4.40408e-02
5.39149e-12,1.24780e-01,2.29959e-02,4.38139e-02
5.48888e-12,1.23526e-01,2.29510e-02,4.35446e-02
5.15257e-12,1.22780e-01,2.28475e-02,4.33562e-02
4.92909e-12,1.22168e-01,2.27638e-02,4.31738e-02
4.19065e-12,1.22082e-01,2.24823e-02,4.29789e-02
3.65557e-12,1.21773e-01,2.22239e-02,4.28677e-02
3.72772e-12,1.21746e-01,2.22834e-02,4.27659e-02
2.95267e-12,1.21415e-01,2.20558e-02,4.25857e-02
2.79486e-12,1.20349e-01,2.22982e-02,4.23392e-02
3.14820e-12,1.19607e-01,2.23890e-02,4.21881e-02
3.39676e-12,1.19128e-01,2.21730e-02,4.19725e-02
3.51015e-12,1.19189e-01,2.19899e-02,4.17953e-02
3.28591e-12,1.19405e-01,2.22939e-02,4.17851e-02
3.14134e-12,1.19688e-01,2.25201e-02,4.18563e-02
2.93453e-12,1.19995e-01,2.22768e-02,4.19752e-02
2.37445e-12,1.19418e-01,2.20991e-02,4.21167e-02
2.40652e-12,1.18407e-01,2.18952e-02,4.21532e-02
1.94614e-12,1.17564e-01,2.16451e-02,4.21106e-02
1.75618e-12,1.17254e-01,2.16541e-02,4.19073e-02
1.80282e-12,1.17759e-01,2.16921e-02,4.17943e-02
2.02175e-12,1.18276e-01,2.16690e-02,4.16253e-02
2.22503e-12,1.17451e-01,2.14682e-02,4.14813e-02
2.05857e-12,1.16170e-01,2.14385e-02,4.13662e-02
2.01630e-12,1.15534e-01,2.13919e-02,4.11318e-02
1.87817e-12,1.14938e-01,2.11383e-02,4.08726e-02
1.72740e-12,1.14309e-01,2.11600e-02,4.05377e-02
1.45625e-12,1.13566e-01,2.11870e-02,4.01927e-02
1.26402e-12,1.13114e-01,2.11689e-02,3.98538e-02
1.09749e-12,1.12559e-01,2.10674e-02,3.96273e-02
1.07323e-12,1.12155e-01,2.12499e-02,3.94107e-02
1.16382e-12,1.11832e-01,2.13326e-02,3.91970e-02
1.31243e-12,1.11715e-01,2.12956e-02,3.89805e-02
1.35296e-12,1.11181e-01,2.10377e-02,3.87348e-02
1.28755e-12,1.10451e-01,2.08401e-02,3.85988e-02
1.22929e-12,1.10575e-01,2.07364e-02,3.84606e-02
1.07750e-12,1.10876e-01,2.08339e-02,3.83836e-02
9.82847e-13,1.10665e-01,2.06527e-02,3.82291e-02
8.24587e-13,1.10237e-01,2.04024e-02,3.81327e-02
6.60173e-13,1.09790e-01,2.01678e-02,3.80943e-02
6.92144e-13,1.09107e-01,2.01803e-02,3.80496e-02
6.56331e-13,1.08728e-01,2.00111e-02,3.79672e-02
7.50878e-13,1.08361e-01,1.97779e-02,3.79139e-02
9.03351e-13,1.07470e-01,1.95487e-02,3.77826e-02
7.93122e-13,1.07586e-01,1.93281e-02,3.76522e-02
7.90610e-13,1.07295e-01,1.95432e-02,3.75907e-02
6.41444e-13,1.06640e-01,1.94685e-02,3.75444e-02
6.76179e-13,1.06006e-01,1.92570e-02,3.75086e-02
5.71516e-13,1.04991e-01,1.91603e-02,3.74870e-02
4.30395e-13,1.04241e-01,1.89451e-02,3.74759e-02
4.13337e-13,1.03501e-01,1.88820e-02,3.74466e-02
4.23330e-13,1.03054e-01,1.88817e-02,3.74090e-02
4.26480e-13,1.02835e-01,1.86859e-02,3.73885e-02
5.09070e-13,1.02564e-01,1.89044e-02,3.73550e-02
5.16866e-13,1.02374e-01,1.90890e-02,3.72617e-02
4.99863e-13,1.01896e-01,1.90642e-02,3.73731e-02
4.22443e-13,1.01724e-01,1.91788e-02,3.73785e-02
4.04171e-13,1.01742e-01,1.90147e-02,3.74301e-02
3.80068e-13,1.01631e-01,1.88838e-02,3.75450e-02
3.12216e-13,1.01204e-01,1.89448e-02,3.76510e-02
2.38806e-13,1.00886e-01,1.90835e-02,3.76861e-02
2.68451e-13,1.00221e-01,1.89489e-02,3.77587e-02
2.57669e-13,9.96620e-02,1.87626e-02,3.77859e-02
2.76862e-13,9.92963e-02,1.86095e-02,3.77738e-02
3.45487e-13,9.90529e-02,1.86567e-02,3.77818e-02
3.01222e-13,9.84613e-02,1.85583e-02,3.77389e-02
2.74290e-13,9.81841e-02,1.88419e-02,3.76213e-02
2.35410e-13,9.78634e-02,1.87926e-02,3.73900e-02
2.45232e-13,9.69728e-02,1.89268e-02,3.71443e-02
2.30541e-13,9.68823e-02,1.87118e-02,3.69862e-02
1.75933e-13,9.69960e-02,1.87280e-02,3.68208e-02
1.55422e-13,9.74369e-02,1.91257e-02,3.66054e-02
1.67787e-13,9.77092e-02,1.92164e-02,3.64129e-02
1.62558e-13,9.75849e-02,1.90821e-02,3.62102e-02
1.92508e-13,9.81225e-02,1.88677e-02,3.58880e-02
2.00102e-13,9.83207e-02,1.86360e-02,3.55887e-02
1.77897e-13,9.72111e-02,1.84242e-02,3.53791e-02
1.49333e-13,9.69464e-02,1.82378e-02,3.51762e-02
1.54394e-13,9.65994e-02,1.83554e-02,3.47648e-02
1.55844e-13,9.61528e-02,1.82040e-02,3.45160e-02
1.30597e-13,9.57049e-02,1.82660e-02,3.42835e-02
1.00136e-13,9.48586e-02,1.84249e-02,3.40913e-02
1.02295e-13,9.48263e-02,1.82917e-02,3.38867e-02
1.02727e-13,9.45083e-02,1.81571e-02,3.36326e-02
1.06965e-13,9.41128e-02,1.81983e-02,3.34597e-02
1.29564e-13,9.38721e-02,1.79957e-02,3.33326e-02
1.13812e-13,9.34880e-02,1.78322e-02,3.30917e-02
9.54683e-14,9.27351e-02,1.76309e-02,3.29502e-02
9.06680e-14,9.25706e-02,1.76009e-02,3.28497e-02
9.81975e-14,9.22273e-02,1.74867e-02,3.27902e-02
9.61939e-14,9.19346e-02,1.74203e-02,3.27113e-02
7.48752e-14,9.15511e-02,1.73319e-02,3.26819e-02
5.94185e-14,9.10367e-02,1.74419e-02,3.26153e-02
6.77542e-14,9.09056e-02,1.73962e-02,3.25289e-02
6.74476e-14,9.04948e-02,1.72892e-02,3.25121e-02
7.17036e-14,9.05552e-02,1.71293e-02,3.24575e-02
7.95184e-14,9.00804e-02,1.71012e-02,3.23452e-02
6.22569e-14,8.96294e-02,1.73914e-02,3.22410e-02
5.80002e-14,8.93541e-02,1.72053e-02,3.21511e-02
5.82726e-14,8.92314e-02,1.71093e-02,3.20854e-02
6.45468e-14,8.90661e-02,1.69295e-02,3.21235e-02
5.60741e-14,8.88639e-02,1.70700e-02,3.22303e-02
4.44753e-14,8.87416e-02,1.68880e-02,3.23356e-02
4.04067e-14,8.87475e-02,1.67091e-02,3.24260e-02
4.39978e-14,8.85518e-02,1.65430e-02,3.25165e-02
4.44062e-14,8.83584e-02,1.63709e-02,3.25488e-02
4.93128e-14,8.79891e-02,1.62167e-02,3.25806e-02
4.28323e-14,8.73593e-02,1.60488e-02,3.26139e-02
3.72957e-14,8.67155e-02,1.58989e-02,3.26136e-02
3.75813e-14,8.62583e-02,1.57956e-02,3.26293e-02
4.14233e-14,8.61457e-02,1.58042e-02,3.26334e-02
3.98642e-14,8.51559e-02,1.58399e-02,3.26205e-02
3.41029e-14,8.44796e-02,1.57498e-02,3.25036e-02
2.80492e-14,8.39711e-02,1.61779e-02,3.24236e-02
2.86894e-14,8.35236e-02,1.60210e-02,3.23663e-02
2.98220e-14,8.32969e-02,1.59347e-02,3.22598e-02
2.95618e-14,8.30009e-02,1.60659e-02,3.21298e-02
3.12035e-14,8.28910e-02,1.60885e-02,3.20323e-02
2.59269e-14,8.24733e-02,1.60720e-02,3.18899e-02
2.55672e-14,8.22750e-02,1.62002e-02,3.15459e-02
2.66652e-14,8.15785e-02,1.60242e-02,3.13354e-02
2.84041e-14,8.10094e-02,1.59260e-02,3.11417e-02
2.58168e-14,8.11877e-02,1.61285e-02,3.09737e-02
2.21712e-14,8.10795e-02,1.59751e-02,3.08276e-02
1.94072e-14,8.08631e-02,1.58033e-02,3.06853e-02
2.10996e-14,8.06585e-02,1.56343e-02,3.05909e-02
2.08333e-14,8.08384e-02,1.55485e-02,3.05417e-02
2.16359e-14,8.06188e-02,1.53889e-02,3.05170e-02
2.02504e-14,8.03972e-02,1.52542e-02,3.05032e-02
1.85128e-14,8.06230e-02,1.52085e-02,3.05270e-02
1.85677e-14,8.08313e-02,1.50339e-02,3.05166e-02
1.97080e-14,8.08963e-02,1.50012e-02,3.04377e-02
1.92573e-14,8.09498e-02,1.48417e-02,3.03648e-02
1.83026e-14,8.07445e-02,1.50104e-02,3.02608e-02
1.64485e-14,8.02196e-02,1.48656e-02,3.01437e-02
1.58151e-14,7.98270e-02,1.48418e-02,3.00819e-02
1.64369e-14,7.89546e-02,1.47582e-02,3.00601e-02
1.59416e-14,7.82729e-02,1.46165e-02,3.00090e-02
1.54681e-14,7.79088e-02,1.47155e-02,2.99988e-02
1.52889e-14,7.78403e-02,1.46616e-02,2.99631e-02
1.46329e-14,7.78364e-02,1.48201e-02,2.98824e-02
1.50329e-14,7.75322e-02,1.46586e-02,2.97869e-02
1.55100e-14,7.70649e-02,1.44918e-02,2.96979e-02
1.51408e-14,7.63155e-02,1.44478e-02,2.96037e-02
1.45236e-14,7.57121e-02,1.44493e-02,2.95058e-02
1.39084e-14,7.51549e-02,1.42828e-02,2.94211e-02
1.38175e-14,7.47138e-02,1.44315e-02,2.93309e-02
1.35826e-14,7.47076e-02,1.45972e-02,2.92136e-02
1.34924e-14,7.48908e-02,1.44737e-02,2.90994e-02
1.31591e-14,7.48454e-02,1.44725e-02,2.89830e-02
1.29858e-14,7.49718e-02,1.44661e-02,2.88663e-02
1.29135e-14,7.50536e-02,1.43079e-02,2.87530e-02
1.30380e-14,7.51214e-02,1.41526e-02,2.86358e-02
1.34861e-14,7.49219e-02,1.40449e-02,2.84990e-02
1.31718e-14,7.41697e-02,1.42663e-02,2.83698e-02
1.29275e-14,7.39462e-02,1.41873e-02,2.82484e-02
1.28135e-14,7.40173e-02,1.41880e-02,2.81269e-02
1.23691e-14,7.38219e-02,1.40371e-02,2.79912e-02
1.25375e-14,7.36836e-02,1.41456e-02,2.78829e-02
1.24456e-14,7.35192e-02,1.42096e-02,2.77845e-02
1.22602e-14,7.36058e-02,1.41613e-02,2.76958e-02
1.22816e-14,7.34087e-02,1.41793e-02,2.76182e-02
1.22996e-14,7.35708e-02,1.41535e-02,2.75529e-02
1.22057e-14,7.33188e-02,1.40798e-02,2.75007e-02
1.22357e-14,7.29229e-02,1.39280e-02,2.74328e-02
1.21635e-14,7.25006e-02,1.41299e-02,2.73223e-02
1.19963e-14,7.20845e-02,1.42784e-02,2.72855e-02
1.20605e-14,7.15424e-02,1.41814e-02,2.71300e-02
1.19717e-14,7.09169e-02,1.40314e-02,2.70717e-02
1.19739e-14,7.02859e-02,1.40047e-02,2.70561e-02
1.20657e-14,6.96580e-02,1.41833e-02,2.70496e-02
1.20843e-14,6.91909e-02,1.43024e-02,2.70507e-02
1.19372e-14,6.93651e-02,1.43006e-02,2.70394e-02
1.19116e-14,6.93802e-02,1.42747e-02,2.70441e-02
1.21221e-14,6.94083e-02,1.44767e-02,2.70552e-02
1.19152e-14,6.87886e-02,1.43346e-02,2.70668e-02
1.19066e-14,6.88998e-02,1.43951e-02,2.70721e-02
1.20620e-14,6.90068e-02,1.43332e-02,2.70756e-02
1.19218e-14,6.87317e-02,1.45953e-02,2.70776e-02
1.19339e-14,6.83096e-02,1.44359e-02,2.70746e-02
1.19918e-14,6.77260e-02,1.46926e-02,2.70536e-02
1.20004e-14,6.71159e-02,1.47547e-02,2.70359e-02
1.20126e-14,6.65328e-02,1.46134e-02,2.70067e-02
1.19207e-14,6.62421e-02,1.46238e-02,2.69334e-02
1.18208e-14,6.58066e-02,1.44678e-02,2.68829e-02
1.19349e-14,6.55509e-02,1.43107e-02,2.68286e-02
1.20283e-14,6.56110e-02,1.42287e-02,2.67332e-02
1.19065e-14,6.57877e-02,1.41690e-02,2.66733e-02
1.17747e-14,6.57940e-02,1.40117e-02,2.66110e-02
1.18103e-14,6.52105e-02,1.38616e-02,2.65458e-02
1.18689e-14,6.47251e-02,1.39007e-02,2.64789e-02
1.18517e-14,6.41439e-02,1.38174e-02,2.64114e-02
1.17614e-14,6.39013e-02,1.36787e-02,2.63443e-02
1.16495e-14,6.36763e-02,1.37562e-02,2.62790e-02
1.17495e-14,6.31337e-02,1.36917e-02,2.62055e-02
1.18478e-14,6.31865e-02,1.36005e-02,2.61505e-02
1.18653e-14,6.33802e-02,1.34960e-02,2.60997e-02
1.18288e-14,6.35319e-02,1.34326e-02,2.60432e-02
1.17417e-14,6.36146e-02,1.33299e-02,2.59897e-02
1.18896e-14,6.34230e-02,1.32627e-02,2.59218e-02
1.19768e-14,6.31688e-02,1.35977e-02,2.58941e-02
1.18427e-14,6.34450e-02,1.34902e-02,2.57952e-02
1.18459e-14,6.31022e-02,1.34128e-02,2.56763e-02
1.16661e-14,6.25654e-02,1.33688e-02,2.55658e-02
1.17029e-14,6.23415e-02,1.34428e-02,2.54631e-02
1.18797e-14,6.21190e-02,1.34846e-02,2.53688e-02
1.19352e-14,6.19394e-02,1.33439e-02,2.52770e-02
1.18052e-14,6.18392e-02,1.33142e-02,2.51904e-02
1.16958e-14,6.16880e-02,1.31692e-02,2.51171e-02
1.17674e-14,6.14861e-02,1.30387e-02,2.50533e-02
1.16680e-14,6.11978e-02,1.30988e-02,2.49818e-02
1.17981e-14,6.10689e-02,1.29594e-02,2.49120e-02
1.17672e-14,6.08832e-02,1.28201e-02,2.48658e-02
1.17996e-14,6.08008e-02,1.27509e-02,2.48243e-02
1.18720e-14,6.06481e-02,1.26229e-02,2.47866e-02
1.18264e-14,6.06816e-02,1.25173e-02,2.47514e-02
1.17616e-14,6.03891e-02,1.28528e-02,2.47170e-02
1.18159e-14,6.01343e-02,1.28215e-02,2.46805e-02
1.16839e-14,5.99471e-02,1.27694e-02,2.46012e-02
1.17613e-14,5.98687e-02,1.27730e-02,2.45648e-02
1.17386e-14,5.96898e-02,1.28774e-02,2.44734e-02
1.18084e-14,5.95092e-02,1.27441e-02,2.43960e-02
1.18581e-14,5.95462e-02,1.27857e-02,2.42195e-02
1.16698e-14,5.91769e-02,1.27406e-02,2.40602e-02
1.18748e-14,5.82640e-02,1.26364e-02,2.38992e-02
1.18586e-14,5.75772e-02,1.26713e-02,2.37729e-02
1.18744e-14,5.71873e-02,1.25606e-02,2.36651e-02
1.16895e-14,5.69954e-02,1.24819e-02,2.35572e-02
1.17572e-14,5.69551e-02,1.23967e-02,2.34665e-02
1.17078e-14,5.67807e-02,1.22652e-02,2.34477e-02
1.17092e-14,5.63824e-02,1.23066e-02,2.34400e-02
1.17452e-14,5.63364e-02,1.23450e-02,2.34267e-02
1.18931e-14,5.63471e-02,1.23817e-02,2.31915e-02
1.17360e-14,5.62050e-02,1.24744e-02,2.30102e-02
1.17564e-14,5.61177e-02,1.23445e-02,2.29295e-02
1.16627e-14,5.58190e-02,1.22724e-02,2.28675e-02
1.16922e-14,5.54977e-02,1.21456e-02,2.28172e-02
1.17950e-14,5.48886e-02,1.20247e-02,2.27500e-02
1.17852e-14,5.45604e-02,1.21733e-02,2.26981e-02
1.15697e-14,5.42585e-02,1.20628e-02,2.26737e-02
1.17774e-14,5.39600e-02,1.19570e-02,2.26606e-02
1.17459e-14,5.38127e-02,1.18956e-02,2.26563e-02
1.18527e-14,5.36405e-02,1.18014e-02,2.26422e-02
1.19892e-14,5.34028e-02,1.18519e-02,2.26456e-02
1.16916e-14,5.34713e-02,1.18923e-02,2.26405e-02
1.18727e-14,5.36085e-02,1.17738e-02,2.26329e-02
1.16820e-14,5.34494e-02,1.17391e-02,2.26837e-02
1.16554e-14,5.34670e-02,1.16392e-02,2.27642e-02
1.17568e-14,5.35395e-02,1.15288e-02,2.28509e-02
1.17397e-14,5.34765e-02,1.14645e-02,2.29252e-02
1.17817e-14,5.35303e-02,1.14271e-02,2.29846e-02
1.17467e-14,5.32130e-02,1.16742e-02,2.30197e-02
1.17853e-14,5.34031e-02,1.15968e-02,2.30459e-02
1.18397e-14,5.36324e-02,1.16975e-02,2.30466e-02
1.17372e-14,5.37269e-02,1.16072e-02,2.30327e-02
1.16538e-14,5.36228e-02,1.16874e-02,2.29560e-02
1.17443e-14,5.35861e-02,1.16222e-02,2.29914e-02
1.16537e-14,5.35786e-02,1.15509e-02,2.29364e-02
1.17152e-14,5.36851e-02,1.14474e-02,2.28777e-02
1.17736e-14,5.34211e-02,1.13277e-02,2.28242e-02
1.17679e-14,5.30033e-02,1.13993e-02,2.27648e-02
1.16292e-14,5.29687e-02,1.12825e-02,2.26917e-02
1.17193e-14,5.30452e-02,1.15125e-02,2.26200e-02
1.17046e-14,5.30025e-02,1.15641e-02,2.25487e-02
1.16254e-14,5.31432e-02,1.15402e-02,2.24721e-02
1.17341e-14,5.32992e-02,1.14208e-02,2.23894e-02
1.18793e-14,5.34634e-02,1.13710e-02,2.23157e-02
1.17192e-14,5.35393e-02,1.14496e-02,2.22119e-02
1.17637e-14,5.33595e-02,1.14934e-02,2.21400e-02
1.17027e-14,5.32157e-02,1.14098e-02,2.20560e-02
1.17626e-14,5.30818e-02,1.14431e-02,2.19725e-02
1.16722e-14,5.29474e-02,1.14830e-02,2.18742e-02
1.18219e-14,5.26852e-02,1.13565e-02,2.17630e-02
1.17198e-14,5.23248e-02,1.12875e-02,2.17010e-02
1.17475e-14,5.20618e-02,1.13118e-02,2.16398e-02
1.17558e-14,5.17928e-02,1.12644e-02,2.14517e-02
1.18433e-14,5.13601e-02,1.14677e-02,2.12195e-02
1.16916e-14,5.10425e-02,1.13500e-02,2.10242e-02
1.17759e-14,5.06622e-02,1.13615e-02,2.08659e-02
1.17985e-14,5.05665e-02,1.12601e-02,2.07753e-02
1.18019e-14,5.01838e-02,1.13289e-02,2.06778e-02
1.18164e-14,4.99109e-02,1.12062e-02,2.05769e-02
1.16995e-14,4.94773e-02,1.10856e-02,2.04745e-02
1.17694e-14,4.94676e-02,1.09671e-02,2.03695e-02
1.17572e-14,4.94565e-02,1.08512e-02,2.03927e-02
1.16290e-14,4.95782e-02,1.08081e-02,2.04187e-02
1.18644e-14,4.94640e-02,1.07893e-02,2.04437e-02
1.17355e-14,4.91917e-02,1.06811e-02,2.04498e-02
1.16474e-14,4.90331e-02,1.06028e-02,2.04320e-02
1.17285e-14,4.88934e-02,1.06137e-02,2.04304e-02
1.16877e-14,4.86949e-02,1.08083e-02,2.04349e-02
1.17333e-14,4.82044e-02,1.06916e-02,2.03276e-02
1.16806e-14,4.77992e-02,1.06532e-02,2.02236e-02
1.17233e-14,4.74559e-02,1.05908e-02,2.01228e-02
1.17207e-14,4.71314e-02,1.04821e-02,2.00275e-02
1.16397e-14,4.67533e-02,1.05863e-02,1.99368e-02
1.16809e-14,4.65300e-02,1.05176e-02,1.98513e-02
1.16731e-14,4.63231e-02,1.04635e-02,1.97716e-02
1.16617e-14,4.60734e-02,1.03548e-02,1.96978e-02
1.16216e-14,4.61057e-02,1.03666e-02,1.96315e-02
1.18517e-14,4.61307e-02,1.02592e-02,1.95851e-02
1.17803e-14,4.61740e-02,1.01570e-02,1.96304e-02
1.16025e-14,4.62047e-02,1.03248e-02,1.96719e-02
1.15211e-14,4.61855e-02,1.03158e-02,1.97071e-02
1.16231e-14,4.61628e-02,1.04349e-02,1.97312e-02
1.17372e-14,4.60553e-02,1.05022e-02,1.97548e-02
1.15709e-14,4.59055e-02,1.06019e-02,1.97608e-02
1.16227e-14,4.56231e-02,1.06525e-02,1.97622e-02
1.15768e-14,4.53703e-02,1.05439e-02,1.97908e-02
1.17223e-14,4.53269e-02,1.05450e-02,1.98164e-02
1.15713e-14,4.52714e-02,1.04437e-02,1.98365e-02
1.17372e-14,4.51087e-02,1.03626e-02,1.98116e-02
1.17789e-14,4.49894e-02,1.03562e-02,1.97164e-02
1.17688e-14,4.46348e-02,1.05839e-02,1.95933e-02
1.18663e-14,4.45050e-02,1.05643e-02,1.95703e-02
1.18397e-14,4.43567e-02,1.05200e-02,1.95520e-02
1.18575e-14,4.40448e-02,1.08148e-02,1.95548e-02
1.16745e-14,4.39253e-02,1.07054e-02,1.95902e-02
1.17000e-14,4.38577e-02,1.08290e-02,1.96335e-02
1.16829e-14,4.36851e-02,1.07202e-02,1.96736e-02
1.16259e-14,4.34581e-02,1.06764e-02,1.97160e-02
1.15456e-14,4.32830e-02,1.06071e-02,1.97218e-02
1.17413e-14,4.30477e-02,1.07254e-02,1.97716e-02
1.17767e-14,4.28639e-02,1.06180e-02,1.98209e-02
1.17683e-14,4.27594e-02,1.06179e-02,1.98685e-02
1.17891e-14,4.25363e-02,1.06544e-02,1.99132e-02
1.17987e-14,4.23445e-02,1.06127e-02,1.99239e-02
1.17417e-14,4.22349e-02,1.05062e-02,1.98532e-02
1.17030e-14,4.20903e-02,1.04016e-02,1.97507e-02
1.17126e-14,4.19891e-02,1.02988e-02,1.96627e-02
1.16438e-14,4.20433e-02,1.05056e-02,1.95900e-02
1.17119e-14,4.20655e-02,1.05052e-02,1.95262e-02
1.17791e-14,4.19693e-02,1.05149e-02,1.94657e-02
1.16371e-14,4.19942e-02,1.06199e-02,1.94228e-02
1.15918e-14,4.20674e-02,1.05489e-02,1.93548e-02
1.17195e-14,4.22463e-02,1.04508e-02,1.91996e-02
1.17037e-14,4.20988e-02,1.03545e-02,1.90457e-02
1.16705e-14,4.21457e-02,1.02910e-02,1.88751e-02
1.15101e-14,4.16918e-02,1.03752e-02,1.87430e-02
1.17439e-14,4.12950e-02,1.03661e-02,1.86223e-02
1.17184e-14,4.08899e-02,1.02699e-02,1.84932e-02
1.18593e-14,4.08567e-02,1.04511e-02,1.83928e-02
1.17576e-14,4.09362e-02,1.03584e-02,1.82914e-02
1.15700e-14,4.09442e-02,1.04689e-02,1.81817e-02
1.16112e-14,4.09682e-02,1.03974e-02,1.81335e-02
1.16313e-14,4.07231e-02,1.04555e-02,1.81245e-02
1.16811e-14,4.06625e-02,1.03541e-02,1.81328e-02
1.15612e-14,4.05227e-02,1.02545e-02,1.81349e-02
1.15159e-14,4.03455e-02,1.03812e-02,1.81196e-02
1.17730e-14,4.02647e-02,1.02818e-02,1.79771e-02
1.16552e-14,4.02186e-02,1.02342e-02,1.78685e-02
1.17236e-14,3.99097e-02,1.01599e-02,1.77506e-02
1.16180e-14,3.95311e-02,1.01730e-02,1.76671e-02
1.16349e-14,3.92635e-02,1.01349e-02,1.75986e-02
1.16309e-14,3.88965e-02,1.00837e-02,1.75418e-02
1.17387e-14,3.87095e-02,1.00106e-02,1.74966e-02
1.17385e-14,3.86984e-02,9.96707e-03,1.74475e-02
1.16994e-14,3.87479e-02,9.86667e-03,1.74199e-02
1.17250e-14,3.87509e-02,9.76663e-03,1.74237e-02
1.17325e-14,3.89215e-02,9.66830e-03,1.74242e-02
1.16398e-14,3.90164e-02,9.75039e-03,1.74201e-02
1.16549e-14,3.90914e-02,9.74288e-03,1.74116e-02
1.17169e-14,3.92417e-02,9.70623e-03,1.73344e-02
1.17087e-14,3.93545e-02,9.66717e-03,1.72508e-02
1.17335e-14,3.92636e-02,9.76486e-03,1.71797e-02
1.17194e-14,3.90786e-02,9.67235e-03,1.71252e-02
1.16382e-14,3.87074e-02,9.83203e-03,1.70818e-02
1.16836e-14,3.80211e-02,9.76674e-03,1.70714e-02
1.16177e-14,3.76724e-02,9.73450e-03,1.70722e-02
1.17258e-14,3.72066e-02,9.66630e-03,1.70825e-02
1.18323e-14,3.70430e-02,9.57247e-03,1.71005e-02
1.17596e-14,3.68699e-02,9.53662e-03,1.71231e-02
1.17971e-14,3.66886e-02,9.59999e-03,1.71396e-02
1.17803e-14,3.67200e-02,9.75855e-03,1.71816e-02
1.15698e-14,3.66903e-02,9.75139e-03,1.72283e-02
1.16615e-14,3.68278e-02,9.64290e-03,1.72385e-02
1.16983e-14,3.69757e-02,9.63415e-03,1.72777e-02
1.18618e-14,3.66852e-02,9.53716e-03,1.73312e-02
1.16923e-14,3.63461e-02,9.44219e-03,1.73923e-02
1.16305e-14,3.62725e-02,9.36227e-03,1.74550e-02
1.16438e-14,3.63748e-02,9.28367e-03,1.75116e-02
1.16901e-14,3.64658e-02,9.31197e-03,1.75638e-02
1.16129e-14,3.65401e-02,9.23583e-03,1.76247e-02
1.16374e-14,3.61743e-02,9.14148e-03,1.76700e-02
1.15846e-14,3.60710e-02,9.04881e-03,1.77124e-02
1.16170e-14,3.59016e-02,8.97573e-03,1.77560e-02
1.16537e-14,3.57303e-02,9.09291e-03,1.77742e-02
1.17196e-14,3.55974e-02,9.00676e-03,1.77762e-02
1.15708e-14,3.55344e-02,8.92210e-03,1.77241e-02
1.16527e-14,3.54877e-02,8.85264e-03,1.77300e-02
1.16740e-14,3.54440e-02,8.84738e-03,1.76644e-02
1.16641e-14,3.53190e-02,8.75997e-03,1.75363e-02
1.16236e-14,3.51143e-02,8.70641e-03,1.74136e-02
1.16950e-14,3.52524e-02,8.69368e-03,1.73236e-02
1.16763e-14,3.53604e-02,8.89579e-03,1.71996e-02
1.16638e-14,3.53975e-02,8.81475e-03,1.70574e-02
1.15902e-14,3.53673e-02,8.79305e-03,1.69640e-02
1.16810e-14,3.53699e-02,8.73805e-03,1.68079e-02
1.16724e-14,3.53523e-02,8.65090e-03,1.67369e-02
1.15179e-14,3.52884e-02,8.56526e-03,1.66708e-02
1.16736e-14,3.50458e-02,8.48179e-03,1.66080e-02
1.15989e-14,3.48927e-02,8.50171e-03,1.65488e-02
1.15993e-14,3.47874e-02,8.42087e-03,1.64940e-02
1.16297e-14,3.45810e-02,8.33894e-03,1.64413e-02
1.17563e-14,3.43820e-02,8.48774e-03,1.63948e-02
1.15969e-14,3.41980e-02,8.63557e-03,1.63555e-02
1.15254e-14,3.41300e-02,8.81859e-03,1.63221e-02
1.16763e-14,3.40281e-02,8.73293e-03,1.62944e-02
1.16679e-14,3.38237e-02,8.65736e-03,1.62726e-02
1.17328e-14,3.38190e-02,8.68204e-03,1.62563e-02
1.13621e-14,3.37081e-02,8.87083e-03,1.62451e-02
1.15032e-14,3.37342e-02,9.03065e-03,1.62372e-02
1.14981e-14,3.36089e-02,8.94119e-03,1.61584e-02
1.16137e-14,3.36117e-02,8.85326e-03,1.60823e-02
1.17012e-14,3.36762e-02,8.76684e-03,1.60093e-02
1.16727e-14,3.36642e-02,8.68189e-03,1.59397e-02
1.15625e-14,3.35755e-02,8.59838e-03,1.58726e-02
1.16277e-14,3.35384e-02,8.51626e-03,1.58097e-02
1.17128e-14,3.35252e-02,8.43552e-03,1.57504e-02
1.17031e-14,3.35403e-02,8.36538e-03,1.56944e-02
1.16817e-14,3.35381e-02,8.38094e-03,1.55778e-02
1.16097e-14,3.34347e-02,8.43434e-03,1.54689e-02
1.16512e-14,3.33820e-02,8.52101e-03,1.54105e-02
1.15453e-14,3.34802e-02,8.44096e-03,1.53591e-02
1.15712e-14,3.35934e-02,8.46728e-03,1.53080e-02
1.15500e-14,3.36928e-02,8.38571e-03,1.52526e-02
1.16508e-14,3.37006e-02,8.30546e-03,1.52013e-02
1.16341e-14,3.35686e-02,8.22699e-03,1.51666e-02
1.15333e-14,3.34181e-02,8.21736e-03,1.51369e-02
1.15530e-14,3.31717e-02,8.36377e-03,1.51104e-02
1.15899e-14,3.29984e-02,8.33319e-03,1.50481e-02
1.17050e-14,3.27758e-02,8.57883e-03,1.50253e-02
1.16006e-14,3.25546e-02,8.64888e-03,1.49949e-02
1.16525e-14,3.23410e-02,8.58792e-03,1.49928e-02
1.16269e-14,3.22472e-02,8.67477e-03,1.49963e-02
1.15550e-14,3.21575e-02,8.60777e-03,1.49977e-02
1.16195e-14,3.20269e-02,8.55331e-03,1.50095e-02
1.16055e-14,3.17272e-02,8.66882e-03,1.50071e-02
1.15405e-14,3.13451e-02,8.59024e-03,1.50268e-02
1.16150e-14,3.12443e-02,8.51415e-03,1.50461e-02
1.17300e-14,3.09419e-02,8.42944e-03,1.50722e-02
1.15646e-14,3.08432e-02,8.35957e-03,1.51003e-02
1.14915e-14,3.07888e-02,8.32609e-03,1.51214e-02
1.17782e-14,3.07567e-02,8.24861e-03,1.51451e-02
1.16670e-14,3.06935e-02,8.22084e-03,1.51734e-02
1.16047e-14,3.05108e-02,8.17159e-03,1.52018e-02
1.16044e-14,3.03967e-02,8.14726e-03,1.52293e-02
1.15811e-14,3.03549e-02,8.53834e-03,1.52551e-02
1.16055e-14,3.02405e-02,8.51833e-03,1.52786e-02
1.16119e-14,3.00836e-02,8.47759e-03,1.52921e-02
1.17620e-14,2.99143e-02,8.47678e-03,1.52217e-02
1.16395e-14,2.98180e-02,8.57667e-03,1.51700e-02
1.16632e-14,2.97483e-02,8.58702e-03,1.51170e-02
1.16897e-14,2.95607e-02,8.50313e-03,1.50981e-02
1.17231e-14,2.94520e-02,8.42303e-03,1.50941e-02
1.15744e-14,2.92990e-02,8.40769e-03,1.51046e-02
1.14731e-14,2.92733e-02,8.33356e-03,1.51293e-02
1.15912e-14,2.92466e-02,8.35909e-03,1.51667e-02
1.17409e-14,2.91132e-02,8.39620e-03,1.52172e-02
1.16264e-14,2.90436e-02,8.49635e-03,1.51894e-02
1.16113e-14,2.90048e-02,8.41737e-03,1.51552e-02
1.16936e-14,2.89876e-02,8.50170e-03,1.51166e-02
1.16335e-14,2.89754e-02,8.42745e-03,1.50692e-02
1.16069e-14,2.89548e-02,8.43534e-03,1.49621e-02
1.17907e-14,2.87137e-02,8.56922e-03,1.48099e-02
1.15905e-14,2.87539e-02,8.52591e-03,1.47016e-02
1.15134e-14,2.88051e-02,8.44147e-03,1.45983e-02
1.16344e-14,2.89185e-02,8.35973e-03,1.44799e-02
1.16413e-14,2.89941e-02,8.28518e-03,1.43838e-02
1.16475e-14,2.91791e-02,8.20559e-03,1.42467e-02
1.16250e-14,2.93255e-02,8.12725e-03,1.41480e-02
1.16244e-14,2.92086e-02,8.05004e-03,1.40671e-02
1.15573e-14,2.91681e-02,8.00916e-03,1.39805e-02
1.16424e-14,2.91758e-02,7.93267e-03,1.39010e-02
1.16364e-14,2.92501e-02,7.95754e-03,1.38259e-02
1.15160e-14,2.93626e-02,7.88218e-03,1.37746e-02
1.16065e-14,2.93243e-02,7.80806e-03,1.37273e-02
1.16166e-14,2.92044e-02,7.91592e-03,1.37001e-02
1.15911e-14,2.93181e-02,7.84038e-03,1.36803e-02
1.13546e-14,2.94756e-02,8.08813e-03,1.36390e-02
1.15515e-14,2.96175e-02,8.02124e-03,1.36162e-02
1.16428e-14,2.95842e-02,8.00576e-03,1.36073e-02
1.16764e-14,2.95463e-02,8.06427e-03,1.36141e-02
1.16298e-14,2.93656e-02,8.02337e-03,1.36189e-02
1.17378e-14,2.91349e-02,7.98817e-03,1.36408e-02
1.14870e-14,2.87775e-02,7.92596e-03,1.36780e-02
1.15157e-14,2.84988e-02,7.95011e-03,1.37257e-02
1.15772e-14,2.82251e-02,7.94814e-03,1.37634e-02
1.15638e-14,2.79874e-02,7.88989e-03,1.37346e-02
1.17012e-14,2.77562e-02,7.82521e-03,1.37126e-02
1.15024e-14,2.75672e-02,7.87847e-03,1.36903e-02
1.15523e-14,2.75187e-02,7.82145e-03,1.36295e-02
1.16245e-14,2.75108e-02,7.77202e-03,1.35892e-02
1.16004e-14,2.74363e-02,7.70772e-03,1.35722e-02
1.15661e-14,2.74434e-02,7.72632e-03,1.35557e-02
1.14607e-14,2.74117e-02,7.66100e-03,1.35389e-02
1.16328e-14,2.74112e-02,7.60618e-03,1.35215e-02
1.16883e-14,2.73700e-02,7.58285e-03,1.35031e-02
1.16576e-14,2.71433e-02,7.51962e-03,1.34834e-02
1.17529e-14,2.68807e-02,7.45738e-03,1.34408e-02
1.15853e-14,2.65943e-02,7.39610e-03,1.33842e-02
1.17018e-14,2.65356e-02,7.43310e-03,1.33572e-02
1.17045e-14,2.64723e-02,7.36755e-03,1.33281e-02
1.15930e-14,2.64035e-02,7.36541e-03,1.32978e-02
1.15832e-14,2.62526e-02,7.38607e-03,1.32692e-02
1.15933e-14,2.60836e-02,7.34798e-03,1.32409e-02
1.16106e-14,2.58461e-02,7.46793e-03,1.32132e-02
1.16465e-14,2.57228e-02,7.54470e-03,1.32021e-02
1.17348e-14,2.56276e-02,7.47054e-03,1.31899e-02
1.16939e-14,2.55916e-02,7.40657e-03,1.31730e-02
1.16400e-14,2.55857e-02,7.33568e-03,1.31478e-02
1.15768e-14,2.56124e-02,7.26520e-03,1.31145e-02
1.15402e-14,2.56100e-02,7.21892e-03,1.30682e-02
1.17039e-14,2.57672e-02,7.15589e-03,1.30409e-02
1.16572e-14,2.59240e-02,7.09389e-03,1.30227e-02
1.16373e-14,2.60083e-02,7.08069e-03,1.29963e-02
1.15560e-14,2.61431e-02,7.10507e-03,1.29897e-02
1.15362e-14,2.61606e-02,7.04749e-03,1.29803e-02
1.17153e-14,2.61894e-02,7.05777e-03,1.29811e-02
1.15836e-14,2.61562e-02,7.27098e-03,1.29852e-02
1.15754e-14,2.62528e-02,7.37438e-03,1.29922e-02
1.17331e-14,2.62534e-02,7.34542e-03,1.30010e-02
1.18578e-14,2.62649e-02,7.32988e-03,1.29226e-02
1.15842e-14,2.63003e-02,7.28227e-03,1.28261e-02
1.16100e-14,2.62809e-02,7.21491e-03,1.27344e-02
1.16621e-14,2.62660e-02,7.17702e-03,1.26482e-02
1.16773e-14,2.62513e-02,7.11312e-03,1.25682e-02
1.16095e-14,2.63395e-02,7.07301e-03,1.24503e-02
1.16708e-14,2.64865e-02,7.14947e-03,1.23810e-02
1.17471e-14,2.65850e-02,7.17121e-03,1.23193e-02
1.15539e-14,2.67210e-02,7.10713e-03,1.22665e-02
1.16086e-14,2.67054e-02,7.08966e-03,1.21890e-02
1.17832e-14,2.66694e-02,7.02751e-03,1.21546e-02
1.15922e-14,2.66125e-02,7.02328e-03,1.21295e-02
1.15886e-14,2.65345e-02,6.99325e-03,1.21145e-02
1.17409e-14,2.63457e-02,6.99656e-03,1.20973e-02
1.14809e-14,2.59909e-02,6.92655e-03,1.20875e-02
1.15017e-14,2.55615e-02,6.85778e-03,1.20900e-02
1.14626e-14,2.53044e-02,6.88916e-03,1.21017e-02
1.14922e-14,2.51339e-02,6.85243e-03,1.21060e-02
1.15564e-14,2.50980e-02,6.79316e-03,1.21343e-02
1.16420e-14,2.50438e-02,6.73480e-03,1.21711e-02
1.16017e-14,2.49207e-02,6.78687e-03,1.22132e-02
1.16415e-14,2.48497e-02,6.92528e-03,1.22445e-02
1.16880e-14,2.47494e-02,6.91096e-03,1.22946e-02
1.15289e-14,2.47492e-02,6.88130e-03,1.23438e-02
1.13808e-14,2.46507e-02,6.82431e-03,1.23880e-02
1.15749e-14,2.46879e-02,6.76825e-03,1.24378e-02
1.15294e-14,2.45802e-02,6.76797e-03,1.24868e-02
1.15623e-14,2.44216e-02,6.70678e-03,1.25382e-02
1.16313e-14,2.43177e-02,6.67998e-03,1.25380e-02
1.16076e-14,2.41216e-02,6.62313e-03,1.24727e-02
1.15971e-14,2.38158e-02,6.58099e-03,1.24027e-02
1.14659e-14,2.35543e-02,6.64914e-03,1.23301e-02
1.15886e-14,2.33115e-02,6.65580e-03,1.22549e-02
1.17299e-14,2.31902e-02,6.61524e-03,1.21706e-02
1.17478e-14,2.30135e-02,6.61289e-03,1.20870e-02
1.15802e-14,2.28102e-02,6.59996e-03,1.20043e-02
1.15166e-14,2.27427e-02,6.54761e-03,1.19232e-02
1.16391e-14,2.26868e-02,6.49153e-03,1.18432e-02
1.17539e-14,2.26410e-02,6.46775e-03,1.17685e-02
1.16973e-14,2.26474e-02,6.41489e-03,1.17469e-02
1.14913e-14,2.27050e-02,6.38876e-03,1.17171e-02
1.16255e-14,2.27049e-02,6.33033e-03,1.16871e-02
1.15275e-14,2.26646e-02,6.31690e-03,1.16519e-02
1.17601e-14,2.27142e-02,6.26884e-03,1.16070e-02
1.17428e-14,2.26785e-02,6.26072e-03,1.15423e-02
1.16661e-14,2.25703e-02,6.32027e-03,1.14683e-02
1.16360e-14,2.25102e-02,6.27874e-03,1.14014e-02
1.16856e-14,2.25362e-02,6.50133e-03,1.13471e-02
1.16078e-14,2.26487e-02,6.59842e-03,1.12911e-02
1.16642e-14,2.28257e-02,6.54137e-03,1.12353e-02
1.16734e-14,2.28394e-02,6.48929e-03,1.11685e-02
1.17079e-14,2.26732e-02,6.51470e-03,1.11583e-02
1.15725e-14,2.25614e-02,6.50524e-03,1.11677e-02
1.14940e-14,2.24578e-02,6.61008e-03,1.11852e-02
1.13416e-14,2.24248e-02,6.65480e-03,1.12101e-02
1.14987e-14,2.24570e-02,6.70436e-03,1.12322e-02
1.15692e-14,2.24950e-02,6.63704e-03,1.12692e-02
1.15279e-14,2.23950e-02,6.64938e-03,1.12691e-02
1.16518e-14,2.23661e-02,6.61907e-03,1.12821e-02
1.16238e-14,2.23415e-02,6.55935e-03,1.12171e-02
1.15618e-14,2.23243e-02,6.56294e-03,1.11773e-02
1.15990e-14,2.22954e-02,6.51764e-03,1.11115e-02
1.15495e-14,2.21920e-02,6.48632e-03,1.10802e-02
1.15923e-14,2.22007e-02,6.43500e-03,1.10582e-02
1.16972e-14,2.20891e-02,6.38319e-03,1.10399e-02
1.17885e-14,2.19211e-02,6.33227e-03,1.10200e-02
1.16888e-14,2.17317e-02,6.28877e-03,1.09148e-02
1.17306e-14,2.18028e-02,6.24496e-03,1.08983e-02
1.16165e-14,2.18864e-02,6.25297e-03,1.08915e-02
1.16498e-14,2.19165e-02,6.27056e-03,1.08968e-02
1.16559e-14,2.19904e-02,6.23962e-03,1.08828e-02
1.16655e-14,2.19728e-02,6.18656e-03,1.08508e-02
1.15894e-14,2.20121e-02,6.13853e-03,1.08515e-02
1.16108e-14,2.19693e-02,6.08148e-03,1.08706e-02
1.15202e-14,2.19229e-02,6.07246e-03,1.08922e-02
1.15784e-14,2.18465e-02,6.04212e-03,1.09172e-02
1.17559e-14,2.18498e-02,6.38577e-03,1.09409e-02
1.16649e-14,2.18432e-02,6.46096e-03,1.09534e-02
1.14806e-14,2.18298e-02,6.58981e-03,1.09693e-02
1.15684e-14,2.18012e-02,6.66746e-03,1.09909e-02
1.16417e-14,2.17228e-02,6.61003e-03,1.09957e-02
1.16821e-14,2.16293e-02,6.55605e-03,1.10179e-02
1.16637e-14,2.14789e-02,6.49606e-03,1.10403e-02
1.16099e-14,2.15144e-02,6.46246e-03,1.10645e-02
1.16250e-14,2.15475e-02,6.40604e-03,1.10897e-02
1.16686e-14,2.14883e-02,6.41034e-03,1.11108e-02
1.16635e-14,2.13748e-02,6.39475e-03,1.11304e-02
1.16490e-14,2.12895e-02,6.33978e-03,1.11468e-02
1.15557e-14,2.11307e-02,6.28546e-03,1.11469e-02
1.15405e-14,2.09558e-02,6.23169e-03,1.11507e-02
1.15596e-14,2.10178e-02,6.25553e-03,1.11284e-02
1.16880e-14,2.09817e-02,6.24692e-03,1.10388e-02
1.16776e-14,2.09027e-02,6.19501e-03,1.09525e-02
1.16321e-14,2.08297e-02,6.59828e-03,1.08628e-02
1.15469e-14,2.07621e-02,6.57978e-03,1.07616e-02
1.15171e-14,2.07686e-02,6.52081e-03,1.06727e-02
1.16058e-14,2.07396e-02,6.46270e-03,1.05962e-02
1.16810e-14,2.07174e-02,6.40599e-03,1.05214e-02
1.16393e-14,2.06386e-02,6.35184e-03,1.04471e-02
1.15379e-14,2.04867e-02,6.30518e-03,1.03709e-02
1.15594e-14,2.02693e-02,6.25197e-03,1.02777e-02
1.13948e-14,2.00957e-02,6.29510e-03,1.02091e-02
1.15765e-14,2.00569e-02,6.24109e-03,1.01507e-02
1.15036e-14,2.01361e-02,6.18935e-03,1.01017e-02
1.15861e-14,2.02869e-02,6.19801e-03,1.00591e-02
1.16128e-14,2.02778e-02,6.18394e-03,1.00227e-02
1.15857e-14,2.01020e-02,6.14138e-03,9.98693e-03
1.16074e-14,2.00539e-02,6.08852e-03,9.96335e-03
1.15999e-14,1.99165e-02,6.03656e-03,9.93989e-03
1.15870e-14,1.96774e-02,6.01679e-03,9.91340e-03
1.15122e-14,1.95847e-02,5.97163e-03,9.88585e-03
1.15985e-14,1.97057e-02,5.91953e-03,9.87889e-03
1.15220e-14,1.98565e-02,5.92362e-03,9.88479e-03
1.15081e-14,2.00704e-02,5.91499e-03,9.89648e-03
1.14466e-14,2.01716e-02,5.88951e-03,9.89437e-03
1.14476e-14,2.00804e-02,6.15337e-03,9.86348e-03
1.15465e-14,2.00527e-02,6.12531e-03,9.80813e-03
1.15652e-14,1.99739e-02,6.07230e-03,9.76373e-03
1.16363e-14,1.99339e-02,6.02014e-03,9.72399e-03
1.16147e-14,1.99992e-02,5.96883e-03,9.68922e-03
1.15787e-14,2.00456e-02,5.93108e-03,9.65242e-03
1.14052e-14,1.99650e-02,5.90307e-03,9.60292e-03
1.17371e-14,1.98860e-02,5.94823e-03,9.58308e-03
1.15847e-14,1.97470e-02,5.92710e-03,9.56858e-03
1.15747e-14,1.96349e-02,6.17973e-03,9.56004e-03
1.15974e-14,1.94831e-02,6.12211e-03,9.55227e-03
1.16884e-14,1.94373e-02,6.06553e-03,9.56598e-03
1.15183e-14,1.93702e-02,6.01066e-03,9.58193e-03
1.14426e-14,1.92678e-02,5.98767e-03,9.59102e-03
1.16252e-14,1.92145e-02,5.93377e-03,9.59128e-03
1.15472e-14,1.92322e-02,5.88081e-03,9.60054e-03
1.15630e-14,1.92651e-02,5.82733e-03,9.62326e-03
1.15714e-14,1.92891e-02,5.77619e-03,9.63811e-03
1.16628e-14,1.93835e-02,5.84180e-03,9.63716e-03
1.16451e-14,1.95163e-02,5.82084e-03,9.66567e-03
1.14169e-14,1.96506e-02,5.76862e-03,9.70454e-03
1.17360e-14,1.96958e-02,5.71722e-03,9.75758e-03
1.16422e-14,1.96108e-02,5.72530e-03,9.78611e-03
1.15996e-14,1.95874e-02,5.68525e-03,9.81493e-03
1.15304e-14,1.95822e-02,5.63471e-03,9.84676e-03
1.16641e-14,1.94598e-02,5.63406e-03,9.87762e-03
1.15624e-14,1.92032e-02,5.64671e-03,9.90416e-03
1.16426e-14,1.89998e-02,5.61244e-03,9.92745e-03
1.16782e-14,1.86712e-02,5.57684e-03,9.95051e-03
1.15342e-14,1.85691e-02,5.53734e-03,9.94445e-03
1.15297e-14,1.86335e-02,5.48814e-03,9.94614e-03
1.16517e-14,1.87087e-02,5.52925e-03,9.95756e-03
1.15462e-14,1.87830e-02,5.67765e-03,9.96881e-03
1.16105e-14,1.88356e-02,5.63191e-03,9.96002e-03
1.17174e-14,1.88645e-02,5.61032e-03,9.95009e-03
1.16747e-14,1.88389e-02,5.57433e-03,9.90126e-03
1.16660e-14,1.88224e-02,5.54097e-03,9.85164e-03
1.15453e-14,1.87928e-02,5.56648e-03,9.80977e-03
1.16444e-14,1.87545e-02,5.70072e-03,9.76319e-03
1.16924e-14,1.86379e-02,5.64899e-03,9.72121e-03
1.15670e-14,1.85407e-02,5.59827e-03,9.67641e-03
1.16490e-14,1.84922e-02,5.55676e-03,9.62090e-03
1.16519e-14,1.84404e-02,5.53447e-03,9.57737e-03
1.16309e-14,1.83729e-02,5.55361e-03,9.48958e-03
1.15626e-14,1.82754e-02,5.74617e-03,9.44852e-03
1.14527e-14,1.81828e-02,5.71525e-03,9.41705e-03
1.15648e-14,1.80472e-02,5.73337e-03,9.38325e-03
1.17862e-14,1.79060e-02,5.68708e-03,9.33229e-03
1.15924e-14,1.78143e-02,5.64883e-03,9.30847e-03
1.17334e-14,1.77174e-02,5.82233e-03,9.27326e-03
1.15208e-14,1.76414e-02,5.77047e-03,9.22702e-03
1.16312e-14,1.76147e-02,5.71948e-03,9.17332e-03
1.15489e-14,1.76031e-02,5.66934e-03,9.10966e-03
1.16712e-14,1.77152e-02,5.66930e-03,9.04891e-03
1.15915e-14,1.78291e-02,5.63431e-03,8.98749e-03
1.15246e-14,1.78453e-02,5.59005e-03,8.93928e-03
1.15051e-14,1.77993e-02,5.54086e-03,8.89592e-03
1.15342e-14,1.77084e-02,5.49252e-03,8.84374e-03
1.16498e-14,1.76468e-02,5.44502e-03,8.78811e-03
1.15051e-14,1.75842e-02,5.51714e-03,8.73174e-03
1.15250e-14,1.75143e-02,5.56355e-03,8.68178e-03
1.16628e-14,1.74590e-02,5.51644e-03,8.62870e-03
1.16246e-14,1.73539e-02,5.63318e-03,8.58835e-03
1.16883e-14,1.73306e-02,5.82992e-03,8.56498e-03
1.15689e-14,1.73531e-02,5.81600e-03,8.54748e-03
1.15242e-14,1.74110e-02,5.92207e-03,8.51592e-03
1.16127e-14,1.74527e-02,5.87275e-03,8.49673e-03
1.18437e-14,1.74894e-02,5.82836e-03,8.48801e-03
1.17288e-14,1.75104e-02,5.79340e-03,8.48965e-03
1.16472e-14,1.75049e-02,5.74776e-03,8.49024e-03
1.13222e-14,1.74651e-02,5.73911e-03,8.49081e-03
1.17068e-14,1.74719e-02,5.77745e-03,8.49079e-03
1.15909e-14,1.74795e-02,5.75173e-03,8.47413e-03
1.15794e-14,1.74123e-02,5.69841e-03,8.46573e-03
1.16547e-14,1.73610e-02,5.78662e-03,8.45871e-03
1.16803e-14,1.73246e-02,5.96446e-03,8.45499e-03
1.14514e-14,1.73799e-02,5.91121e-03,8.44514e-03
1.15362e-14,1.75421e-02,5.88710e-03,8.44007e-03
1.15580e-14,1.77904e-02,5.87936e-03,8.43185e-03
1.15115e-14,1.79397e-02,5.82808e-03,8.42440e-03
1.15549e-14,1.80939e-02,5.77457e-03,8.41578e-03
1.15134e-14,1.82197e-02,5.72101e-03,8.43033e-03
1.16454e-14,1.82409e-02,5.66924e-03,8.44637e-03
1.15979e-14,1.83607e-02,5.67951e-03,8.45635e-03
1.15840e-14,1.84599e-02,5.81657e-03,8.47342e-03
1.16711e-14,1.83232e-02,5.83801e-03,8.49320e-03
1.15670e-14,1.81688e-02,5.84050e-03,8.51486e-03
1.16774e-14,1.80833e-02,5.80508e-03,8.52619e-03
1.15705e-14,1.80447e-02,5.83001e-03,8.53781e-03
1.16022e-14,1.79300e-02,5.97524e-03,8.55944e-03
1.16629e-14,1.79157e-02,5.93422e-03,8.57546e-03
1.17228e-14,1.79420e-02,5.90279e-03,8.59124e-03
1.15876e-14,1.79081e-02,5.96487e-03,8.60379e-03
1.15881e-14,1.77462e-02,5.90988e-03,8.62037e-03
1.15452e-14,1.76036e-02,5.86527e-03,8.63488e-03
1.14672e-14,1.75918e-02,5.82476e-03,8.63928e-03
1.16941e-14,1.75724e-02,5.77443e-03,8.62910e-03
1.15619e-14,1.75245e-02,5.72630e-03,8.61129e-03
1.15968e-14,1.74965e-02,5.68068e-03,8.58193e-03
1.14967e-14,1.74330e-02,5.63671e-03,8.57841e-03
1.15321e-14,1.73467e-02,5.68132e-03,8.57445e-03
1.15230e-14,1.74619e-02,5.62956e-03,8.56765e-03
1.14992e-14,1.75605e-02,5.59284e-03,8.55669e-03
1.17371e-14,1.74893e-02,5.64266e-03,8.53977e-03
1.16661e-14,1.73185e-02,5.59939e-03,8.51659e-03
1.16537e-14,1.71209e-02,5.55679e-03,8.49023e-03
1.16265e-14,1.68966e-02,5.50612e-03,8.45867e-03
1.15731e-14,1.67272e-02,5.47664e-03,8.40135e-03
1.16625e-14,1.66137e-02,5.56179e-03,8.36938e-03
1.16481e-14,1.64943e-02,5.54637e-03,8.33715e-03
1.15480e-14,1.63524e-02,5.51644e-03,8.29452e-03
1.14755e-14,1.62463e-02,5.51767e-03,8.25329e-03
1.15118e-14,1.61865e-02,5.55546e-03,8.19180e-03
1.14631e-14,1.60889e-02,5.56452e-03,8.14393e-03
1.16642e-14,1.60112e-02,5.55275e-03,8.09226e-03
1.16570e-14,1.59711e-02,5.54682e-03,8.03756e-03
1.14973e-14,1.59696e-02,5.56099e-03,7.96606e-03
1.15036e-14,1.59904e-02,5.52929e-03,7.91405e-03
1.15550e-14,1.59983e-02,5.58143e-03,7.86441e-03
1.15539e-14,1.59843e-02,5.54399e-03,7.81532e-03
1.16247e-14,1.59230e-02,5.63940e-03,7.75429e-03
1.15346e-14,1.58493e-02,5.59911e-03,7.64838e-03
1.16049e-14,1.58056e-02,5.56664e-03,7.63524e-03
1.14980e-14,1.57711e-02,5.54711e-03,7.61753e-03
1.17151e-14,1.57594e-02,5.50018e-03,7.60100e-03
1.16273e-14,1.56575e-02,5.46072e-03,7.58296e-03
1.16848e-14,1.55272e-02,5.41541e-03,7.55178e-03
1.16315e-14,1.54810e-02,5.37108e-03,7.53012e-03
1.14791e-14,1.54890e-02,5.32754e-03,7.50726e-03
1.15085e-14,1.54775e-02,5.30327e-03,7.47930e-03
1.15861e-14,1.55217e-02,5.25867e-03,7.42304e-03
1.15832e-14,1.55597e-02,5.21508e-03,7.39651e-03
1.15619e-14,1.54940e-02,5.17221e-03,7.36955e-03
1.15725e-14,1.54770e-02,5.15425e-03,7.33344e-03
1.15855e-14,1.54743e-02,5.32927e-03,7.30866e-03
1.15792e-14,1.54872e-02,5.28297e-03,7.28793e-03
1.13988e-14,1.55309e-02,5.23751e-03,7.27636e-03
1.14385e-14,1.55555e-02,5.28388e-03,7.26825e-03
1.16097e-14,1.55955e-02,5.26112e-03,7.25589e-03
1.15176e-14,1.56015e-02,5.21033e-03,7.24911e-03
1.14884e-14,1.55920e-02,5.16052e-03,7.23080e-03
1.15145e-14,1.56044e-02,5.11168e-03,7.21958e-03
1.13642e-14,1.55695e-02,5.10913e-03,7.22029e-03
1.15724e-14,1.55627e-02,5.11932e-03,7.22282e-03
1.14274e-14,1.55835e-02,5.08975e-03,7.22429e-03
1.15418e-14,1.55778e-02,5.05333e-03,7.23560e-03
1.15500e-14,1.55716e-02,5.04396e-03,7.27742e-03
1.15578e-14,1.55992e-02,5.00491e-03,7.32072e-03
1.16859e-14,1.55506e-02,4.96650e-03,7.36466e-03
1.16167e-14,1.54627e-02,5.04041e-03,7.40933e-03
1.15425e-14,1.53664e-02,5.01511e-03,7.45341e-03
1.14629e-14,1.53352e-02,5.00477e-03,7.49638e-03
1.15534e-14,1.52854e-02,4.97131e-03,7.52107e-03
1.13884e-14,1.52702e-02,4.97642e-03,7.55825e-03
1.15666e-14,1.52623e-02,4.99902e-03,7.59037e-03
1.15791e-14,1.52318e-02,5.03662e-03,7.62220e-03
1.16332e-14,1.51980e-02,5.02771e-03,7.64961e-03
1.16012e-14,1.50663e-02,4.98396e-03,7.67675e-03
1.14560e-14,1.50570e-02,5.00336e-03,7.68427e-03
1.16578e-14,1.49666e-02,4.98295e-03,7.68845e-03
1.15268e-14,1.48645e-02,4.99123e-03,7.69452e-03
1.15352e-14,1.47370e-02,4.95954e-03,7.70021e-03
1.16156e-14,1.46406e-02,4.94518e-03,7.70432e-03
1.15151e-14,1.45048e-02,4.93180e-03,7.70672e-03
1.15449e-14,1.44181e-02,5.03549e-03,7.69455e-03
1.13966e-14,1.43722e-02,5.07044e-03,7.67200e-03
1.15787e-14,1.42548e-02,5.03442e-03,7.64898e-03
1.14312e-14,1.41052e-02,5.04907e-03,7.61777e-03
1.15560e-14,1.40099e-02,5.00343e-03,7.57995e-03
1.15809e-14,1.40325e-02,4.95714e-03,7.53395e-03
1.14726e-14,1.41666e-02,4.94583e-03,7.48277e-03
1.15793e-14,1.42746e-02,4.90400e-03,7.42994e-03
1.14166e-14,1.42974e-02,4.86158e-03,7.37302e-03
1.14046e-14,1.43221e-02,4.82096e-03,7.31146e-03
1.15701e-14,1.43445e-02,4.78119e-03,7.23877e-03
1.13362e-14,1.43685e-02,4.89978e-03,7.16453e-03
1.13755e-14,1.43107e-02,5.04651e-03,7.08098e-03
1.13366e-14,1.42319e-02,5.00728e-03,7.00442e-03
1.16153e-14,1.41855e-02,4.96618e-03,6.92499e-03
1.15289e-14,1.41382e-02,4.92757e-03,6.83803e-03
1.14858e-14,1.40802e-02,4.91322e-03,6.79272e-03
1.14973e-14,1.41323e-02,4.89534e-03,6.75709e-03
1.15573e-14,1.42087e-02,4.84817e-03,6.72480e-03
1.16935e-14,1.42555e-02,4.79932e-03,6.68698e-03
1.14684e-14,1.42531e-02,4.75099e-03,6.65463e-03
1.14586e-14,1.42686e-02,4.87270e-03,6.62440e-03
1.13149e-14,1.42858e-02,4.88644e-03,6.59548e-03
1.14862e-14,1.43261e-02,4.95534e-03,6.56579e-03
1.15582e-14,1.43925e-02,4.92306e-03,6.53730e-03
1.15245e-14,1.44330e-02,5.07451e-03,6.51359e-03
1.16717e-14,1.43837e-02,5.03654e-03,6.46999e-03
1.15206e-14,1.43194e-02,4.99923e-03,6.44701e-03
1.14662e-14,1.42996e-02,4.96501e-03,6.43019e-03
1.13175e-14,1.41717e-02,4.96161e-03,6.41651e-03
1.15050e-14,1.40847e-02,4.96777e-03,6.40478e-03
1.15862e-14,1.39912e-02,4.92780e-03,6.37904e-03
1.13834e-14,1.38952e-02,4.88850e-03,6.36282e-03
1.14647e-14,1.39439e-02,4.84987e-03,6.36003e-03
1.14368e-14,1.39919e-02,4.81188e-03,6.36039e-03
1.16882e-14,1.40149e-02,4.77451e-03,6.33146e-03
1.14932e-14,1.39817e-02,4.74620e-03,6.32794e-03
1.16184e-14,1.39691e-02,4.78172e-03,6.33206e-03
1.14886e-14,1.39549e-02,4.76583e-03,6.33861e-03
1.15187e-14,1.39154e-02,4.74225e-03,6.34118e-03
1.15916e-14,1.38518e-02,4.71450e-03,6.36729e-03
1.15032e-14,1.37678e-02,4.70268e-03,6.41202e-03
1.15517e-14,1.37328e-02,4.66811e-03,6.44718e-03
1.14429e-14,1.36665e-02,4.68706e-03,6.47924e-03
1.14950e-14,1.36567e-02,4.72497e-03,6.51603e-03
1.14837e-14,1.36365e-02,4.68705e-03,6.55418e-03
1.15898e-14,1.36263e-02,4.65045e-03,6.59411e-03
1.16462e-14,1.35651e-02,4.61510e-03,6.63312e-03
1.15871e-14,1.35753e-02,4.58035e-03,6.65638e-03
1.14745e-14,1.36062e-02,4.69088e-03,6.68867e-03
1.15160e-14,1.36202e-02,4.65216e-03,6.71130e-03
1.14155e-14,1.36576e-02,4.61459e-03,6.73997e-03
1.14573e-14,1.36685e-02,4.60994e-03,6.76565e-03
1.14376e-14,1.36435e-02,4.57137e-03,6.78763e-03
1.14205e-14,1.36269e-02,4.53442e-03,6.80329e-03
1.14346e-14,1.36033e-02,4.49807e-03,6.81751e-03
1.15224e-14,1.35427e-02,4.46629e-03,6.82753e-03
1.15792e-14,1.35218e-02,4.43630e-03,6.82829e-03
1.14106e-14,1.35027e-02,4.44253e-03,6.82825e-03
1.15355e-14,1.34952e-02,4.48882e-03,6.82476e-03
1.15080e-14,1.33650e-02,4.46104e-03,6.81631e-03
1.15241e-14,1.33702e-02,4.42411e-03,6.80275e-03
1.15202e-14,1.33534e-02,4.38781e-03,6.77696e-03
1.15854e-14,1.33365e-02,4.36996e-03,6.72974e-03
1.14646e-14,1.32630e-02,4.35772e-03,6.69828e-03
1.13530e-14,1.31330e-02,4.36740e-03,6.66309e-03
1.14930e-14,1.31017e-02,4.35582e-03,6.62088e-03
1.14221e-14,1.31266e-02,4.33572e-03,6.56760e-03
1.14752e-14,1.30797e-02,4.29971e-03,6.51801e-03
1.13972e-14,1.30251e-02,4.29728e-03,6.45483e-03
1.15032e-14,1.29687e-02,4.33659e-03,6.39461e-03
1.16664e-14,1.29122e-02,4.29991e-03,6.33627e-03
1.15043e-14,1.27605e-02,4.29469e-03,6.26943e-03
1.15421e-14,1.26047e-02,4.26068e-03,6.19785e-03
1.14023e-14,1.25659e-02,4.22720e-03,6.12236e-03
1.15158e-14,1.25449e-02,4.19426e-03,6.05401e-03
1.15492e-14,1.25299e-02,4.16184e-03,5.98077e-03
1.15833e-14,1.25113e-02,4.16588e-03,5.91319e-03
1.15589e-14,1.24321e-02,4.14469e-03,5.86580e-03
1.15589e-14,1.24494e-02,4.11221e-03,5.82569e-03
1.15075e-14,1.24478e-02,4.18145e-03,5.78712e-03
1.16894e-14,1.24235e-02,4.16104e-03,5.75467e-03
1.14668e-14,1.23746e-02,4.14255e-03,5.72830e-03
1.16404e-14,1.23089e-02,4.28374e-03,5.70396e-03
1.16177e-14,1.22798e-02,4.25046e-03,5.67957e-03
1.14997e-14,1.22724e-02,4.21908e-03,5.66167e-03
1.15005e-14,1.22747e-02,4.18771e-03,5.64719e-03
1.15543e-14,1.23018e-02,4.21366e-03,5.63618e-03
1.15397e-14,1.23937e-02,4.39087e-03,5.62867e-03
1.13859e-14,1.24714e-02,4.39141e-03,5.62462e-03
1.15419e-14,1.24794e-02,4.43027e-03,5.62394e-03
1.15314e-14,1.24506e-02,4.39724e-03,5.62558e-03
1.16234e-14,1.24243e-02,4.36478e-03,5.63027e-03
1.16425e-14,1.23973e-02,4.37278e-03,5.63888e-03
1.15001e-14,1.23734e-02,4.35641e-03,5.65035e-03
1.14120e-14,1.23526e-02,4.33064e-03,5.66435e-03
1.15024e-14,1.23567e-02,4.32736e-03,5.68054e-03
1.15308e-14,1.23495e-02,4.36034e-03,5.69855e-03
1.14515e-14,1.23517e-02,4.41091e-03,5.71786e-03
1.13488e-14,1.23721e-02,4.37482e-03,5.73830e-03
1.15058e-14,1.23945e-02,4.33933e-03,5.75940e-03
1.14968e-14,1.23391e-02,4.30443e-03,5.77968e-03
1.15631e-14,1.23290e-02,4.49900e-03,5.80015e-03
1.15054e-14,1.23002e-02,4.45890e-03,5.82044e-03
1.15564e-14,1.22960e-02,4.43926e-03,5.83975e-03
1.15468e-14,1.22791e-02,4.47309e-03,5.85775e-03
1.16436e-14,1.22285e-02,4.47053e-03,5.87407e-03
1.16688e-14,1.21883e-02,4.43355e-03,5.88839e-03
1.13246e-14,1.21536e-02,4.48662e-03,5.89938e-03
1.14989e-14,1.21058e-02,4.44729e-03,5.90762e-03
1.15693e-14,1.21049e-02,4.40899e-03,5.91372e-03
1.15088e-14,1.21072e-02,4.46843e-03,5.91776e-03
1.15946e-14,1.20839e-02,4.57718e-03,5.93198e-03
1.15705e-14,1.20018e-02,4.66016e-03,5.95396e-03
1.15422e-14,1.19168e-02,4.61894e-03,5.97284e-03
1.16311e-14,1.19064e-02,4.57857e-03,5.99059e-03
1.15255e-14,1.18753e-02,4.57012e-03,6.00423e-03
1.16082e-14,1.18662e-02,4.60611e-03,6.01173e-03
1.14291e-14,1.18976e-02,4.56899e-03,6.01613e-03
1.14338e-14,1.18523e-02,4.53252e-03,6.01039e-03
1.16256e-14,1.17905e-02,4.50337e-03,5.99912e-03
1.15607e-14,1.18473e-02,4.50031e-03,5.97800e-03
1.14265e-14,1.19013e-02,4.46318e-03,5.93149e-03
1.14688e-14,1.19623e-02,4.42668e-03,5.88380e-03
1.15917e-14,1.20274e-02,4.39080e-03,5.84076e-03
1.15746e-14,1.20960e-02,4.35552e-03,5.79986e-03
1.15860e-14,1.21674e-02,4.32082e-03,5.76002e-03
1.15602e-14,1.21522e-02,4.28670e-03,5.71725e-03
1.15328e-14,1.20955e-02,4.31069e-03,5.67976e-03
1.17852e-14,1.21196e-02,4.35720e-03,5.64453e-03
1.15905e-14,1.21458e-02,4.34025e-03,5.60347e-03
1.13597e-14,1.21754e-02,4.30071e-03,5.57023e-03
1.17139e-14,1.22059e-02,4.32522e-03,5.54715e-03
1.15023e-14,1.22337e-02,4.32246e-03,5.52387e-03
1.14704e-14,1.22560e-02,4.30402e-03,5.47715e-03
1.16178e-14,1.22847e-02,4.26485e-03,5.42638e-03
1.16118e-14,1.23036e-02,4.22639e-03,5.37525e-03
1.16121e-14,1.23057e-02,4.18865e-03,5.33700e-03
1.15566e-14,1.23266e-02,4.15243e-03,5.31526e-03
1.15051e-14,1.23011e-02,4.13458e-03,5.29532e-03
1.15237e-14,1.22809e-02,4.10331e-03,5.27720e-03
1.16416e-14,1.22713e-02,4.17845e-03,5.25969e-03
1.14875e-14,1.22463e-02,4.14541e-03,5.23995e-03
1.15520e-14,1.22119e-02,4.28172e-03,5.22601e-03
1.15504e-14,1.21935e-02,4.34091e-03,5.21482e-03
1.15159e-14,1.21560e-02,4.30602e-03,5.20542e-03
1.16231e-14,1.21114e-02,4.27178e-03,5.19778e-03
1.15562e-14,1.20837e-02,4.23816e-03,5.19106e-03
1.15627e-14,1.20638e-02,4.20515e-03,5.17859e-03
1.12887e-14,1.20328e-02,4.25816e-03,5.16377e-03
1.14866e-14,1.19918e-02,4.25136e-03,5.16177e-03
1.15842e-14,1.19111e-02,4.22656e-03,5.16138e-03
1.15165e-14,1.18677e-02,4.27307e-03,5.15547e-03
1.16539e-14,1.18181e-02,4.25340e-03,5.15694e-03
1.17228e-14,1.17760e-02,4.28509e-03,5.15648e-03
1.14755e-14,1.17121e-02,4.25755e-03,5.15737e-03
1.13065e-14,1.16090e-02,4.28866e-03,5.16231e-03
1.16259e-14,1.15853e-02,4.27019e-03,5.16816e-03
1.14601e-14,1.15500e-02,4.23531e-03,5.17475e-03
1.16307e-14,1.14567e-02,4.41160e-03,5.17676e-03
1.16033e-14,1.14197e-02,4.42008e-03,5.18401e-03
1.17684e-14,1.13734e-02,4.39246e-03,5.19146e-03
1.15333e-14,1.13009e-02,4.37891e-03,5.19658e-03
1.14281e-14,1.12820e-02,4.34702e-03,5.20370e-03
1.15306e-14,1.12680e-02,4.33045e-03,5.21001e-03
1.13285e-14,1.12564e-02,4.29182e-03,5.21517e-03
1.15932e-14,1.11550e-02,4.40653e-03,5.21740e-03
1.14977e-14,1.10710e-02,4.37348e-03,5.22156e-03
1.14712e-14,1.10555e-02,4.33785e-03,5.22573e-03
1.15749e-14,1.10448e-02,4.30145e-03,5.23381e-03
1.14596e-14,1.10306e-02,4.31041e-03,5.26534e-03
1.15005e-14,1.10115e-02,4.31247e-03,5.30403e-03
1.16348e-14,1.10871e-02,4.27913e-03,5.33870e-03
1.15043e-14,1.10628e-02,4.28481e-03,5.36703e-03
1.15378e-14,1.10508e-02,4.25535e-03,5.39063e-03
1.15214e-14,1.10463e-02,4.24882e-03,5.40827e-03
1.15295e-14,1.10589e-02,4.24037e-03,5.41945e-03
1.16796e-14,1.10559e-02,4.25492e-03,5.42994e-03
1.14354e-14,1.10489e-02,4.21824e-03,5.37155e-03
1.15755e-14,1.10478e-02,4.17901e-03,5.31947e-03
1.14787e-14,1.10598e-02,4.14049e-03,5.27792e-03
1.15665e-14,1.10888e-02,4.10485e-03,5.23279e-03
1.15620e-14,1.11704e-02,4.09681e-03,5.18218e-03
1.14823e-14,1.12433e-02,4.06618e-03,5.13406e-03
1.14615e-14,1.12032e-02,4.07954e-03,5.09496e-03
1.14786e-14,1.11816e-02,4.04465e-03,5.06016e-03
1.15952e-14,1.10646e-02,4.00918e-03,5.02268e-03
1.16214e-14,1.09231e-02,3.97434e-03,4.99432e-03
1.15428e-14,1.08095e-02,3.94011e-03,4.96710e-03
1.13994e-14,1.06870e-02,3.90648e-03,4.94537e-03
1.14004e-14,1.06782e-02,3.87365e-03,4.92933e-03
1.14737e-14,1.07569e-02,3.88477e-03,4.92765e-03
1.15995e-14,1.08628e-02,3.90695e-03,4.95033e-03
1.14540e-14,1.09237e-02,3.87399e-03,4.97755e-03
1.15711e-14,1.09142e-02,3.92942e-03,4.98782e-03
1.16284e-14,1.09074e-02,3.91116e-03,4.96739e-03
1.14992e-14,1.08839e-02,3.88260e-03,4.94651e-03
1.15328e-14,1.08637e-02,3.88861e-03,4.92462e-03
1.16121e-14,1.08031e-02,3.91522e-03,4.89970e-03
1.15929e-14,1.08173e-02,3.88550e-03,4.87744e-03
1.14909e-14,1.08272e-02,3.85627e-03,4.85527e-03
1.14139e-14,1.08426e-02,3.86945e-03,4.83147e-03
1.14457e-14,1.08399e-02,3.83696e-03,4.80979e-03
1.15772e-14,1.08410e-02,3.81818e-03,4.78775e-03
1.14539e-14,1.08503e-02,3.81074e-03,4.76612e-03
1.15435e-14,1.08592e-02,3.78418e-03,4.74676e-03
1.13631e-14,1.08535e-02,3.75807e-03,4.72861e-03
1.14983e-14,1.08445e-02,3.73240e-03,4.71185e-03
1.13287e-14,1.08157e-02,3.77540e-03,4.69265e-03
1.15733e-14,1.08370e-02,3.74528e-03,4.67531e-03
1.14779e-14,1.08704e-02,3.71840e-03,4.66252e-03
1.16270e-14,1.08639e-02,3.72010e-03,4.65143e-03
1.15025e-14,1.08508e-02,3.72586e-03,4.64113e-03
1.13739e-14,1.09193e-02,3.69026e-03,4.63246e-03
1.14726e-14,1.09296e-02,3.66421e-03,4.62194e-03
1.16243e-14,1.08890e-02,3.64449e-03,4.61651e-03
1.16831e-14,1.08322e-02,3.61919e-03,4.61271e-03
1.15459e-14,1.07256e-02,3.62031e-03,4.61028e-03
1.17066e-14,1.06205e-02,3.62528e-03,4.60911e-03
1.15507e-14,1.05534e-02,3.67960e-03,4.60911e-03
1.15475e-14,1.05378e-02,3.66814e-03,4.61016e-03
1.14574e-14,1.05253e-02,3.63607e-03,4.61218e-03
1.16824e-14,1.05137e-02,3.62787e-03,4.61506e-03
1.14255e-14,1.04870e-02,3.59961e-03,4.61873e-03
1.13673e-14,1.04725e-02,3.60539e-03,4.62312e-03
1.15104e-14,1.04120e-02,3.57284e-03,4.62818e-03
1.15322e-14,1.03543e-02,3.69950e-03,4.63384e-03
1.13748e-14,1.03133e-02,3.71743e-03,4.64003e-03
1.14386e-14,1.03200e-02,3.74641e-03,4.64666e-03
1.14885e-14,1.03357e-02,3.71379e-03,4.65366e-03
1.16317e-14,1.02749e-02,3.68181e-03,4.66094e-03
1.15703e-14,1.01903e-02,3.65046e-03,4.67014e-03
1.16270e-14,1.01710e-02,3.61972e-03,4.68566e-03
1.15979e-14,1.00873e-02,3.69767e-03,4.69530e-03
1.16188e-14,1.00350e-02,3.67206e-03,4.65760e-03
1.15714e-14,9.99707e-03,3.64686e-03,4.62437e-03
1.15000e-14,9.97093e-03,3.63212e-03,4.59855e-03
1.14436e-14,9.97431e-03,3.66512e-03,4.58264e-03
1.15633e-14,1.00404e-02,3.78086e-03,4.57976e-03
1.15716e-14,1.01541e-02,3.75564e-03,4.57599e-03
1.14634e-14,1.02614e-02,3.72773e-03,4.57605e-03
1.16431e-14,1.03121e-02,3.70033e-03,4.57491e-03
1.16076e-14,1.02963e-02,3.70468e-03,4.57666e-03
1.13535e-14,1.01945e-02,3.68335e-03,4.57396e-03
1.14741e-14,1.01263e-02,3.65983e-03,4.58965e-03
1.15791e-14,1.01490e-02,3.64195e-03,4.61101e-03
1.15041e-14,1.01819e-02,3.63921e-03,4.63002e-03
1.15228e-14,1.02052e-02,3.61124e-03,4.64180e-03
1.16759e-14,1.01957e-02,3.58379e-03,4.65929e-03
1.15567e-14,1.01635e-02,3.60172e-03,4.65674e-03
1.14848e-14,1.01554e-02,3.60891e-03,4.64172e-03
1.13745e-14,1.01308e-02,3.58217e-03,4.62505e-03
1.15085e-14,1.01249e-02,3.64413e-03,4.60672e-03
1.14742e-14,1.01060e-02,3.61689e-03,4.58688e-03
1.12952e-14,1.00590e-02,3.59049e-03,4.56567e-03
1.15493e-14,1.00238e-02,3.56454e-03,4.54328e-03
1.16066e-14,9.95627e-03,3.53904e-03,4.51849e-03
1.14838e-14,9.88490e-03,3.51407e-03,4.49086e-03
1.16402e-14,9.81645e-03,3.48958e-03,4.46549e-03
1.16344e-14,9.80150e-03,3.46479e-03,4.43989e-03
1.15178e-14,9.78292e-03,3.44091e-03,4.41434e-03
1.14484e-14,9.75971e-03,3.43956e-03,4.38915e-03
1.13533e-14,9.69789e-03,3.41272e-03,4.36461e-03
1.14930e-14,9.66379e-03,3.38636e-03,4.34100e-03
1.16341e-14,9.73542e-03,3.37867e-03,4.31859e-03
1.14148e-14,9.80787e-03,3.36331e-03,4.29762e-03
1.14272e-14,9.81439e-03,3.37406e-03,4.27830e-03
1.14737e-14,9.74718e-03,3.35136e-03,4.26077e-03
1.13570e-14,9.68665e-03,3.32901e-03,4.24520e-03
1.15123e-14,9.61512e-03,3.30700e-03,4.23167e-03
1.14809e-14,9.52993e-03,3.31865e-03,4.22024e-03
1.14576e-14,9.46421e-03,3.43321e-03,4.21087e-03
1.16012e-14,9.38871e-03,3.62261e-03,4.20351e-03
1.15813e-14,9.31270e-03,3.59239e-03,4.19808e-03
1.15484e-14,9.37088e-03,3.56271e-03,4.19446e-03
1.14858e-14,9.43856e-03,3.65912e-03,4.19250e-03
1.15856e-14,9.53425e-03,3.62424e-03,4.19206e-03
1.15375e-14,9.66907e-03,3.60027e-03,4.19298e-03
1.15547e-14,9.80126e-03,3.59334e-03,4.19511e-03
1.15111e-14,9.91319e-03,3.56271e-03,4.19828e-03
1.13346e-14,9.90705e-03,3.53262e-03,4.20236e-03
1.15032e-14,9.88600e-03,3.49996e-03,4.20720e-03
1.15668e-14,9.88808e-03,3.46877e-03,4.21202e-03
1.15844e-14,9.87363e-03,3.44766e-03,4.21772e-03
1.15106e-14,9.86068e-03,3.41926e-03,4.22390e-03
1.15865e-14,9.84012e-03,3.41652e-03,4.23030e-03
1.15797e-14,9.79611e-03,3.48030e-03,4.23697e-03
1.15045e-14,9.76975e-03,3.47683e-03,4.24370e-03
1.14438e-14,9.81641e-03,3.65463e-03,4.25041e-03
1.15375e-14,9.87594e-03,3.62171e-03,4.25699e-03
1.14611e-14,9.93115e-03,3.58986e-03,4.26333e-03
1.15799e-14,9.96631e-03,3.55860e-03,4.26934e-03
1.16548e-14,9.88353e-03,3.53132e-03,4.25201e-03
1.16213e-14,9.79733e-03,3.50394e-03,4.23531e-03
1.15477e-14,9.69948e-03,3.47410e-03,4.22265e-03
1.16381e-14,9.53523e-03,3.44479e-03,4.21397e-03
1.14868e-14,9.43569e-03,3.41599e-03,4.20408e-03
1.14810e-14,9.38612e-03,3.38768e-03,4.20117e-03
1.15511e-14,9.33442e-03,3.40507e-03,4.20338e-03
1.16131e-14,9.23578e-03,3.39282e-03,4.20887e-03
1.15132e-14,9.17017e-03,3.37491e-03,4.21728e-03
1.14919e-14,9.04281e-03,3.34748e-03,4.22824e-03
1.15235e-14,9.02149e-03,3.32053e-03,4.23832e-03
1.16443e-14,8.98758e-03,3.34979e-03,4.22859e-03
1.15611e-14,8.97504e-03,3.46027e-03,4.23939e-03
1.15252e-14,8.98448e-03,3.43386e-03,4.25454e-03
1.14890e-14,9.00650e-03,3.44333e-03,4.24247e-03
1.15652e-14,9.02041e-03,3.42803e-03,4.22440e-03
1.14436e-14,9.04084e-03,3.40186e-03,4.20886e-03
1.15686e-14,9.06922e-03,3.39372e-03,4.19153e-03
1.15307e-14,9.09625e-03,3.37587e-03,4.17385e-03
1.16191e-14,9.14836e-03,3.35034e-03,4.15513e-03
1.15607e-14,9.15979e-03,3.32523e-03,4.13557e-03
1.14928e-14,9.16927e-03,3.30051e-03,4.11536e-03
1.14714e-14,9.15105e-03,3.27619e-03,4.09472e-03
1.15548e-14,9.06473e-03,3.25225e-03,4.07389e-03
1.16116e-14,8.96583e-03,3.22868e-03,4.05213e-03
1.16507e-14,8.89410e-03,3.20548e-03,4.03085e-03
1.13971e-14,8.89508e-03,3.18570e-03,4.01060e-03
1.14079e-14,8.93336e-03,3.16039e-03,3.99111e-03
1.15539e-14,8.98372e-03,3.18023e-03,3.97258e-03
1.15789e-14,8.96911e-03,3.23064e-03,3.95522e-03
1.17116e-14,8.94749e-03,3.20767e-03,3.93920e-03
1.14223e-14,8.94970e-03,3.18506e-03,3.92466e-03
1.14467e-14,8.93848e-03,3.22807e-03,3.91143e-03
1.14683e-14,8.94230e-03,3.20494e-03,3.90009e-03
1.14564e-14,8.98580e-03,3.21566e-03,3.89048e-03
1.15482e-14,9.06107e-03,3.27512e-03,3.88184e-03
1.13927e-14,9.14307e-03,3.25141e-03,3.87530e-03
1.16025e-14,9.20031e-03,3.24905e-03,3.86945e-03
1.16031e-14,9.16947e-03,3.28030e-03,3.86620e-03
1.16094e-14,9.14276e-03,3.26663e-03,3.86440e-03
1.13377e-14,9.10671e-03,3.28250e-03,3.86396e-03
1.16468e-14,9.08838e-03,3.25057e-03,3.86475e-03
1.15039e-14,9.05609e-03,3.21924e-03,3.86664e-03
1.15211e-14,8.99867e-03,3.18851e-03,3.86951e-03
1.14663e-14,9.00384e-03,3.15836e-03,3.87323e-03
1.14245e-14,8.99890e-03,3.12972e-03,3.87767e-03
1.13729e-14,8.98685e-03,3.10730e-03,3.88272e-03
1.14015e-14,8.97261e-03,3.08360e-03,3.88604e-03
1.16215e-14,8.91230e-03,3.11550e-03,3.89111e-03
1.15761e-14,8.88963e-03,3.24259e-03,3.89699e-03
1.15234e-14,8.90503e-03,3.39959e-03,3.90070e-03
1.15190e-14,8.88515e-03,3.40873e-03,3.90667e-03
1.14339e-14,8.89215e-03,3.46191e-03,3.91256e-03
1.15449e-14,8.90246e-03,3.43102e-03,3.91827e-03
1.14641e-14,8.94011e-03,3.42040e-03,3.92371e-03
1.17124e-14,8.90671e-03,3.49006e-03,3.92876e-03
1.15074e-14,8.84925e-03,3.53653e-03,3.93332e-03
1.15206e-14,8.81383e-03,3.62028e-03,3.93727e-03
1.15065e-14,8.76917e-03,3.58481e-03,3.94050e-03
1.14388e-14,8.74762e-03,3.55008e-03,3.94291e-03
1.15712e-14,8.73245e-03,3.59409e-03,3.94438e-03
1.14869e-14,8.72787e-03,3.55978e-03,3.94485e-03
1.15513e-14,8.72680e-03,3.52796e-03,3.94422e-03
1.15277e-14,8.72576e-03,3.50510e-03,3.94101e-03
1.15976e-14,8.70837e-03,3.47218e-03,3.93514e-03
1.15314e-14,8.65175e-03,3.45730e-03,3.92924e-03
1.15823e-14,8.58831e-03,3.48535e-03,3.92272e-03
1.15439e-14,8.54697e-03,3.47510e-03,3.91485e-03
1.14680e-14,8.51791e-03,3.48207e-03,3.90568e-03
1.15197e-14,8.51295e-03,3.45352e-03,3.89524e-03
1.14474e-14,8.51843e-03,3.45174e-03,3.88358e-03
1.17064e-14,8.52333e-03,3.42423e-03,3.86915e-03
1.16871e-14,8.52738e-03,3.40425e-03,3.85483e-03
1.14341e-14,8.53037e-03,3.37948e-03,3.83972e-03
1.15117e-14,8.53201e-03,3.35974e-03,3.82372e-03
1.14576e-14,8.51629e-03,3.33097e-03,3.80695e-03
1.15247e-14,8.50939e-03,3.32762e-03,3.78953e-03
1.14832e-14,8.50750e-03,3.32995e-03,3.77160e-03
1.14306e-14,8.50488e-03,3.33469e-03,3.75329e-03
1.13874e-14,8.50057e-03,3.44940e-03,3.73362e-03
1.15261e-14,8.48466e-03,3.44186e-03,3.71381e-03
1.15822e-14,8.45312e-03,3.41626e-03,3.69438e-03
1.15160e-14,8.43801e-03,3.40115e-03,3.67598e-03
1.14793e-14,8.42547e-03,3.45027e-03,3.65797e-03
1.14539e-14,8.40905e-03,3.58414e-03,3.64051e-03
1.14461e-14,8.39976e-03,3.55754e-03,3.62375e-03
1.15202e-14,8.39259e-03,3.53115e-03,3.60782e-03
1.15915e-14,8.38511e-03,3.50565e-03,3.59001e-03
1.14391e-14,8.37738e-03,3.48060e-03,3.57565e-03
1.15645e-14,8.36961e-03,3.50273e-03,3.56260e-03
1.15533e-14,8.36216e-03,3.50138e-03,3.55089e-03
1.15687e-14,8.35526e-03,3.47653e-03,3.54061e-03
1.15266e-14,8.36694e-03,3.45210e-03,3.53185e-03
1.14963e-14,8.44338e-03,3.56031e-03,3.52465e-03
1.14610e-14,8.52248e-03,3.54757e-03,3.51905e-03
1.14480e-14,8.59302e-03,3.55577e-03,3.51329e-03
1.14737e-14,8.63816e-03,3.52634e-03,3.51049e-03
1.15849e-14,8.62512e-03,3.49743e-03,3.50937e-03
1.14156e-14,8.60912e-03,3.47327e-03,3.50934e-03
1.14737e-14,8.53779e-03,3.48064e-03,3.51105e-03
1.16383e-14,8.47568e-03,3.45233e-03,3.51413e-03
1.14496e-14,8.41047e-03,3.44253e-03,3.51847e-03
1.15621e-14,8.32999e-03,3.41441e-03,3.52253e-03
1.15862e-14,8.25979e-03,3.38685e-03,3.52656e-03
1.15907e-14,8.23858e-03,3.35973e-03,3.53345e-03
1.17017e-14,8.22120e-03,3.42721e-03,3.54112e-03
1.14555e-14,8.20840e-03,3.39757e-03,3.54943e-03
1.13696e-14,8.19547e-03,3.36846e-03,3.55823e-03
1.13263e-14,8.16488e-03,3.34610e-03,3.56737e-03
1.14928e-14,8.14294e-03,3.34857e-03,3.57667e-03
1.13834e-14,8.12450e-03,3.32009e-03,3.58599e-03
1.16478e-14,8.10395e-03,3.29211e-03,3.59511e-03
1.13644e-14,8.08123e-03,3.29969e-03,3.60303e-03
1.14211e-14,8.05630e-03,3.37205e-03,3.61128e-03
1.15598e-14,8.02004e-03,3.34502e-03,3.61891e-03
1.14812e-14,7.97786e-03,3.31845e-03,3.62578e-03
1.14501e-14,7.88837e-03,3.29232e-03,3.63174e-03
1.15513e-14,7.81875e-03,3.27300e-03,3.63626e-03
1.16667e-14,7.75524e-03,3.29376e-03,3.63979e-03
1.15435e-14,7.69803e-03,3.26660e-03,3.64127e-03
1.16200e-14,7.67841e-03,3.23993e-03,3.64051e-03
1.15028e-14,7.66396e-03,3.21521e-03,3.64002e-03
1.15341e-14,7.65161e-03,3.20806e-03,3.63808e-03
1.14163e-14,7.64248e-03,3.18913e-03,3.63464e-03
1.15904e-14,7.63140e-03,3.16394e-03,3.62969e-03
1.15207e-14,7.59244e-03,3.17831e-03,3.62321e-03
1.14365e-14,7.59767e-03,3.17154e-03,3.61522e-03
1.14310e-14,7.64610e-03,3.23372e-03,3.60571e-03
1.15421e-14,7.68695e-03,3.33056e-03,3.59168e-03
1.14671e-14,7.72021e-03,3.39306e-03,3.57799e-03
1.15530e-14,7.70081e-03,3.37011e-03,3.56384e-03
1.15668e-14,7.72828e-03,3.33841e-03,3.54851e-03
1.15747e-14,7.74337e-03,3.30730e-03,3.53211e-03
1.15672e-14,7.74114e-03,3.27565e-03,3.51466e-03
1.14895e-14,7.72588e-03,3.24541e-03,3.49644e-03
1.13975e-14,7.70997e-03,3.21595e-03,3.46821e-03
1.15808e-14,7.69336e-03,3.18703e-03,3.44007e-03
1.15933e-14,7.65553e-03,3.16524e-03,3.41594e-03
1.14679e-14,7.62701e-03,3.14173e-03,3.39379e-03
1.13215e-14,7.62462e-03,3.17159e-03,3.37366e-03
1.13507e-14,7.62462e-03,3.15076e-03,3.35578e-03
1.12753e-14,7.62815e-03,3.13291e-03,3.34035e-03
1.13632e-14,7.63105e-03,3.17450e-03,3.32752e-03
1.13076e-14,7.61644e-03,3.15205e-03,3.31660e-03
1.14533e-14,7.61074e-03,3.13006e-03,3.29808e-03
1.14781e-14,7.61821e-03,3.10844e-03,3.28040e-03
1.16429e-14,7.62320e-03,3.08524e-03,3.26369e-03
1.14960e-14,7.62500e-03,3.06386e-03,3.24638e-03
1.15637e-14,7.61721e-03,3.04313e-03,3.23115e-03
1.14448e-14,7.60580e-03,3.02269e-03,3.21774e-03
1.15006e-14,7.58236e-03,3.00254e-03,3.20417e-03
1.14911e-14,7.55848e-03,2.98845e-03,3.19199e-03
1.14969e-14,7.57287e-03,3.00852e-03,3.18286e-03
1.14473e-14,7.58751e-03,3.06140e-03,3.17536e-03
1.14348e-14,7.55190e-03,3.03958e-03,3.16952e-03
1.15519e-14,7.49061e-03,3.04609e-03,3.16536e-03
1.15991e-14,7.42869e-03,3.04653e-03,3.16288e-03
1.15227e-14,7.35412e-03,3.03339e-03,3.16189e-03
1.16314e-14,7.33404e-03,3.02642e-03,3.16258e-03
1.14711e-14,7.32503e-03,3.02975e-03,3.16484e-03
1.14513e-14,7.31944e-03,3.00855e-03,3.16857e-03
1.15697e-14,7.31028e-03,2.98651e-03,3.17367e-03
1.16121e-14,7.31789e-03,3.03885e-03,3.17755e-03
1.13738e-14,7.31989e-03,3.11686e-03,3.18452e-03
1.14140e-14,7.32020e-03,3.17697e-03,3.19289e-03
1.12446e-14,7.31597e-03,3.15407e-03,3.20216e-03
1.15071e-14,7.29692e-03,3.13158e-03,3.21217e-03
1.14733e-14,7.26396e-03,3.11064e-03,3.22277e-03
1.15605e-14,7.25412e-03,3.15169e-03,3.23380e-03
1.15326e-14,7.24226e-03,3.15988e-03,3.24508e-03
1.15550e-14,7.24475e-03,3.13645e-03,3.25482e-03
1.15295e-14,7.24899e-03,3.11344e-03,3.26501e-03
1.14899e-14,7.25766e-03,3.09085e-03,3.27582e-03
1.15505e-14,7.22002e-03,3.14666e-03,3.28623e-03
1.14237e-14,7.22234e-03,3.16533e-03,3.29608e-03
1.15285e-14,7.19029e-03,3.13865e-03,3.30519e-03
1.14894e-14,7.13660e-03,3.13241e-03,3.31342e-03
1.16125e-14,7.08025e-03,3.13760e-03,3.32010e-03
1.14973e-14,7.04657e-03,3.17292e-03,3.32408e-03
1.14846e-14,7.01229e-03,3.15147e-03,3.32864e-03
1.15903e-14,6.97771e-03,3.13038e-03,3.33184e-03
1.15056e-14,6.97941e-03,3.11526e-03,3.33361e-03
1.14749e-14,6.99037e-03,3.11899e-03,3.33388e-03
1.15683e-14,7.03750e-03,3.09541e-03,3.33262e-03
1.13850e-14,7.05517e-03,3.07184e-03,3.32980e-03
1.13402e-14,7.04107e-03,3.05953e-03,3.32542e-03
1.13603e-14,7.01313e-03,3.05627e-03,3.30823e-03
1.14731e-14,6.98937e-03,3.03423e-03,3.27153e-03
1.14297e-14,6.96500e-03,3.01256e-03,3.23588e-03
1.14762e-14,6.93700e-03,2.99123e-03,3.20133e-03
1.14328e-14,6.90315e-03,2.98289e-03,3.16763e-03
1.13474e-14,6.86336e-03,3.01525e-03,3.13515e-03
1.15244e-14,6.82770e-03,2.99059e-03,3.10426e-03
1.14719e-14,6.79291e-03,2.96805e-03,3.07536e-03
1.14259e-14,6.76074e-03,2.96226e-03,3.04879e-03
1.15736e-14,6.72917e-03,2.98392e-03,3.02493e-03
1.14783e-14,6.72373e-03,2.96232e-03,3.00008e-03
1.14946e-14,6.72050e-03,2.93873e-03,2.98190e-03
1.14515e-14,6.71624e-03,2.91522e-03,2.96773e-03
1.14483e-14,6.71224e-03,2.89212e-03,2.95406e-03
1.15186e-14,6.70335e-03,2.88327e-03,2.94685e-03
1.17110e-14,6.69317e-03,2.86320e-03,2.94332e-03
1.16308e-14,6.69387e-03,2.91352e-03,2.94340e-03
1.15212e-14,6.70639e-03,2.92864e-03,2.94697e-03
1.16365e-14,6.71345e-03,2.95714e-03,2.95286e-03
1.15365e-14,6.72662e-03,2.96870e-03,2.96098e-03
1.15242e-14,6.74788e-03,2.95039e-03,2.97156e-03
1.15786e-14,6.76023e-03,2.95947e-03,2.98296e-03
1.14208e-14,6.74693e-03,2.94069e-03,2.97604e-03
1.13796e-14,6.73470e-03,2.92100e-03,2.96184e-03
1.16395e-14,6.72305e-03,2.90279e-03,2.94862e-03
1.14421e-14,6.68735e-03,2.88488e-03,2.93648e-03
1.15828e-14,6.64777e-03,2.86726e-03,2.92547e-03
1.15081e-14,6.58872e-03,2.85487e-03,2.91567e-03
1.15834e-14,6.54188e-03,2.85715e-03,2.90714e-03
1.13764e-14,6.50508e-03,2.88308e-03,2.89992e-03
1.16481e-14,6.46735e-03,2.86430e-03,2.89403e-03
1.16531e-14,6.43518e-03,2.84235e-03,2.88952e-03
1.14464e-14,6.39706e-03,2.82080e-03,2.88638e-03
1.15650e-14,6.36333e-03,2.79965e-03,2.88460e-03
1.15031e-14,6.34335e-03,2.78307e-03,2.88415e-03
1.15552e-14,6.32227e-03,2.77155e-03,2.88496e-03
1.14035e-14,6.33344e-03,2.77676e-03,2.88696e-03
1.14119e-14,6.34507e-03,2.80196e-03,2.89008e-03
1.15811e-14,6.36238e-03,2.78369e-03,2.89420e-03
1.15417e-14,6.37539e-03,2.75850e-03,2.89924e-03
1.15987e-14,6.37733e-03,2.73385e-03,2.90506e-03
1.14660e-14,6.36792e-03,2.80921e-03,2.91046e-03
1.15807e-14,6.35922e-03,2.79232e-03,2.91681e-03
1.15650e-14,6.34762e-03,2.77568e-03,2.92401e-03
1.15583e-14,6.32776e-03,2.76176e-03,2.93147e-03
1.16649e-14,6.30110e-03,2.74379e-03,2.93905e-03
1.16640e-14,6.26969e-03,2.73900e-03,2.94610e-03
1.16564e-14,6.23883e-03,2.71909e-03,2.95346e-03
1.17440e-14,6.20809e-03,2.70343e-03,2.95688e-03
1.13847e-14,6.28444e-03,2.69969e-03,2.96307e-03
1.15420e-14,6.33516e-03,2.68445e-03,2.96917e-03
1.14187e-14,6.32994e-03,2.70447e-03,2.97482e-03
1.15358e-14,6.32497e-03,2.71029e-03,2.97994e-03
1.15138e-14,6.31879e-03,2.69462e-03,2.98448e-03
1.16236e-14,6.31971e-03,2.67533e-03,2.98842e-03
1.15156e-14,6.30469e-03,2.65601e-03,2.99170e-03
1.15201e-14,6.30533e-03,2.68908e-03,2.99431e-03
1.15559e-14,6.31780e-03,2.67190e-03,2.99621e-03
1.15120e-14,6.33003e-03,2.65681e-03,2.99682e-03
1.16472e-14,6.33440e-03,2.64090e-03,2.96959e-03
1.15348e-14,6.33736e-03,2.62444e-03,2.94472e-03
1.16803e-14,6.36881e-03,2.60823e-03,2.92092e-03
1.14886e-14,6.40536e-03,2.59229e-03,2.89849e-03
1.14990e-14,6.42888e-03,2.63558e-03,2.87338e-03
1.13991e-14,6.42544e-03,2.67748e-03,2.84534e-03
1.12807e-14,6.40482e-03,2.65451e-03,2.82664e-03
1.14730e-14,6.38916e-03,2.63196e-03,2.80861e-03
1.16272e-14,6.36339e-03,2.60983e-03,2.79235e-03
1.16309e-14,6.33506e-03,2.82185e-03,2.78012e-03
1.13649e-14,6.31301e-03,2.80121e-03,2.77017e-03
1.16123e-14,6.28125e-03,2.78092e-03,2.76254e-03
1.15350e-14,6.25413e-03,2.76844e-03,2.74823e-03
1.14515e-14,6.22084e-03,2.74951e-03,2.74500e-03
1.15270e-14,6.18033e-03,2.76350e-03,2.74405e-03
1.16100e-14,6.13238e-03,2.75246e-03,2.74524e-03
1.14365e-14,6.09991e-03,2.75932e-03,2.74687e-03
1.15463e-14,6.05081e-03,2.85508e-03,2.75100e-03
1.14900e-14,5.99769e-03,2.93207e-03,2.75758e-03
1.13556e-14,5.95094e-03,2.91125e-03,2.75867e-03
1.16489e-14,5.90963e-03,2.89022e-03,2.75930e-03
1.15250e-14,5.89752e-03,2.87004e-03,2.75754e-03
1.15417e-14,5.89750e-03,2.85020e-03,2.75700e-03
1.14938e-14,5.89338e-03,2.83457e-03,2.75854e-03
1.13382e-14,5.89433e-03,2.86167e-03,2.75983e-03
1.14656e-14,5.88715e-03,2.84356e-03,2.76343e-03
1.14444e-14,5.89122e-03,2.82571e-03,2.75332e-03
1.14536e-14,5.87620e-03,2.80811e-03,2.73405e-03
1.15262e-14,5.89869e-03,2.79074e-03,2.71666e-03
1.14991e-14,5.92502e-03,2.77360e-03,2.70129e-03
1.14575e-14,5.95220e-03,2.75670e-03,2.68478e-03
1.15652e-14,5.98572e-03,2.77149e-03,2.67349e-03
1.14358e-14,6.03340e-03,2.75185e-03,2.66300e-03
1.15069e-14,6.06638e-03,2.90769e-03,2.65026e-03
1.16614e-14,6.03199e-03,2.89215e-03,2.64409e-03
1.15360e-14,6.02739e-03,2.88324e-03,2.64190e-03
1.14730e-14,6.00446e-03,2.86600e-03,2.63352e-03
1.14523e-14,5.97653e-03,2.84904e-03,2.63426e-03
1.14697e-14,5.96596e-03,2.82682e-03,2.63812e-03
1.16269e-14,5.95725e-03,2.81591e-03,2.64266e-03
1.15148e-14,5.95452e-03,2.80332e-03,2.64104e-03
1.15622e-14,5.94687e-03,2.90171e-03,2.63622e-03
1.14249e-14,5.94302e-03,2.87970e-03,2.63287e-03
1.14524e-14,5.93426e-03,2.85993e-03,2.63035e-03
1.13391e-14,5.97161e-03,2.83295e-03,2.62855e-03
1.16572e-14,5.95975e-03,2.80650e-03,2.62746e-03
1.17084e-14,5.94181e-03,2.79120e-03,2.62682e-03
1.15344e-14,5.92666e-03,2.83435e-03,2.62704e-03
1.15156e-14,5.91646e-03,2.81405e-03,2.62797e-03
1.15105e-14,5.90322e-03,2.79522e-03,2.62955e-03
1.16152e-14,5.88753e-03,2.84471e-03,2.63174e-03
1.15593e-14,5.86994e-03,2.86697e-03,2.63452e-03
1.16355e-14,5.85606e-03,2.84643e-03,2.63784e-03
1.15671e-14,5.85900e-03,2.82595e-03,2.64166e-03
1.14997e-14,5.86151e-03,2.80556e-03,2.64590e-03
1.14450e-14,5.85200e-03,2.78607e-03,2.65053e-03
1.14930e-14,5.85075e-03,2.79807e-03,2.65547e-03
1.15448e-14,5.84874e-03,2.83877e-03,2.66065e-03
1.15242e-14,5.84202e-03,2.99017e-03,2.66602e-03
1.14091e-14,5.82770e-03,3.10593e-03,2.67148e-03
1.14397e-14,5.80192e-03,3.08416e-03,2.67696e-03
1.15691e-14,5.78018e-03,3.06277e-03,2.68237e-03
1.16406e-14,5.78594e-03,3.04174e-03,2.68486e-03
1.15243e-14,5.86109e-03,3.02014e-03,2.67420e-03
1.14094e-14,5.94374e-03,3.02357e-03,2.66399e-03
1.14197e-14,6.02221e-03,3.00153e-03,2.65425e-03
1.15242e-14,6.01145e-03,3.00829e-03,2.64502e-03
1.13218e-14,6.00592e-03,3.04561e-03,2.63527e-03
1.15812e-14,5.99857e-03,3.02305e-03,2.62089e-03
1.16421e-14,5.99049e-03,2.99911e-03,2.61322e-03
1.16972e-14,5.98096e-03,2.98540e-03,2.60624e-03
1.15942e-14,5.97025e-03,2.96643e-03,2.59995e-03
1.15810e-14,5.95815e-03,2.94780e-03,2.59432e-03
1.16058e-14,5.94549e-03,2.92983e-03,2.58932e-03
1.15621e-14,5.92550e-03,2.94201e-03,2.58184e-03
1.16440e-14,5.90984e-03,2.93662e-03,2.57716e-03
1.13941e-14,5.89696e-03,2.96690e-03,2.57134e-03
1.16423e-14,5.88700e-03,2.95438e-03,2.56699e-03
1.16665e-14,5.86334e-03,2.95595e-03,2.56552e-03
1.15470e-14,5.84885e-03,2.93141e-03,2.56690e-03
1.13821e-14,5.84119e-03,2.91105e-03,2.56588e-03
1.14612e-14,5.83682e-03,2.88712e-03,2.56500e-03
1.14462e-14,5.83700e-03,2.87610e-03,2.56237e-03
1.14899e-14,5.84816e-03,2.85192e-03,2.56229e-03
1.17022e-14,5.87935e-03,2.82786e-03,2.56258e-03
1.16319e-14,5.90550e-03,2.84253e-03,2.56077e-03
1.14745e-14,5.93302e-03,2.83726e-03,2.56025e-03
1.14533e-14,5.93861e-03,2.81327e-03,2.56153e-03
1.14503e-14,5.95391e-03,2.78972e-03,2.56295e-03
1.16840e-14,5.95845e-03,2.76658e-03,2.56406e-03
1.14773e-14,5.96936e-03,2.74386e-03,2.55976e-03
1.14536e-14,5.98018e-03,2.72123e-03,2.54607e-03
1.15298e-14,5.98329e-03,2.69909e-03,2.53244e-03
1.17186e-14,5.98340e-03,2.71909e-03,2.51986e-03
1.14910e-14,5.96005e-03,2.76051e-03,2.50745e-03
1.14317e-14,5.92394e-03,2.75170e-03,2.49527e-03
1.14265e-14,5.89983e-03,2.73106e-03,2.48342e-03
1.14350e-14,5.87190e-03,2.71077e-03,2.47195e-03
1.15355e-14,5.84023e-03,2.69084e-03,2.46094e-03
1.15711e-14,5.81717e-03,2.67125e-03,2.44922e-03
1.15403e-14,5.79767e-03,2.65253e-03,2.43868e-03
1.16062e-14,5.77801e-03,2.72268e-03,2.42553e-03
1.15489e-14,5.74443e-03,2.70479e-03,2.41509e-03
1.13582e-14,5.72587e-03,2.68657e-03,2.40581e-03
1.17499e-14,5.70929e-03,2.66739e-03,2.39658e-03
1.16512e-14,5.69324e-03,2.70063e-03,2.38912e-03
1.16085e-14,5.67784e-03,2.68211e-03,2.38293e-03
1.14113e-14,5.66316e-03,2.66387e-03,2.37799e-03
1.14633e-14,5.65500e-03,2.66829e-03,2.37441e-03
1.15372e-14,5.65750e-03,2.64878e-03,2.37222e-03
1.13992e-14,5.66081e-03,2.63162e-03,2.37144e-03
1.13964e-14,5.66480e-03,2.66020e-03,2.37206e-03
1.17318e-14,5.61555e-03,2.66297e-03,2.37407e-03
1.16574e-14,5.57958e-03,2.63977e-03,2.37698e-03
1.15144e-14,5.55685e-03,2.61682e-03,2.37949e-03
1.14683e-14,5.53697e-03,2.59446e-03,2.38136e-03
1.15143e-14,5.51944e-03,2.57252e-03,2.38388e-03
1.15706e-14,5.48716e-03,2.57059e-03,2.38697e-03
1.14972e-14,5.48008e-03,2.55327e-03,2.39057e-03
1.15423e-14,5.47435e-03,2.53149e-03,2.39460e-03
1.14979e-14,5.46486e-03,2.60080e-03,2.39901e-03
1.15989e-14,5.46087e-03,2.57832e-03,2.40369e-03
1.16137e-14,5.45766e-03,2.55624e-03,2.40857e-03
1.14975e-14,5.44993e-03,2.53468e-03,2.41313e-03
1.14738e-14,5.44673e-03,2.54658e-03,2.41748e-03
1.15534e-14,5.43818e-03,2.54858e-03,2.42241e-03
1.15111e-14,5.43072e-03,2.54111e-03,2.42706e-03
1.15073e-14,5.39711e-03,2.56191e-03,2.42319e-03
1.13756e-14,5.36331e-03,2.53961e-03,2.41639e-03
1.14307e-14,5.32965e-03,2.66253e-03,2.41001e-03
1.15704e-14,5.29644e-03,2.64128e-03,2.39677e-03
1.16337e-14,5.26154e-03,2.62043e-03,2.38770e-03
