1.21194e-15,4.40468e-01,4.40468e-01,4.40468e-01
8.56603e-16,4.40468e-01,4.40468e-01,4.40468e-01
8.26006e-16,4.40468e-01,4.40468e-01,4.40468e-01
8.20648e-16,4.40468e-01,4.40468e-01,4.40468e-01
8.22023e-16,4.40468e-01,4.40468e-01,4.40429e-01
8.13513e-16,4.40468e-01,4.40468e-01,4.40087e-01
8.21891e-16,4.40468e-01,4.40468e-01,4.39073e-01
8.26789e-16,4.40468e-01,4.40468e-01,4.37051e-01
8.21803e-16,4.40468e-01,4.40468e-01,4.33188e-01
8.20683e-16,4.40468e-01,4.40468e-01,4.26811e-01
8.24192e-16,4.40468e-01,4.40468e-01,4.18122e-01
8.34480e-16,4.40468e-01,4.40468e-01,4.07870e-01
8.22777e-16,4.40468e-01,4.40468e-01,3.95559e-01
8.30695e-16,4.40468e-01,4.40468e-01,3.77802e-01
8.34368e-16,4.40468e-01,4.40468e-01,3.57242e-01
8.44238e-16,4.40468e-01,4.40468e-01,3.35276e-01
8.43470e-16,4.40468e-01,4.40468e-01,3.09874e-01
8.43452e-16,4.40468e-01,4.40468e-01,2.83883e-01
8.40935e-16,4.40468e-01,4.40468e-01,2.56094e-01
8.42505e-16,4.40468e-01,4.40468e-01,2.31087e-01
8.36377e-16,4.40468e-01,4.40468e-01,2.08555e-01
8.37874e-16,4.40468e-01,4.40468e-01,1.92309e-01
8.35356e-16,4.40468e-01,4.40468e-01,1.84455e-01
8.35675e-16,4.40468e-01,4.40468e-01,1.83538e-01
8.38004e-16,4.40468e-01,4.40468e-01,1.91788e-01
8.35488e-16,4.40468e-01,4.40468e-01,2.06244e-01
8.21887e-16,4.40468e-01,4.40468e-01,2.24400e-01
8.19181e-16,4.40468e-01,4.40468e-01,2.44020e-01
8.15183e-16,4.40468e-01,4.40468e-01,2.63553e-01
8.01359e-16,4.40369e-01,4.40468e-01,2.80751e-01
8.17416e-16,4.40141e-01,4.40468e-01,2.94728e-01
8.07916e-16,4.39791e-01,4.40468e-01,3.05073e-01
8.05134e-16,4.39329e-01,4.40468e-01,3.11579e-01
7.98273e-16,4.38733e-01,4.40468e-01,3.14313e-01
7.80155e-16,4.37392e-01,4.40468e-01,3.14483e-01
7.82067e-16,4.35624e-01,4.40468e-01,3.10665e-01
7.90688e-16,4.33446e-01,4.40468e-01,3.01396e-01
8.00734e-16,4.31513e-01,4.40468e-01,2.90102e-01
8.07745e-16,4.30021e-01,4.40468e-01,2.77842e-01
8.05568e-16,4.28237e-01,4.40468e-01,2.62475e-01
7.98004e-16,4.25087e-01,4.40468e-01,2.48252e-01
8.08914e-16,4.21269e-01,4.40468e-01,2.34636e-01
7.97178e-16,4.17236e-01,4.40468e-01,2.21335e-01
8.03127e-16,4.14144e-01,4.40468e-01,2.08428e-01
7.98582e-16,4.10758e-01,4.40468e-01,1.95313e-01
7.96641e-16,4.07155e-01,4.40468e-01,1.83158e-01
8.07088e-16,4.01844e-01,4.40468e-01,1.71678e-01
8.02566e-16,3.96650e-01,4.40468e-01,1.62067e-01
7.95470e-16,3.91965e-01,4.40468e-01,1.55176e-01
8.03145e-16,3.87839e-01,4.40468e-01,1.48675e-01
7.97500e-16,3.84345e-01,4.40468e-01,1.42916e-01
8.06443e-16,3.81104e-01,4.40468e-01,1.39972e-01
8.01423e-16,3.78333e-01,4.40468e-01,1.37689e-01
8.02624e-16,3.75597e-01,4.40468e-01,1.38650e-01
7.94771e-16,3.72654e-01,4.40468e-01,1.39888e-01
8.01664e-16,3.70960e-01,4.40468e-01,1.41696e-01
7.98481e-16,3.69671e-01,4.40468e-01,1.43285e-01
8.04966e-16,3.67859e-01,4.40468e-01,1.45978e-01
7.95200e-16,3.65517e-01,4.40468e-01,1.48714e-01
7.97134e-16,3.64626e-01,4.40468e-01,1.52141e-01
8.03494e-16,3.64691e-01,4.40468e-01,1.55354e-01
8.12057e-16,3.62586e-01,4.40468e-01,1.58119e-01
7.94164e-16,3.60633e-01,4.40468e-01,1.61141e-01
8.06065e-16,3.59031e-01,4.40468e-01,1.62296e-01
8.09115e-16,3.57788e-01,4.40468e-01,1.63641e-01
7.95436e-16,3.58403e-01,4.40468e-01,1.63869e-01
7.93548e-16,3.59296e-01,4.40468e-01,1.62919e-01
7.96772e-16,3.59514e-01,4.40468e-01,1.61397e-01
8.02361e-16,3.59086e-01,4.40468e-01,1.59299e-01
8.04362e-16,3.58372e-01,4.40468e-01,1.57164e-01
7.99344e-16,3.57982e-01,4.40468e-01,1.54670e-01
8.02855e-16,3.59198e-01,4.40468e-01,1.52504e-01
8.03922e-16,3.60265e-01,4.40468e-01,1.49534e-01
8.02860e-16,3.60883e-01,4.40468e-01,1.46287e-01
8.05083e-16,3.59249e-01,4.40468e-01,1.42536e-01
7.97963e-16,3.57374e-01,4.40468e-01,1.38530e-01
8.04315e-16,3.56357e-01,4.40468e-01,1.33998e-01
8.16355e-16,3.56462e-01,4.40468e-01,1.29877e-01
7.95616e-16,3.53241e-01,4.40468e-01,1.26571e-01
7.98823e-16,3.49477e-01,4.40468e-01,1.23358e-01
8.01656e-16,3.45452e-01,4.40468e-01,1.20901e-01
7.99186e-16,3.41828e-01,4.40468e-01,1.19510e-01
8.07703e-16,3.37850e-01,4.40468e-01,1.18873e-01
8.03165e-16,3.35475e-01,4.40468e-01,1.18329e-01
8.06815e-16,3.32483e-01,4.40468e-01,1.18432e-01
8.01567e-16,3.29407e-01,4.40468e-01,1.18968e-01
7.92238e-16,3.26978e-01,4.40468e-01,1.19723e-01
8.09127e-16,3.23645e-01,4.40468e-01,1.19923e-01
8.13962e-16,3.19590e-01,4.40468e-01,1.20495e-01
8.03119e-16,3.15059e-01,4.40468e-01,1.22029e-01
8.00679e-16,3.12242e-01,4.40468e-01,1.22612e-01
8.08025e-16,3.08846e-01,4.40468e-01,1.23638e-01
7.85503e-16,3.05400e-01,4.40468e-01,1.24001e-01
8.14418e-16,3.02092e-01,4.40384e-01,1.23615e-01
7.97770e-16,2.98320e-01,4.40125e-01,1.22824e-01
8.04184e-16,2.97431e-01,4.39872e-01,1.22493e-01
8.05877e-16,2.96870e-01,4.39625e-01,1.22146e-01
7.99739e-16,2.96815e-01,4.39385e-01,1.21503e-01
8.01638e-16,2.97629e-01,4.39150e-01,1.20314e-01
8.05790e-16,2.96110e-01,4.38921e-01,1.18653e-01
7.92279e-16,2.95554e-01,4.38818e-01,1.16426e-01
8.07887e-16,2.95402e-01,4.38593e-01,1.14376e-01
8.09537e-16,2.95605e-01,4.38142e-01,1.12175e-01
8.09853e-16,2.95089e-01,4.37616e-01,1.09573e-01
7.99668e-16,2.95112e-01,4.37106e-01,1.06938e-01
8.12764e-16,2.95956e-01,4.36607e-01,1.04294e-01
8.08472e-16,2.96860e-01,4.36120e-01,1.01676e-01
7.99758e-16,2.96449e-01,4.35559e-01,9.94540e-02
8.09091e-16,2.96516e-01,4.34999e-01,9.73613e-02
8.03311e-16,2.97445e-01,4.34363e-01,9.53394e-02
8.07491e-16,2.97086e-01,4.33734e-01,9.38521e-02
8.08873e-16,2.96544e-01,4.33119e-01,9.25192e-02
8.10530e-16,2.95200e-01,4.32475e-01,9.16021e-02
8.00395e-16,2.94843e-01,4.31956e-01,9.10474e-02
8.10687e-16,2.95265e-01,4.31680e-01,9.09336e-02
8.14202e-16,2.95441e-01,4.31363e-01,9.07317e-02
8.00103e-16,2.92670e-01,4.31054e-01,9.07427e-02
8.08217e-16,2.89471e-01,4.30690e-01,9.09872e-02
7.95013e-16,2.86160e-01,4.30318e-01,9.08530e-02
8.03984e-16,2.82910e-01,4.29908e-01,9.11078e-02
7.98125e-16,2.80083e-01,4.29429e-01,9.14012e-02
8.10863e-16,2.78243e-01,4.28883e-01,9.16190e-02
8.05176e-16,2.76271e-01,4.28256e-01,9.23570e-02
7.99848e-16,2.74173e-01,4.27626e-01,9.23482e-02
8.05411e-16,2.71512e-01,4.27012e-01,9.20672e-02
8.04351e-16,2.69105e-01,4.26379e-01,9.16081e-02
8.07749e-16,2.67791e-01,4.25683e-01,9.09604e-02
8.00935e-16,2.66094e-01,4.24976e-01,9.08110e-02
8.03444e-16,2.64104e-01,4.24263e-01,9.05150e-02
8.12714e-16,2.60582e-01,4.23520e-01,9.00207e-02
8.07803e-16,2.57646e-01,4.22795e-01,8.93538e-02
7.96215e-16,2.56243e-01,4.22036e-01,8.87710e-02
8.01065e-16,2.56199e-01,4.21280e-01,8.86120e-02
8.07826e-16,2.56454e-01,4.20290e-01,8.83960e-02
7.95237e-16,2.56736e-01,4.19155e-01,8.73198e-02
8.10768e-16,2.55769e-01,4.17936e-01,8.59326e-02
8.08893e-16,2.54804e-01,4.16653e-01,8.39590e-02
8.07327e-16,2.53955e-01,4.15296e-01,8.20819e-02
8.08843e-16,2.53285e-01,4.13886e-01,8.08241e-02
7.99039e-16,2.53054e-01,4.12692e-01,7.99481e-02
7.98831e-16,2.52488e-01,4.11682e-01,7.92580e-02
8.14646e-16,2.51702e-01,4.10697e-01,7.87546e-02
8.14711e-16,2.52030e-01,4.09737e-01,7.84721e-02
8.02095e-16,2.52182e-01,4.08760e-01,7.80311e-02
8.12931e-16,2.52177e-01,4.07783e-01,7.77655e-02
7.99913e-16,2.51526e-01,4.06573e-01,7.76250e-02
8.02930e-16,2.50146e-01,4.05137e-01,7.76252e-02
8.17989e-16,2.48758e-01,4.03683e-01,7.77283e-02
8.08939e-16,2.47643e-01,4.02576e-01,7.76882e-02
8.00971e-16,2.46528e-01,4.01466e-01,7.73498e-02
8.04123e-16,2.45430e-01,4.00363e-01,7.70609e-02
8.06395e-16,2.43664e-01,3.99283e-01,7.68021e-02
8.09920e-16,2.41900e-01,3.98184e-01,7.68540e-02
8.01876e-16,2.39423e-01,3.97093e-01,7.73805e-02
8.01606e-16,2.37089e-01,3.95925e-01,7.66792e-02
7.96696e-16,2.35167e-01,3.94726e-01,7.61299e-02
8.04096e-16,2.34064e-01,3.93526e-01,7.57657e-02
8.08781e-16,2.32410e-01,3.92309e-01,7.53133e-02
8.02040e-16,2.30438e-01,3.91184e-01,7.47826e-02
7.95208e-16,2.28739e-01,3.90202e-01,7.42334e-02
8.05443e-16,2.27291e-01,3.89233e-01,7.36345e-02
8.04448e-16,2.26053e-01,3.88266e-01,7.34019e-02
8.04596e-16,2.25215e-01,3.87332e-01,7.32075e-02
8.02161e-16,2.24985e-01,3.86451e-01,7.22108e-02
8.05258e-16,2.23277e-01,3.85498e-01,7.12677e-02
8.04843e-16,2.21351e-01,3.84187e-01,7.06832e-02
8.06313e-16,2.18900e-01,3.82800e-01,7.01019e-02
8.01440e-16,2.16507e-01,3.81440e-01,6.93732e-02
7.92426e-16,2.16065e-01,3.80110e-01,6.85687e-02
8.07543e-16,2.15624e-01,3.78737e-01,6.76938e-02
8.14481e-16,2.14400e-01,3.77387e-01,6.67486e-02
7.98062e-16,2.13301e-01,3.76044e-01,6.62547e-02
8.06111e-16,2.13761e-01,3.74697e-01,6.57449e-02
7.98333e-16,2.14424e-01,3.73362e-01,6.51915e-02
8.06580e-16,2.14940e-01,3.72003e-01,6.47068e-02
7.98278e-16,2.14660e-01,3.70679e-01,6.42741e-02
8.04794e-16,2.14263e-01,3.69385e-01,6.40160e-02
8.05640e-16,2.12494e-01,3.68069e-01,6.39402e-02
8.03809e-16,2.10331e-01,3.66761e-01,6.38719e-02
8.06638e-16,2.08536e-01,3.65236e-01,6.38054e-02
8.06520e-16,2.07984e-01,3.63606e-01,6.37360e-02
8.03649e-16,2.07898e-01,3.61994e-01,6.36649e-02
8.00701e-16,2.07495e-01,3.60564e-01,6.34319e-02
8.00963e-16,2.06506e-01,3.59197e-01,6.31626e-02
8.02025e-16,2.05458e-01,3.57784e-01,6.29389e-02
8.04453e-16,2.04552e-01,3.56597e-01,6.27140e-02
7.95038e-16,2.04043e-01,3.55454e-01,6.27071e-02
8.06557e-16,2.03398e-01,3.54300e-01,6.28325e-02
8.04994e-16,2.03075e-01,3.53135e-01,6.26324e-02
8.07791e-16,2.02811e-01,3.51926e-01,6.22454e-02
8.10509e-16,2.02281e-01,3.50696e-01,6.17959e-02
8.02147e-16,2.01383e-01,3.49464e-01,6.13005e-02
8.01743e-16,2.00268e-01,3.48257e-01,6.07991e-02
8.10935e-16,1.99284e-01,3.47082e-01,6.03926e-02
8.00317e-16,1.98301e-01,3.45927e-01,5.99802e-02
7.90047e-16,1.97029e-01,3.44750e-01,5.95659e-02
7.96693e-16,1.96213e-01,3.43563e-01,5.91604e-02
7.95314e-16,1.94221e-01,3.42406e-01,5.87634e-02
8.16105e-16,1.92634e-01,3.41277e-01,5.84325e-02
7.92366e-16,1.91269e-01,3.40150e-01,5.82124e-02
8.10235e-16,1.89968e-01,3.39047e-01,5.79684e-02
8.12190e-16,1.89254e-01,3.37938e-01,5.76615e-02
8.06430e-16,1.89106e-01,3.36859e-01,5.72153e-02
8.03598e-16,1.88753e-01,3.35773e-01,5.69255e-02
8.05369e-16,1.87682e-01,3.34692e-01,5.66390e-02
7.93689e-16,1.86165e-01,3.33609e-01,5.61422e-02
8.06496e-16,1.85702e-01,3.32529e-01,5.57107e-02
8.15892e-16,1.85808e-01,3.31466e-01,5.54309e-02
8.09577e-16,1.85149e-01,3.30431e-01,5.51387e-02
8.14425e-16,1.83849e-01,3.29423e-01,5.49018e-02
7.99069e-16,1.82936e-01,3.28410e-01,5.47506e-02
7.96413e-16,1.82639e-01,3.27389e-01,5.45414e-02
7.99753e-16,1.81957e-01,3.26394e-01,5.42129e-02
8.03760e-16,1.80666e-01,3.25396e-01,5.41938e-02
8.10319e-16,1.80071e-01,3.24422e-01,5.40388e-02
8.01538e-16,1.79153e-01,3.23473e-01,5.38863e-02
8.04674e-16,1.78003e-01,3.22549e-01,5.37400e-02
8.03824e-16,1.76887e-01,3.21625e-01,5.35663e-02
8.03755e-16,1.75236e-01,3.20720e-01,5.34976e-02
8.03684e-16,1.73689e-01,3.19838e-01,5.32473e-02
8.06087e-16,1.72543e-01,3.18946e-01,5.29474e-02
8.00950e-16,1.71699e-01,3.18076e-01,5.26068e-02
7.94325e-16,1.71430e-01,3.17230e-01,5.22268e-02
8.10513e-16,1.71450e-01,3.16405e-01,5.17901e-02
7.94847e-16,1.71107e-01,3.15563e-01,5.13218e-02
8.08325e-16,1.70047e-01,3.14703e-01,5.10171e-02
8.04350e-16,1.68493e-01,3.13865e-01,5.07182e-02
8.00905e-16,1.67737e-01,3.13043e-01,5.04224e-02
8.09024e-16,1.68022e-01,3.12202e-01,5.01338e-02
7.99411e-16,1.66568e-01,3.11379e-01,4.98076e-02
8.02867e-16,1.65600e-01,3.10554e-01,4.93985e-02
8.13434e-16,1.65640e-01,3.09339e-01,4.90003e-02
7.97219e-16,1.64789e-01,3.08131e-01,4.87480e-02
8.03888e-16,1.63625e-01,3.06944e-01,4.85642e-02
8.06565e-16,1.62387e-01,3.05737e-01,4.84948e-02
8.05195e-16,1.61339e-01,3.04413e-01,4.85278e-02
7.95643e-16,1.60118e-01,3.03092e-01,4.84058e-02
8.05747e-16,1.58956e-01,3.01779e-01,4.82665e-02
8.03961e-16,1.57914e-01,3.00500e-01,4.81070e-02
8.05997e-16,1.57559e-01,2.99254e-01,4.79151e-02
8.10571e-16,1.57290e-01,2.98009e-01,4.76873e-02
8.01638e-16,1.56987e-01,2.96780e-01,4.74307e-02
8.02580e-16,1.56412e-01,2.95551e-01,4.71341e-02
8.08121e-16,1.56613e-01,2.94321e-01,4.67986e-02
8.11694e-16,1.57074e-01,2.93093e-01,4.65618e-02
8.08538e-16,1.56326e-01,2.91859e-01,4.61770e-02
8.09226e-16,1.55120e-01,2.90652e-01,4.56738e-02
8.19624e-16,1.54964e-01,2.89425e-01,4.51739e-02
8.10147e-16,1.54952e-01,2.88179e-01,4.47281e-02
7.90553e-16,1.54311e-01,2.86929e-01,4.42896e-02
8.13145e-16,1.54062e-01,2.85697e-01,4.38715e-02
7.85418e-16,1.54104e-01,2.84475e-01,4.36099e-02
8.20131e-16,1.53491e-01,2.83230e-01,4.34810e-02
8.04668e-16,1.52160e-01,2.82133e-01,4.33485e-02
8.02237e-16,1.50582e-01,2.81151e-01,4.32199e-02
8.25199e-16,1.49330e-01,2.80196e-01,4.30843e-02
8.04387e-16,1.49030e-01,2.79264e-01,4.29468e-02
7.97922e-16,1.48803e-01,2.78354e-01,4.28170e-02
8.07463e-16,1.48584e-01,2.77429e-01,4.26860e-02
8.08350e-16,1.48311e-01,2.76520e-01,4.25533e-02
8.05884e-16,1.47689e-01,2.75596e-01,4.24195e-02
7.95441e-16,1.47012e-01,2.74683e-01,4.22965e-02
8.02860e-16,1.45658e-01,2.73780e-01,4.21763e-02
8.05164e-16,1.45364e-01,2.72899e-01,4.20570e-02
8.10813e-16,1.44973e-01,2.72040e-01,4.20744e-02
8.08788e-16,1.44065e-01,2.70981e-01,4.20709e-02
8.07889e-16,1.43672e-01,2.69868e-01,4.18331e-02
8.13233e-16,1.43378e-01,2.68768e-01,4.15892e-02
8.07420e-16,1.42532e-01,2.67687e-01,4.13969e-02
7.96618e-16,1.41437e-01,2.66628e-01,4.13084e-02
7.95615e-16,1.40723e-01,2.65578e-01,4.12037e-02
8.06267e-16,1.39740e-01,2.64542e-01,4.10842e-02
8.17056e-16,1.38794e-01,2.63519e-01,4.09591e-02
7.94331e-16,1.37795e-01,2.62469e-01,4.07555e-02
7.94638e-16,1.36748e-01,2.61391e-01,4.04850e-02
8.10440e-16,1.35678e-01,2.60283e-01,4.02636e-02
7.99231e-16,1.34583e-01,2.59188e-01,4.00952e-02
7.97692e-16,1.33931e-01,2.58117e-01,3.99801e-02
8.00754e-16,1.32808e-01,2.57069e-01,3.98853e-02
8.06608e-16,1.32103e-01,2.56032e-01,3.97406e-02
7.97087e-16,1.31527e-01,2.55000e-01,3.96231e-02
8.07114e-16,1.31043e-01,2.53975e-01,3.96415e-02
7.99230e-16,1.30201e-01,2.52922e-01,3.94761e-02
8.09574e-16,1.29341e-01,2.51875e-01,3.92235e-02
8.04738e-16,1.29090e-01,2.50843e-01,3.89735e-02
8.06755e-16,1.28706e-01,2.49821e-01,3.87261e-02
8.00109e-16,1.28512e-01,2.48822e-01,3.84835e-02
8.05221e-16,1.28446e-01,2.47920e-01,3.82497e-02
8.11971e-16,1.27948e-01,2.47058e-01,3.80265e-02
8.01352e-16,1.28122e-01,2.46218e-01,3.78176e-02
8.03362e-16,1.28040e-01,2.45375e-01,3.76112e-02
7.96610e-16,1.28002e-01,2.44543e-01,3.73992e-02
8.06121e-16,1.27982e-01,2.43719e-01,3.71878e-02
8.02437e-16,1.27951e-01,2.42879e-01,3.69766e-02
8.07661e-16,1.27255e-01,2.42046e-01,3.67611e-02
7.94530e-16,1.27176e-01,2.41219e-01,3.65656e-02
8.05254e-16,1.27290e-01,2.40403e-01,3.66193e-02
7.91404e-16,1.27175e-01,2.39609e-01,3.65872e-02
8.02964e-16,1.26880e-01,2.38802e-01,3.65461e-02
8.04154e-16,1.26408e-01,2.38013e-01,3.65087e-02
7.92455e-16,1.25484e-01,2.37246e-01,3.64718e-02
7.88521e-16,1.24279e-01,2.36493e-01,3.64274e-02
8.01747e-16,1.23336e-01,2.35744e-01,3.63625e-02
8.10128e-16,1.23498e-01,2.34945e-01,3.62135e-02
8.13656e-16,1.23603e-01,2.34050e-01,3.60607e-02
8.04681e-16,1.22783e-01,2.33166e-01,3.59096e-02
7.99869e-16,1.22099e-01,2.32267e-01,3.57540e-02
8.07886e-16,1.22083e-01,2.31377e-01,3.55912e-02
7.98045e-16,1.21988e-01,2.30498e-01,3.53886e-02
7.98741e-16,1.21384e-01,2.29633e-01,3.50431e-02
8.00467e-16,1.20623e-01,2.28772e-01,3.46707e-02
8.04197e-16,1.19601e-01,2.27896e-01,3.42867e-02
8.05032e-16,1.18436e-01,2.27025e-01,3.39023e-02
8.12227e-16,1.17289e-01,2.26160e-01,3.35276e-02
7.97937e-16,1.16174e-01,2.25294e-01,3.31676e-02
7.98918e-16,1.15424e-01,2.24439e-01,3.28325e-02
8.08999e-16,1.15099e-01,2.23587e-01,3.25732e-02
8.01047e-16,1.14704e-01,2.22731e-01,3.25638e-02
7.97558e-16,1.13892e-01,2.21869e-01,3.25283e-02
7.99680e-16,1.13123e-01,2.21018e-01,3.23506e-02
8.00747e-16,1.12557e-01,2.20188e-01,3.22981e-02
8.08483e-16,1.11729e-01,2.19351e-01,3.22617e-02
8.06619e-16,1.11107e-01,2.18532e-01,3.21396e-02
8.08617e-16,1.10246e-01,2.17719e-01,3.19936e-02
8.13015e-16,1.09589e-01,2.16894e-01,3.18335e-02
8.08969e-16,1.09583e-01,2.16079e-01,3.16625e-02
8.03096e-16,1.09405e-01,2.15285e-01,3.15693e-02
8.04378e-16,1.09163e-01,2.14504e-01,3.16047e-02
8.12993e-16,1.09034e-01,2.13727e-01,3.16505e-02
8.00752e-16,1.08679e-01,2.12959e-01,3.16964e-02
8.08650e-16,1.07831e-01,2.12184e-01,3.17384e-02
7.98583e-16,1.07214e-01,2.11415e-01,3.18128e-02
8.03520e-16,1.06517e-01,2.10648e-01,3.18742e-02
7.92743e-16,1.05997e-01,2.09882e-01,3.19669e-02
7.98016e-16,1.05416e-01,2.09180e-01,3.20794e-02
8.01878e-16,1.05023e-01,2.08501e-01,3.22063e-02
8.02546e-16,1.04954e-01,2.07816e-01,3.23478e-02
7.99685e-16,1.04968e-01,2.07131e-01,3.24811e-02
8.06328e-16,1.05039e-01,2.06449e-01,3.25472e-02
8.15099e-16,1.05183e-01,2.05779e-01,3.24935e-02
8.04933e-16,1.04915e-01,2.05111e-01,3.23389e-02
7.99176e-16,1.04876e-01,2.04439e-01,3.20272e-02
7.96229e-16,1.04559e-01,2.03764e-01,3.16573e-02
8.12404e-16,1.04042e-01,2.03098e-01,3.12794e-02
7.97167e-16,1.03894e-01,2.02421e-01,3.08885e-02
8.12233e-16,1.03586e-01,2.01751e-01,3.05007e-02
7.98307e-16,1.03307e-01,2.01077e-01,3.03323e-02
8.02129e-16,1.03063e-01,2.00414e-01,3.00950e-02
8.02062e-16,1.02853e-01,1.99768e-01,2.98237e-02
7.96183e-16,1.02207e-01,1.99137e-01,2.95507e-02
7.95640e-16,1.01547e-01,1.98524e-01,2.92765e-02
7.98626e-16,1.00945e-01,1.97914e-01,2.89968e-02
8.02946e-16,1.00634e-01,1.97285e-01,2.87217e-02
8.05290e-16,1.00591e-01,1.96654e-01,2.84612e-02
8.09701e-16,1.00406e-01,1.96038e-01,2.82142e-02
7.89807e-16,1.00048e-01,1.95438e-01,2.79768e-02
8.03815e-16,9.96432e-02,1.94855e-01,2.77629e-02
8.02228e-16,9.95128e-02,1.94258e-01,2.75760e-02
7.95785e-16,9.91760e-02,1.93654e-01,2.74194e-02
8.12870e-16,9.85698e-02,1.93038e-01,2.74011e-02
8.05227e-16,9.79078e-02,1.92408e-01,2.74103e-02
8.10184e-16,9.74346e-02,1.91783e-01,2.74428e-02
8.03592e-16,9.70274e-02,1.91172e-01,2.74370e-02
8.08368e-16,9.66870e-02,1.90578e-01,2.74991e-02
8.07255e-16,9.63867e-02,1.89995e-01,2.75630e-02
8.04587e-16,9.59307e-02,1.89397e-01,2.76248e-02
8.00850e-16,9.55594e-02,1.88813e-01,2.76379e-02
8.04610e-16,9.48554e-02,1.88236e-01,2.76376e-02
8.03416e-16,9.42334e-02,1.87640e-01,2.75508e-02
8.15958e-16,9.35803e-02,1.87043e-01,2.74487e-02
8.04751e-16,9.28032e-02,1.86455e-01,2.73394e-02
7.96683e-16,9.23527e-02,1.85864e-01,2.72152e-02
8.15794e-16,9.21155e-02,1.85289e-01,2.70734e-02
8.05274e-16,9.20206e-02,1.84720e-01,2.69156e-02
8.04817e-16,9.14422e-02,1.84129e-01,2.67426e-02
8.03328e-16,9.08408e-02,1.83506e-01,2.65564e-02
8.00150e-16,9.03105e-02,1.82896e-01,2.63661e-02
7.96939e-16,8.98036e-02,1.82296e-01,2.61719e-02
8.06827e-16,8.94358e-02,1.81685e-01,2.59803e-02
7.92285e-16,8.90040e-02,1.81085e-01,2.57937e-02
8.06246e-16,8.82004e-02,1.80498e-01,2.56144e-02
7.99482e-16,8.75651e-02,1.79917e-01,2.54495e-02
8.00470e-16,8.72944e-02,1.79343e-01,2.53629e-02
8.04524e-16,8.73708e-02,1.78784e-01,2.53071e-02
8.01713e-16,8.70427e-02,1.78239e-01,2.52733e-02
8.02183e-16,8.66557e-02,1.77696e-01,2.52676e-02
7.85687e-16,8.64071e-02,1.77161e-01,2.52931e-02
7.97506e-16,8.63498e-02,1.76640e-01,2.52944e-02
8.04071e-16,8.61793e-02,1.76132e-01,2.52138e-02
8.03624e-16,8.57140e-02,1.75622e-01,2.51450e-02
8.01264e-16,8.53982e-02,1.75114e-01,2.50950e-02
8.09622e-16,8.51258e-02,1.74610e-01,2.50616e-02
8.09927e-16,8.49831e-02,1.74105e-01,2.50374e-02
7.90106e-16,8.51917e-02,1.73614e-01,2.50198e-02
8.05263e-16,8.54366e-02,1.73132e-01,2.50057e-02
8.03264e-16,8.55867e-02,1.72661e-01,2.49544e-02
8.06470e-16,8.54493e-02,1.72200e-01,2.48930e-02
8.02276e-16,8.51048e-02,1.71725e-01,2.48395e-02
8.20131e-16,8.47131e-02,1.71263e-01,2.47932e-02
8.08620e-16,8.43133e-02,1.70833e-01,2.47537e-02
7.97130e-16,8.43075e-02,1.70391e-01,2.47187e-02
8.08896e-16,8.39747e-02,1.69960e-01,2.46826e-02
8.06964e-16,8.36930e-02,1.69527e-01,2.46423e-02
8.03058e-16,8.34354e-02,1.69119e-01,2.46019e-02
8.07576e-16,8.31543e-02,1.68712e-01,2.45607e-02
8.09459e-16,8.28535e-02,1.68310e-01,2.44558e-02
7.97297e-16,8.25176e-02,1.67908e-01,2.43216e-02
7.97099e-16,8.21238e-02,1.67516e-01,2.41699e-02
8.06648e-16,8.18654e-02,1.67124e-01,2.40077e-02
7.87481e-16,8.16179e-02,1.66739e-01,2.38438e-02
7.99508e-16,8.12583e-02,1.66364e-01,2.36708e-02
8.03789e-16,8.09849e-02,1.65997e-01,2.34107e-02
8.00081e-16,8.07339e-02,1.65629e-01,2.31000e-02
7.96667e-16,8.07948e-02,1.65270e-01,2.28060e-02
8.05882e-16,8.04398e-02,1.64918e-01,2.25362e-02
8.03536e-16,7.95819e-02,1.64522e-01,2.23198e-02
7.94836e-16,7.89022e-02,1.64093e-01,2.21647e-02
8.04881e-16,7.84201e-02,1.63657e-01,2.20259e-02
8.14743e-16,7.79494e-02,1.63212e-01,2.19077e-02
7.90552e-16,7.75542e-02,1.62766e-01,2.18104e-02
7.97337e-16,7.72090e-02,1.62326e-01,2.16892e-02
8.05885e-16,7.68479e-02,1.61897e-01,2.15835e-02
8.05665e-16,7.64341e-02,1.61475e-01,2.15257e-02
8.05514e-16,7.60259e-02,1.61062e-01,2.14971e-02
8.13074e-16,7.56879e-02,1.60646e-01,2.14953e-02
8.04161e-16,7.55322e-02,1.60230e-01,2.15076e-02
7.96101e-16,7.53248e-02,1.59825e-01,2.15311e-02
8.10921e-16,7.52953e-02,1.59430e-01,2.15380e-02
8.04843e-16,7.50986e-02,1.59046e-01,2.15692e-02
8.04621e-16,7.50398e-02,1.58667e-01,2.15970e-02
8.07455e-16,7.49338e-02,1.58287e-01,2.16228e-02
8.01976e-16,7.45489e-02,1.57908e-01,2.16388e-02
7.98587e-16,7.43391e-02,1.57535e-01,2.16485e-02
8.09586e-16,7.41411e-02,1.57164e-01,2.16478e-02
8.05492e-16,7.34650e-02,1.56790e-01,2.16445e-02
7.97157e-16,7.30442e-02,1.56395e-01,2.16337e-02
8.13405e-16,7.27124e-02,1.56009e-01,2.16120e-02
7.98378e-16,7.25731e-02,1.55630e-01,2.15780e-02
7.95584e-16,7.25625e-02,1.55261e-01,2.15255e-02
8.03860e-16,7.25463e-02,1.54896e-01,2.14542e-02
8.06808e-16,7.22168e-02,1.54540e-01,2.13685e-02
8.05254e-16,7.19347e-02,1.54197e-01,2.12674e-02
8.07085e-16,7.18717e-02,1.53862e-01,2.11509e-02
8.01443e-16,7.18680e-02,1.53529e-01,2.10147e-02
8.02541e-16,7.17348e-02,1.53199e-01,2.08582e-02
8.03471e-16,7.15509e-02,1.52882e-01,2.08040e-02
8.11559e-16,7.12859e-02,1.52552e-01,2.07661e-02
7.98502e-16,7.07761e-02,1.52223e-01,2.07307e-02
8.16128e-16,7.03918e-02,1.51900e-01,2.06958e-02
8.00634e-16,7.02622e-02,1.51583e-01,2.06618e-02
8.05941e-16,7.02962e-02,1.51267e-01,2.05666e-02
8.12255e-16,7.00655e-02,1.50952e-01,2.04661e-02
7.89680e-16,6.97284e-02,1.50643e-01,2.04151e-02
7.91516e-16,6.93604e-02,1.50342e-01,2.03700e-02
8.00712e-16,6.88845e-02,1.50039e-01,2.03296e-02
8.05970e-16,6.84122e-02,1.49720e-01,2.02969e-02
7.97977e-16,6.83606e-02,1.49397e-01,2.02052e-02
8.07933e-16,6.80116e-02,1.49069e-01,2.01075e-02
7.97129e-16,6.76792e-02,1.48746e-01,2.00051e-02
8.01252e-16,6.74424e-02,1.48431e-01,1.98971e-02
8.08907e-16,6.74309e-02,1.48123e-01,1.97802e-02
8.01967e-16,6.76620e-02,1.47823e-01,1.96547e-02
8.08468e-16,6.72599e-02,1.47526e-01,1.95222e-02
8.12783e-16,6.66131e-02,1.47236e-01,1.94512e-02
8.13663e-16,6.63161e-02,1.46927e-01,1.94087e-02
8.01542e-16,6.64319e-02,1.46602e-01,1.93752e-02
7.95152e-16,6.61863e-02,1.46276e-01,1.93495e-02
8.04484e-16,6.58120e-02,1.45942e-01,1.93294e-02
8.00760e-16,6.54564e-02,1.45611e-01,1.93158e-02
8.08455e-16,6.51911e-02,1.45284e-01,1.92196e-02
7.95760e-16,6.51538e-02,1.44958e-01,1.90217e-02
8.01170e-16,6.48229e-02,1.44630e-01,1.88202e-02
7.99748e-16,6.44970e-02,1.44305e-01,1.86183e-02
7.98339e-16,6.43581e-02,1.43982e-01,1.84192e-02
8.04621e-16,6.40922e-02,1.43660e-01,1.82269e-02
8.00581e-16,6.37962e-02,1.43334e-01,1.80718e-02
8.11781e-16,6.35804e-02,1.43015e-01,1.80132e-02
8.00880e-16,6.34687e-02,1.42704e-01,1.79572e-02
7.98018e-16,6.33356e-02,1.42401e-01,1.79211e-02
8.03582e-16,6.28424e-02,1.42103e-01,1.79169e-02
8.04447e-16,6.24398e-02,1.41806e-01,1.79130e-02
8.01331e-16,6.20946e-02,1.41517e-01,1.79097e-02
8.00702e-16,6.21443e-02,1.41233e-01,1.79094e-02
8.10030e-16,6.19126e-02,1.40949e-01,1.79123e-02
8.09609e-16,6.15897e-02,1.40656e-01,1.79117e-02
7.93098e-16,6.15751e-02,1.40364e-01,1.78594e-02
8.11151e-16,6.13226e-02,1.40077e-01,1.78129e-02
8.03015e-16,6.11284e-02,1.39790e-01,1.77723e-02
8.10485e-16,6.09136e-02,1.39497e-01,1.77370e-02
8.09550e-16,6.05711e-02,1.39206e-01,1.77588e-02
7.99698e-16,6.02276e-02,1.38920e-01,1.77974e-02
8.13893e-16,5.98936e-02,1.38640e-01,1.78377e-02
7.97898e-16,5.95732e-02,1.38344e-01,1.78763e-02
8.08319e-16,5.92707e-02,1.38011e-01,1.79120e-02
7.99670e-16,5.88606e-02,1.37658e-01,1.79435e-02
7.99331e-16,5.84782e-02,1.37299e-01,1.79087e-02
8.15884e-16,5.81444e-02,1.36939e-01,1.78969e-02
7.99025e-16,5.79596e-02,1.36566e-01,1.78802e-02
8.11380e-16,5.78243e-02,1.36197e-01,1.78554e-02
8.03466e-16,5.78152e-02,1.35824e-01,1.78231e-02
8.03864e-16,5.78256e-02,1.35455e-01,1.77839e-02
8.11270e-16,5.78377e-02,1.35068e-01,1.77351e-02
8.03374e-16,5.78346e-02,1.34683e-01,1.76786e-02
7.90058e-16,5.75599e-02,1.34302e-01,1.76122e-02
7.98096e-16,5.75039e-02,1.33925e-01,1.75407e-02
8.02909e-16,5.74310e-02,1.33552e-01,1.74557e-02
8.16203e-16,5.73544e-02,1.33186e-01,1.73418e-02
8.02195e-16,5.70522e-02,1.32826e-01,1.72433e-02
8.04101e-16,5.68234e-02,1.32474e-01,1.71565e-02
8.12203e-16,5.67766e-02,1.32124e-01,1.70858e-02
8.02863e-16,5.67134e-02,1.31768e-01,1.69808e-02
8.12131e-16,5.66403e-02,1.31421e-01,1.68747e-02
8.06227e-16,5.65558e-02,1.31081e-01,1.67716e-02
7.98885e-16,5.64549e-02,1.30744e-01,1.66709e-02
8.05619e-16,5.63134e-02,1.30402e-01,1.65388e-02
7.99535e-16,5.60786e-02,1.30047e-01,1.63700e-02
8.12742e-16,5.58828e-02,1.29697e-01,1.61947e-02
7.99262e-16,5.56989e-02,1.29356e-01,1.60350e-02
8.02107e-16,5.53557e-02,1.29021e-01,1.58978e-02
8.05808e-16,5.50724e-02,1.28694e-01,1.57843e-02
8.11710e-16,5.48221e-02,1.28374e-01,1.57167e-02
8.11403e-16,5.45477e-02,1.28052e-01,1.57119e-02
7.97701e-16,5.42995e-02,1.27730e-01,1.57258e-02
7.89583e-16,5.40833e-02,1.27416e-01,1.57430e-02
8.06000e-16,5.39728e-02,1.27107e-01,1.56704e-02
7.95724e-16,5.37758e-02,1.26803e-01,1.55948e-02
8.05861e-16,5.35377e-02,1.26507e-01,1.55194e-02
8.11903e-16,5.34409e-02,1.26217e-01,1.54690e-02
8.08408e-16,5.34293e-02,1.25929e-01,1.54757e-02
8.10334e-16,5.34177e-02,1.25638e-01,1.55039e-02
7.98441e-16,5.34002e-02,1.25348e-01,1.54297e-02
7.97945e-16,5.33672e-02,1.25052e-01,1.53602e-02
7.94382e-16,5.32732e-02,1.24763e-01,1.52953e-02
7.95827e-16,5.30708e-02,1.24478e-01,1.52339e-02
7.96730e-16,5.28002e-02,1.24196e-01,1.51758e-02
7.94191e-16,5.25399e-02,1.23910e-01,1.51225e-02
7.92512e-16,5.22879e-02,1.23616e-01,1.51028e-02
8.07101e-16,5.20443e-02,1.23327e-01,1.51050e-02
8.06573e-16,5.18050e-02,1.23036e-01,1.51060e-02
7.99136e-16,5.15703e-02,1.22737e-01,1.51067e-02
7.99536e-16,5.12976e-02,1.22435e-01,1.51044e-02
8.03010e-16,5.09951e-02,1.22133e-01,1.50958e-02
7.87126e-16,5.07147e-02,1.21838e-01,1.50792e-02
8.00113e-16,5.04742e-02,1.21549e-01,1.50557e-02
7.99591e-16,5.02793e-02,1.21263e-01,1.50255e-02
7.95572e-16,5.01162e-02,1.20980e-01,1.49892e-02
8.11961e-16,4.99493e-02,1.20702e-01,1.49485e-02
8.08301e-16,4.97791e-02,1.20427e-01,1.49064e-02
7.95356e-16,4.95777e-02,1.20156e-01,1.48048e-02
8.11184e-16,4.92992e-02,1.19889e-01,1.46963e-02
7.97755e-16,4.92235e-02,1.19612e-01,1.46234e-02
7.96156e-16,4.90504e-02,1.19340e-01,1.45758e-02
7.92251e-16,4.87507e-02,1.19074e-01,1.45139e-02
7.93803e-16,4.86366e-02,1.18814e-01,1.44559e-02
8.02164e-16,4.84701e-02,1.18558e-01,1.44074e-02
8.06053e-16,4.83409e-02,1.18305e-01,1.43688e-02
7.95131e-16,4.82746e-02,1.18037e-01,1.43401e-02
8.08053e-16,4.81220e-02,1.17794e-01,1.43215e-02
8.12453e-16,4.78664e-02,1.17570e-01,1.43136e-02
7.99966e-16,4.76199e-02,1.17346e-01,1.43143e-02
7.99701e-16,4.75434e-02,1.17121e-01,1.43221e-02
7.87014e-16,4.74916e-02,1.16901e-01,1.43360e-02
7.98981e-16,4.74462e-02,1.16687e-01,1.43419e-02
7.96282e-16,4.73593e-02,1.16476e-01,1.43392e-02
8.03493e-16,4.72827e-02,1.16270e-01,1.43365e-02
7.96615e-16,4.71844e-02,1.16067e-01,1.43333e-02
7.94177e-16,4.70716e-02,1.15869e-01,1.43284e-02
7.95761e-16,4.69202e-02,1.15673e-01,1.43208e-02
8.05362e-16,4.66971e-02,1.15478e-01,1.43125e-02
7.99866e-16,4.64733e-02,1.15281e-01,1.43036e-02
7.94780e-16,4.62648e-02,1.15083e-01,1.42902e-02
7.97414e-16,4.61324e-02,1.14876e-01,1.42713e-02
7.99428e-16,4.60116e-02,1.14662e-01,1.42450e-02
7.94313e-16,4.59042e-02,1.14416e-01,1.42115e-02
7.95711e-16,4.58087e-02,1.14171e-01,1.41704e-02
8.02505e-16,4.57016e-02,1.13918e-01,1.41211e-02
8.07792e-16,4.55690e-02,1.13669e-01,1.40637e-02
7.99447e-16,4.54455e-02,1.13425e-01,1.39965e-02
7.99004e-16,4.54102e-02,1.13186e-01,1.39212e-02
7.93427e-16,4.54156e-02,1.12951e-01,1.38373e-02
7.90947e-16,4.52099e-02,1.12716e-01,1.37458e-02
8.02990e-16,4.50720e-02,1.12483e-01,1.36481e-02
7.84549e-16,4.49325e-02,1.12246e-01,1.35455e-02
7.94583e-16,4.47862e-02,1.12009e-01,1.34381e-02
7.85003e-16,4.46276e-02,1.11773e-01,1.33258e-02
7.93984e-16,4.44625e-02,1.11541e-01,1.31901e-02
7.93268e-16,4.42965e-02,1.11313e-01,1.30551e-02
7.90528e-16,4.41857e-02,1.11088e-01,1.29232e-02
7.96377e-16,4.40373e-02,1.10876e-01,1.27954e-02
8.02441e-16,4.38466e-02,1.10673e-01,1.26939e-02
7.89147e-16,4.36566e-02,1.10453e-01,1.26346e-02
7.96180e-16,4.35475e-02,1.10231e-01,1.25822e-02
7.94071e-16,4.34403e-02,1.09994e-01,1.25370e-02
7.86906e-16,4.32603e-02,1.09758e-01,1.24994e-02
7.78867e-16,4.30615e-02,1.09526e-01,1.24708e-02
7.90838e-16,4.28660e-02,1.09296e-01,1.24482e-02
7.73391e-16,4.27357e-02,1.09069e-01,1.24306e-02
7.91002e-16,4.26122e-02,1.08846e-01,1.24219e-02
7.97165e-16,4.25513e-02,1.08622e-01,1.24206e-02
7.87161e-16,4.24170e-02,1.08400e-01,1.24252e-02
7.91322e-16,4.22665e-02,1.08182e-01,1.24352e-02
7.86707e-16,4.21588e-02,1.07966e-01,1.24365e-02
7.88825e-16,4.20585e-02,1.07754e-01,1.24115e-02
7.85789e-16,4.19302e-02,1.07542e-01,1.23875e-02
7.80203e-16,4.17983e-02,1.07307e-01,1.23621e-02
7.91784e-16,4.17056e-02,1.07064e-01,1.23357e-02
7.69280e-16,4.15321e-02,1.06824e-01,1.23167e-02
7.68179e-16,4.14938e-02,1.06583e-01,1.23630e-02
7.72697e-16,4.14927e-02,1.06341e-01,1.24109e-02
7.92978e-16,4.13037e-02,1.06101e-01,1.24592e-02
7.87089e-16,4.11512e-02,1.05861e-01,1.25061e-02
7.84517e-16,4.10883e-02,1.05617e-01,1.25509e-02
7.73408e-16,4.09848e-02,1.05377e-01,1.25915e-02
7.82982e-16,4.08956e-02,1.05143e-01,1.26262e-02
7.75600e-16,4.08091e-02,1.04910e-01,1.26542e-02
7.73071e-16,4.07079e-02,1.04681e-01,1.26746e-02
7.67672e-16,4.05931e-02,1.04460e-01,1.26868e-02
7.77397e-16,4.04558e-02,1.04263e-01,1.26879e-02
7.63518e-16,4.03171e-02,1.04057e-01,1.26431e-02
7.67760e-16,4.01744e-02,1.03855e-01,1.25929e-02
7.74149e-16,4.00222e-02,1.03658e-01,1.25374e-02
7.89376e-16,3.99316e-02,1.03456e-01,1.24768e-02
7.67416e-16,3.98677e-02,1.03251e-01,1.24130e-02
7.79207e-16,3.97974e-02,1.03026e-01,1.23113e-02
7.72898e-16,3.96098e-02,1.02798e-01,1.21664e-02
7.53692e-16,3.93987e-02,1.02576e-01,1.20279e-02
7.64896e-16,3.92910e-02,1.02359e-01,1.18981e-02
7.68263e-16,3.91814e-02,1.02143e-01,1.17794e-02
7.56058e-16,3.90680e-02,1.01928e-01,1.16740e-02
7.63424e-16,3.89514e-02,1.01714e-01,1.15838e-02
7.68447e-16,3.88344e-02,1.01504e-01,1.15134e-02
7.56667e-16,3.87769e-02,1.01287e-01,1.14933e-02
7.67572e-16,3.87550e-02,1.01070e-01,1.15136e-02
7.54700e-16,3.87331e-02,1.00854e-01,1.15461e-02
7.67201e-16,3.86753e-02,1.00638e-01,1.15892e-02
7.53666e-16,3.85566e-02,1.00425e-01,1.15566e-02
7.41569e-16,3.84312e-02,1.00250e-01,1.14942e-02
7.47203e-16,3.83025e-02,1.00087e-01,1.14338e-02
7.48502e-16,3.81711e-02,9.99213e-02,1.13760e-02
7.61968e-16,3.79177e-02,9.97564e-02,1.13226e-02
7.60588e-16,3.75500e-02,9.95938e-02,1.12733e-02
7.58443e-16,3.71989e-02,9.94346e-02,1.12293e-02
7.63235e-16,3.68712e-02,9.92769e-02,1.11918e-02
7.35273e-16,3.67445e-02,9.91216e-02,1.11583e-02
7.40701e-16,3.67105e-02,9.89609e-02,1.11289e-02
7.45182e-16,3.66075e-02,9.87986e-02,1.11006e-02
7.38538e-16,3.65074e-02,9.86397e-02,1.10730e-02
7.32406e-16,3.64131e-02,9.84841e-02,1.10245e-02
7.41158e-16,3.63613e-02,9.83317e-02,1.09796e-02
7.42136e-16,3.63988e-02,9.81808e-02,1.09386e-02
7.44754e-16,3.64159e-02,9.80278e-02,1.09017e-02
7.32001e-16,3.63959e-02,9.78753e-02,1.08685e-02
7.39572e-16,3.62495e-02,9.77244e-02,1.08388e-02
7.28670e-16,3.61101e-02,9.75762e-02,1.08128e-02
7.27184e-16,3.59795e-02,9.74300e-02,1.07916e-02
7.20613e-16,3.59392e-02,9.72855e-02,1.07736e-02
7.28340e-16,3.60334e-02,9.71439e-02,1.07591e-02
7.26603e-16,3.60799e-02,9.70051e-02,1.07475e-02
7.23975e-16,3.59693e-02,9.68692e-02,1.07377e-02
7.20167e-16,3.58384e-02,9.67361e-02,1.07287e-02
7.07127e-16,3.57833e-02,9.65799e-02,1.07198e-02
7.13441e-16,3.57283e-02,9.64147e-02,1.07102e-02
7.13507e-16,3.56625e-02,9.62503e-02,1.06996e-02
7.05418e-16,3.55411e-02,9.60881e-02,1.06878e-02
7.04774e-16,3.54285e-02,9.59291e-02,1.06742e-02
7.00268e-16,3.52952e-02,9.57733e-02,1.06597e-02
7.04926e-16,3.50484e-02,9.56206e-02,1.06486e-02
6.99237e-16,3.48535e-02,9.54708e-02,1.06353e-02
7.11686e-16,3.48931e-02,9.53241e-02,1.06200e-02
7.07212e-16,3.48755e-02,9.51802e-02,1.06034e-02
7.04302e-16,3.47827e-02,9.50392e-02,1.05757e-02
7.11997e-16,3.45569e-02,9.49010e-02,1.05321e-02
7.07473e-16,3.43286e-02,9.47654e-02,1.04880e-02
7.13131e-16,3.41120e-02,9.46288e-02,1.04444e-02
7.01980e-16,3.39845e-02,9.44916e-02,1.04009e-02
6.94362e-16,3.38475e-02,9.43569e-02,1.03581e-02
6.86855e-16,3.36532e-02,9.42207e-02,1.03298e-02
6.93965e-16,3.35096e-02,9.40770e-02,1.03050e-02
6.88847e-16,3.33998e-02,9.39355e-02,1.02845e-02
7.05414e-16,3.32978e-02,9.37968e-02,1.02681e-02
6.96713e-16,3.31904e-02,9.36610e-02,1.02551e-02
6.92380e-16,3.31139e-02,9.35280e-02,1.02453e-02
6.92140e-16,3.30697e-02,9.33977e-02,1.02392e-02
6.93933e-16,3.30336e-02,9.32684e-02,1.02358e-02
6.87809e-16,3.29576e-02,9.31397e-02,1.02340e-02
6.86350e-16,3.28078e-02,9.30085e-02,1.02331e-02
6.88704e-16,3.26679e-02,9.28699e-02,1.02324e-02
6.84360e-16,3.25351e-02,9.27340e-02,1.02319e-02
6.79584e-16,3.24055e-02,9.25975e-02,1.02296e-02
6.81122e-16,3.22853e-02,9.24550e-02,1.02247e-02
6.88245e-16,3.21751e-02,9.23153e-02,1.02175e-02
6.89812e-16,3.20857e-02,9.21785e-02,1.02073e-02
6.82316e-16,3.20203e-02,9.20444e-02,1.01940e-02
6.84802e-16,3.19589e-02,9.19127e-02,1.01785e-02
6.75202e-16,3.19006e-02,9.17832e-02,1.01598e-02
6.81376e-16,3.18454e-02,9.16556e-02,1.01340e-02
6.81816e-16,3.17949e-02,9.15162e-02,1.01043e-02
6.77859e-16,3.17231e-02,9.13732e-02,1.00733e-02
6.77555e-16,3.16846e-02,9.12330e-02,1.00404e-02
6.80463e-16,3.16631e-02,9.10956e-02,1.00041e-02
6.79520e-16,3.16216e-02,9.09492e-02,9.96473e-03
6.79062e-16,3.15794e-02,9.07958e-02,9.92287e-03
6.79471e-16,3.15345e-02,9.06452e-02,9.87951e-03
6.88205e-16,3.14852e-02,9.04959e-02,9.83510e-03
6.82291e-16,3.14310e-02,9.03494e-02,9.78990e-03
6.81628e-16,3.13570e-02,9.02055e-02,9.73999e-03
6.84990e-16,3.12058e-02,9.00620e-02,9.68454e-03
6.79841e-16,3.10655e-02,8.99151e-02,9.62980e-03
6.81873e-16,3.09281e-02,8.97615e-02,9.57634e-03
6.83718e-16,3.07687e-02,8.96107e-02,9.52472e-03
6.72456e-16,3.05948e-02,8.94629e-02,9.47556e-03
6.80412e-16,3.04415e-02,8.93182e-02,9.43001e-03
6.76013e-16,3.03783e-02,8.91765e-02,9.38864e-03
6.75460e-16,3.03019e-02,8.90376e-02,9.35082e-03
6.76215e-16,3.02112e-02,8.89016e-02,9.31686e-03
6.70132e-16,3.01088e-02,8.87682e-02,9.28701e-03
6.87759e-16,3.00146e-02,8.86373e-02,9.25997e-03
6.71014e-16,2.99185e-02,8.85071e-02,9.23530e-03
6.83841e-16,2.98407e-02,8.83792e-02,9.21525e-03
6.75943e-16,2.97795e-02,8.82539e-02,9.19967e-03
6.79352e-16,2.97654e-02,8.81311e-02,9.18845e-03
6.65554e-16,2.97236e-02,8.80107e-02,9.18138e-03
6.73402e-16,2.96233e-02,8.78893e-02,9.17815e-03
6.71234e-16,2.94870e-02,8.77624e-02,9.17859e-03
6.71854e-16,2.93184e-02,8.76352e-02,9.18142e-03
6.71656e-16,2.91823e-02,8.75087e-02,9.18663e-03
6.74085e-16,2.90975e-02,8.73840e-02,9.18346e-03
6.71213e-16,2.91657e-02,8.72643e-02,9.16020e-03
6.70575e-16,2.92314e-02,8.71579e-02,9.13500e-03
6.86441e-16,2.92076e-02,8.70230e-02,9.10616e-03
6.69446e-16,2.91903e-02,8.68818e-02,9.07616e-03
6.81799e-16,2.91804e-02,8.67419e-02,9.04517e-03
6.89044e-16,2.91762e-02,8.66048e-02,9.01289e-03
6.73570e-16,2.91751e-02,8.64704e-02,8.97962e-03
6.70427e-16,2.90872e-02,8.63340e-02,8.94594e-03
6.86206e-16,2.89821e-02,8.61901e-02,8.91269e-03
6.77764e-16,2.88896e-02,8.60477e-02,8.87990e-03
6.71325e-16,2.87894e-02,8.58999e-02,8.84853e-03
6.81566e-16,2.86335e-02,8.57547e-02,8.81861e-03
6.69577e-16,2.84867e-02,8.56117e-02,8.79038e-03
6.71173e-16,2.83497e-02,8.54715e-02,8.76425e-03
6.83213e-16,2.82243e-02,8.53341e-02,8.74059e-03
6.75239e-16,2.81115e-02,8.51994e-02,8.71973e-03
6.80120e-16,2.80107e-02,8.50672e-02,8.70245e-03
6.72961e-16,2.79221e-02,8.49373e-02,8.68899e-03
6.84798e-16,2.78606e-02,8.48091e-02,8.67878e-03
6.73923e-16,2.77353e-02,8.46828e-02,8.67176e-03
6.67252e-16,2.75990e-02,8.45579e-02,8.66787e-03
6.70735e-16,2.74621e-02,8.44315e-02,8.66686e-03
6.71104e-16,2.73565e-02,8.43062e-02,8.66861e-03
6.75659e-16,2.72491e-02,8.41821e-02,8.67264e-03
6.73845e-16,2.71505e-02,8.40591e-02,8.67863e-03
6.74838e-16,2.70686e-02,8.39386e-02,8.68576e-03
6.80867e-16,2.70101e-02,8.38205e-02,8.69318e-03
6.75681e-16,2.69658e-02,8.36966e-02,8.70136e-03
6.76169e-16,2.69331e-02,8.35733e-02,8.71047e-03
6.77355e-16,2.69104e-02,8.34524e-02,8.72635e-03
6.78133e-16,2.68952e-02,8.33339e-02,8.73676e-03
6.66595e-16,2.68887e-02,8.32178e-02,8.74086e-03
6.71762e-16,2.68912e-02,8.31022e-02,8.72396e-03
6.75708e-16,2.68988e-02,8.29747e-02,8.69059e-03
6.71727e-16,2.69063e-02,8.28497e-02,8.65523e-03
6.75441e-16,2.69135e-02,8.27269e-02,8.62251e-03
6.73188e-16,2.69212e-02,8.26051e-02,8.59299e-03
6.70229e-16,2.69274e-02,8.24830e-02,8.56636e-03
6.71483e-16,2.68699e-02,8.23628e-02,8.54193e-03
6.68736e-16,2.67954e-02,8.22447e-02,8.51978e-03
6.72167e-16,2.67204e-02,8.21289e-02,8.50053e-03
6.76190e-16,2.66416e-02,8.20153e-02,8.47782e-03
6.74811e-16,2.65634e-02,8.19037e-02,8.44559e-03
6.71715e-16,2.64871e-02,8.17942e-02,8.41169e-03
6.67736e-16,2.64669e-02,8.16864e-02,8.37661e-03
6.76669e-16,2.64371e-02,8.15759e-02,8.34048e-03
6.71850e-16,2.64155e-02,8.14636e-02,8.30383e-03
6.71568e-16,2.64082e-02,8.13528e-02,8.26796e-03
6.63800e-16,2.63973e-02,8.12396e-02,8.23439e-03
6.60010e-16,2.63705e-02,8.11194e-02,8.20158e-03
6.70814e-16,2.63387e-02,8.10009e-02,8.16455e-03
6.75030e-16,2.63033e-02,8.08762e-02,8.08097e-03
6.73803e-16,2.62436e-02,8.07489e-02,8.00270e-03
6.70492e-16,2.61383e-02,8.06241e-02,7.93098e-03
6.73801e-16,2.60346e-02,8.05019e-02,7.86693e-03
6.68473e-16,2.59317e-02,8.03820e-02,7.82645e-03
6.74295e-16,2.58276e-02,8.02600e-02,7.79552e-03
6.75693e-16,2.57254e-02,8.01397e-02,7.78149e-03
6.66483e-16,2.56245e-02,8.00204e-02,7.78532e-03
6.70573e-16,2.54704e-02,7.99016e-02,7.78847e-03
6.73240e-16,2.53403e-02,7.97847e-02,7.79053e-03
6.75012e-16,2.51988e-02,7.96692e-02,7.79137e-03
6.77627e-16,2.50987e-02,7.95556e-02,7.79106e-03
6.74031e-16,2.50378e-02,7.94435e-02,7.78940e-03
6.72930e-16,2.49682e-02,7.93273e-02,7.77574e-03
6.78030e-16,2.48495e-02,7.92129e-02,7.70757e-03
6.67800e-16,2.47449e-02,7.91142e-02,7.63345e-03
6.61847e-16,2.46548e-02,7.90175e-02,7.60439e-03
6.73236e-16,2.45786e-02,7.89225e-02,7.58122e-03
6.61569e-16,2.44537e-02,7.88280e-02,7.56109e-03
6.64710e-16,2.43762e-02,7.87346e-02,7.54398e-03
6.59029e-16,2.43058e-02,7.86356e-02,7.52970e-03
6.80302e-16,2.42335e-02,7.85385e-02,7.51756e-03
6.74883e-16,2.41593e-02,7.84416e-02,7.51878e-03
6.77261e-16,2.40818e-02,7.83417e-02,7.53990e-03
6.82241e-16,2.40577e-02,7.82433e-02,7.55954e-03
6.73045e-16,2.40372e-02,7.81458e-02,7.57714e-03
6.67536e-16,2.40039e-02,7.80424e-02,7.59221e-03
6.70534e-16,2.39570e-02,7.79266e-02,7.60454e-03
6.74242e-16,2.38975e-02,7.78131e-02,7.61412e-03
6.69588e-16,2.38355e-02,7.77018e-02,7.62109e-03
6.71050e-16,2.37881e-02,7.75914e-02,7.62481e-03
6.63394e-16,2.37332e-02,7.74828e-02,7.62524e-03
6.72117e-16,2.36694e-02,7.73732e-02,7.62244e-03
6.77769e-16,2.36045e-02,7.72643e-02,7.61678e-03
6.65663e-16,2.35897e-02,7.71567e-02,7.60916e-03
6.72755e-16,2.35787e-02,7.70502e-02,7.60019e-03
6.67949e-16,2.35606e-02,7.69451e-02,7.58923e-03
6.73119e-16,2.35369e-02,7.68395e-02,7.57495e-03
6.70016e-16,2.35188e-02,7.67347e-02,7.55316e-03
6.75782e-16,2.35083e-02,7.66319e-02,7.53332e-03
6.75849e-16,2.35058e-02,7.65308e-02,7.51551e-03
6.71123e-16,2.35101e-02,7.64309e-02,7.49867e-03
6.74682e-16,2.34903e-02,7.63328e-02,7.48391e-03
6.69778e-16,2.34648e-02,7.62366e-02,7.47157e-03
6.81620e-16,2.34322e-02,7.61396e-02,7.46145e-03
6.70846e-16,2.33915e-02,7.60443e-02,7.45346e-03
6.70529e-16,2.33445e-02,7.59508e-02,7.44747e-03
6.74541e-16,2.32923e-02,7.58591e-02,7.44337e-03
6.70654e-16,2.32352e-02,7.57692e-02,7.44135e-03
6.76202e-16,2.31737e-02,7.56607e-02,7.44079e-03
6.76347e-16,2.31077e-02,7.55406e-02,7.44149e-03
6.77244e-16,2.30863e-02,7.54349e-02,7.44323e-03
6.66405e-16,2.30557e-02,7.53517e-02,7.41978e-03
6.69296e-16,2.30198e-02,7.52699e-02,7.37703e-03
6.72432e-16,2.29799e-02,7.51878e-02,7.31999e-03
6.72354e-16,2.29356e-02,7.51032e-02,7.26960e-03
6.66291e-16,2.28941e-02,7.50202e-02,7.22716e-03
6.74276e-16,2.28252e-02,7.49371e-02,7.19280e-03
6.76782e-16,2.27478e-02,7.48542e-02,7.16652e-03
6.71570e-16,2.26692e-02,7.47729e-02,7.14376e-03
6.67394e-16,2.25899e-02,7.46930e-02,7.10003e-03
6.70386e-16,2.25110e-02,7.46146e-02,7.06000e-03
6.71610e-16,2.24348e-02,7.45366e-02,7.02376e-03
6.64960e-16,2.23555e-02,7.44207e-02,6.99148e-03
6.65610e-16,2.22664e-02,7.43032e-02,6.96321e-03
6.81549e-16,2.21844e-02,7.41813e-02,6.93923e-03
6.75724e-16,2.21098e-02,7.40591e-02,6.91953e-03
6.74343e-16,2.20301e-02,7.39314e-02,6.90276e-03
6.74351e-16,2.19413e-02,7.38062e-02,6.90288e-03
6.72417e-16,2.18551e-02,7.36836e-02,6.90272e-03
6.66127e-16,2.17729e-02,7.35863e-02,6.90105e-03
6.74137e-16,2.17160e-02,7.34915e-02,6.87346e-03
6.69929e-16,2.17005e-02,7.33983e-02,6.80752e-03
6.71673e-16,2.16833e-02,7.33068e-02,6.74745e-03
6.69058e-16,2.16606e-02,7.32163e-02,6.69751e-03
6.74504e-16,2.16441e-02,7.31274e-02,6.65100e-03
6.70384e-16,2.16312e-02,7.30395e-02,6.60842e-03
6.71000e-16,2.16199e-02,7.29532e-02,6.57048e-03
6.69609e-16,2.16107e-02,7.28686e-02,6.53748e-03
6.78765e-16,2.16014e-02,7.27855e-02,6.50964e-03
6.73464e-16,2.15891e-02,7.27033e-02,6.49967e-03
6.75531e-16,2.15722e-02,7.26220e-02,6.51153e-03
6.71829e-16,2.14759e-02,7.25387e-02,6.52487e-03
6.76174e-16,2.13744e-02,7.24551e-02,6.53998e-03
6.69900e-16,2.12704e-02,7.23731e-02,6.56375e-03
6.78454e-16,2.11661e-02,7.22862e-02,6.58814e-03
6.67795e-16,2.10634e-02,7.21909e-02,6.61154e-03
6.72045e-16,2.09637e-02,7.20963e-02,6.63268e-03
6.66916e-16,2.08684e-02,7.20027e-02,6.65095e-03
6.67614e-16,2.07794e-02,7.19055e-02,6.66599e-03
6.71157e-16,2.07386e-02,7.17999e-02,6.64649e-03
6.68326e-16,2.07148e-02,7.16961e-02,6.62032e-03
6.64939e-16,2.06900e-02,7.15930e-02,6.59207e-03
6.69112e-16,2.06959e-02,7.14915e-02,6.56186e-03
6.67508e-16,2.06957e-02,7.13915e-02,6.55535e-03
6.70739e-16,2.06871e-02,7.12932e-02,6.56932e-03
6.56792e-16,2.06534e-02,7.11965e-02,6.58505e-03
6.68999e-16,2.05589e-02,7.10960e-02,6.60202e-03
6.71186e-16,2.04546e-02,7.09925e-02,6.61975e-03
6.70763e-16,2.03453e-02,7.08899e-02,6.63772e-03
6.77749e-16,2.02962e-02,7.07853e-02,6.65558e-03
6.71283e-16,2.02971e-02,7.06804e-02,6.67340e-03
6.68294e-16,2.03039e-02,7.05762e-02,6.69041e-03
6.72242e-16,2.03150e-02,7.04725e-02,6.70673e-03
6.65929e-16,2.03279e-02,7.03706e-02,6.72163e-03
6.66050e-16,2.03404e-02,7.02642e-02,6.73496e-03
6.63031e-16,2.03307e-02,7.01600e-02,6.74651e-03
6.66065e-16,2.03018e-02,7.00620e-02,6.75627e-03
6.64477e-16,2.02737e-02,6.99642e-02,6.76378e-03
6.69186e-16,2.02460e-02,6.98659e-02,6.76854e-03
6.59541e-16,2.02165e-02,6.97694e-02,6.76169e-03
6.75492e-16,2.01547e-02,6.96748e-02,6.72373e-03
6.73751e-16,2.00935e-02,6.95640e-02,6.67297e-03
6.67418e-16,2.00330e-02,6.94525e-02,6.62328e-03
6.64109e-16,1.99730e-02,6.93431e-02,6.57584e-03
6.66901e-16,1.99145e-02,6.92358e-02,6.52976e-03
6.66634e-16,1.98579e-02,6.91281e-02,6.48486e-03
6.70719e-16,1.98153e-02,6.90210e-02,6.44218e-03
6.68501e-16,1.97917e-02,6.89158e-02,6.40275e-03
6.70239e-16,1.97491e-02,6.88126e-02,6.36620e-03
6.72881e-16,1.97051e-02,6.87115e-02,6.33244e-03
6.68204e-16,1.96381e-02,6.86087e-02,6.30079e-03
6.64558e-16,1.95722e-02,6.84990e-02,6.27203e-03
6.61947e-16,1.95067e-02,6.83913e-02,6.24647e-03
6.62149e-16,1.94578e-02,6.82724e-02,6.22455e-03
6.57182e-16,1.94147e-02,6.81489e-02,6.20547e-03
6.51339e-16,1.93676e-02,6.80277e-02,6.18901e-03
6.55924e-16,1.93062e-02,6.79080e-02,6.17588e-03
6.68865e-16,1.92540e-02,6.77905e-02,6.16520e-03
6.65119e-16,1.92114e-02,6.76752e-02,6.15664e-03
6.64259e-16,1.91784e-02,6.75619e-02,6.13110e-03
6.66794e-16,1.91548e-02,6.74505e-02,6.10289e-03
6.66209e-16,1.91399e-02,6.73412e-02,6.07639e-03
6.68338e-16,1.91336e-02,6.72339e-02,6.05128e-03
6.65509e-16,1.91335e-02,6.71286e-02,6.02763e-03
6.66329e-16,1.91378e-02,6.70253e-02,6.00605e-03
6.66126e-16,1.91424e-02,6.69239e-02,5.98656e-03
6.65409e-16,1.91250e-02,6.68166e-02,5.96943e-03
6.74491e-16,1.90986e-02,6.67122e-02,5.95253e-03
6.71589e-16,1.90535e-02,6.66173e-02,5.91703e-03
6.68056e-16,1.90064e-02,6.65233e-02,5.88576e-03
6.64524e-16,1.89594e-02,6.64295e-02,5.85763e-03
6.70027e-16,1.89137e-02,6.63365e-02,5.83262e-03
6.65715e-16,1.88682e-02,6.62428e-02,5.81129e-03
6.59444e-16,1.88087e-02,6.61506e-02,5.79376e-03
6.66879e-16,1.87501e-02,6.60588e-02,5.77950e-03
6.67205e-16,1.87189e-02,6.59675e-02,5.76852e-03
6.59403e-16,1.86662e-02,6.58778e-02,5.76122e-03
6.73113e-16,1.86097e-02,6.57880e-02,5.75684e-03
6.78385e-16,1.85556e-02,6.56992e-02,5.75143e-03
6.68967e-16,1.84824e-02,6.56098e-02,5.74815e-03
6.64337e-16,1.84351e-02,6.55395e-02,5.74598e-03
6.69071e-16,1.83913e-02,6.54703e-02,5.74600e-03
6.63347e-16,1.83527e-02,6.54017e-02,5.74826e-03
6.63769e-16,1.83174e-02,6.53339e-02,5.75247e-03
6.65791e-16,1.82855e-02,6.52606e-02,5.75833e-03
6.66631e-16,1.82582e-02,6.51887e-02,5.76541e-03
6.69712e-16,1.82097e-02,6.51173e-02,5.77351e-03
6.61673e-16,1.81592e-02,6.50456e-02,5.78230e-03
6.66504e-16,1.81092e-02,6.49753e-02,5.79134e-03
6.65744e-16,1.80600e-02,6.49064e-02,5.80036e-03
6.60100e-16,1.80121e-02,6.48388e-02,5.80913e-03
6.59114e-16,1.79658e-02,6.47722e-02,5.81745e-03
6.58917e-16,1.79094e-02,6.47069e-02,5.82518e-03
6.65768e-16,1.78643e-02,6.46427e-02,5.83206e-03
6.74156e-16,1.78355e-02,6.45798e-02,5.83784e-03
6.67714e-16,1.78012e-02,6.45180e-02,5.84243e-03
6.69617e-16,1.77618e-02,6.44573e-02,5.84577e-03
6.63284e-16,1.77163e-02,6.43977e-02,5.84792e-03
6.73306e-16,1.76652e-02,6.43392e-02,5.84882e-03
6.58724e-16,1.76226e-02,6.42793e-02,5.84851e-03
6.57601e-16,1.75885e-02,6.42186e-02,5.84701e-03
6.73621e-16,1.75545e-02,6.41564e-02,5.84505e-03
6.69740e-16,1.75215e-02,6.40942e-02,5.84336e-03
6.71291e-16,1.74690e-02,6.40332e-02,5.82896e-03
6.63345e-16,1.73851e-02,6.39734e-02,5.81418e-03
6.60169e-16,1.73122e-02,6.39142e-02,5.79975e-03
6.64505e-16,1.72406e-02,6.38555e-02,5.78582e-03
6.64164e-16,1.71731e-02,6.37970e-02,5.76260e-03
6.52174e-16,1.71358e-02,6.37392e-02,5.74071e-03
6.66172e-16,1.71159e-02,6.36824e-02,5.72226e-03
6.64249e-16,1.70926e-02,6.36266e-02,5.70719e-03
6.59414e-16,1.70663e-02,6.35703e-02,5.69543e-03
6.65772e-16,1.70373e-02,6.35095e-02,5.68681e-03
6.61640e-16,1.70055e-02,6.34493e-02,5.66964e-03
6.65051e-16,1.69716e-02,6.33900e-02,5.65175e-03
6.54229e-16,1.69355e-02,6.33318e-02,5.63353e-03
6.61128e-16,1.69071e-02,6.32736e-02,5.61466e-03
6.67372e-16,1.68903e-02,6.32159e-02,5.59509e-03
6.67097e-16,1.68693e-02,6.31588e-02,5.57496e-03
6.64997e-16,1.68540e-02,6.31022e-02,5.55399e-03
6.61406e-16,1.68414e-02,6.30466e-02,5.53230e-03
6.70429e-16,1.68408e-02,6.29916e-02,5.50986e-03
6.70067e-16,1.68406e-02,6.29256e-02,5.48263e-03
6.66213e-16,1.68407e-02,6.28580e-02,5.45122e-03
6.57027e-16,1.68403e-02,6.27912e-02,5.42140e-03
6.69476e-16,1.68623e-02,6.27209e-02,5.39337e-03
6.62256e-16,1.68760e-02,6.26488e-02,5.36746e-03
6.72632e-16,1.68648e-02,6.25780e-02,5.34407e-03
6.68253e-16,1.68491e-02,6.25087e-02,5.32354e-03
6.84281e-16,1.68289e-02,6.24407e-02,5.30638e-03
6.77438e-16,1.68045e-02,6.23741e-02,5.28755e-03
6.67555e-16,1.67760e-02,6.23088e-02,5.26208e-03
6.68960e-16,1.67164e-02,6.22446e-02,5.23832e-03
6.64222e-16,1.66516e-02,6.21806e-02,5.21662e-03
6.76307e-16,1.65921e-02,6.21166e-02,5.19678e-03
6.69742e-16,1.65621e-02,6.20492e-02,5.17892e-03
6.61023e-16,1.65442e-02,6.19696e-02,5.16310e-03
6.69886e-16,1.65333e-02,6.18909e-02,5.14917e-03
6.68958e-16,1.65231e-02,6.18089e-02,5.13708e-03
6.78326e-16,1.65135e-02,6.17251e-02,5.12681e-03
6.65303e-16,1.65023e-02,6.16428e-02,5.11837e-03
6.66409e-16,1.64886e-02,6.15621e-02,5.11164e-03
6.68317e-16,1.64517e-02,6.14831e-02,5.10648e-03
6.74097e-16,1.64083e-02,6.14057e-02,5.10282e-03
6.62022e-16,1.63919e-02,6.13298e-02,5.10057e-03
6.64185e-16,1.63743e-02,6.12556e-02,5.09958e-03
6.63183e-16,1.63555e-02,6.11828e-02,5.09973e-03
6.63161e-16,1.63222e-02,6.11115e-02,5.10069e-03
6.60776e-16,1.62665e-02,6.10417e-02,5.10223e-03
6.75007e-16,1.62055e-02,6.09732e-02,5.10412e-03
6.65231e-16,1.61403e-02,6.09061e-02,5.10615e-03
6.71901e-16,1.60709e-02,6.08403e-02,5.10812e-03
6.72858e-16,1.59995e-02,6.07754e-02,5.10982e-03
6.75713e-16,1.59293e-02,6.07108e-02,5.11110e-03
6.70289e-16,1.58909e-02,6.06475e-02,5.11211e-03
6.66466e-16,1.58523e-02,6.05852e-02,5.11340e-03
6.69038e-16,1.58140e-02,6.05240e-02,5.11411e-03
6.58083e-16,1.57794e-02,6.04641e-02,5.11412e-03
6.55948e-16,1.57522e-02,6.04052e-02,5.11332e-03
6.71179e-16,1.57296e-02,6.03475e-02,5.11173e-03
6.59900e-16,1.57103e-02,6.02908e-02,5.10341e-03
6.65117e-16,1.56933e-02,6.02353e-02,5.08935e-03
6.71942e-16,1.56797e-02,6.01792e-02,5.07952e-03
6.63451e-16,1.56683e-02,6.01181e-02,5.07388e-03
6.67922e-16,1.56702e-02,6.00581e-02,5.07327e-03
6.66482e-16,1.56451e-02,5.99991e-02,5.07643e-03
6.76019e-16,1.55950e-02,5.99360e-02,5.07502e-03
6.75237e-16,1.55616e-02,5.98714e-02,5.06205e-03
6.62636e-16,1.55300e-02,5.98080e-02,5.05137e-03
6.66407e-16,1.55004e-02,5.97435e-02,5.04299e-03
6.67925e-16,1.54727e-02,5.96784e-02,5.03679e-03
6.68443e-16,1.54472e-02,5.96144e-02,5.02255e-03
6.60933e-16,1.54260e-02,5.95506e-02,5.00878e-03
6.59338e-16,1.54276e-02,5.94879e-02,4.99586e-03
6.70566e-16,1.54306e-02,5.94219e-02,4.97517e-03
6.68246e-16,1.54192e-02,5.93558e-02,4.93578e-03
6.73139e-16,1.53969e-02,5.92903e-02,4.89868e-03
6.59588e-16,1.53727e-02,5.92261e-02,4.86027e-03
6.69647e-16,1.53466e-02,5.91630e-02,4.82310e-03
6.67233e-16,1.53327e-02,5.91008e-02,4.78761e-03
6.63023e-16,1.53317e-02,5.90370e-02,4.75433e-03
6.71310e-16,1.53110e-02,5.89721e-02,4.72399e-03
6.66721e-16,1.52567e-02,5.89067e-02,4.69637e-03
6.65483e-16,1.52024e-02,5.88425e-02,4.67187e-03
6.67655e-16,1.51810e-02,5.87783e-02,4.65158e-03
6.73891e-16,1.51612e-02,5.87154e-02,4.63481e-03
6.70586e-16,1.51419e-02,5.86537e-02,4.62190e-03
6.63692e-16,1.51222e-02,5.85929e-02,4.61270e-03
6.66759e-16,1.51026e-02,5.85297e-02,4.60735e-03
6.65455e-16,1.50837e-02,5.84675e-02,4.60598e-03
6.65383e-16,1.50660e-02,5.84064e-02,4.60836e-03
6.63954e-16,1.50443e-02,5.83463e-02,4.61421e-03
6.63175e-16,1.50234e-02,5.82863e-02,4.62316e-03
6.65072e-16,1.50017e-02,5.82275e-02,4.63489e-03
6.66921e-16,1.49794e-02,5.81663e-02,4.64905e-03
6.64815e-16,1.49567e-02,5.81025e-02,4.66526e-03
6.70713e-16,1.49335e-02,5.80395e-02,4.68320e-03
6.61698e-16,1.49177e-02,5.79758e-02,4.70247e-03
6.69271e-16,1.49090e-02,5.79132e-02,4.72237e-03
6.66095e-16,1.49006e-02,5.78479e-02,4.74249e-03
6.67409e-16,1.48921e-02,5.77731e-02,4.73839e-03
6.72234e-16,1.48669e-02,5.76997e-02,4.72062e-03
6.67854e-16,1.48077e-02,5.76270e-02,4.70145e-03
6.62525e-16,1.47508e-02,5.75535e-02,4.68098e-03
6.70914e-16,1.46971e-02,5.74813e-02,4.65931e-03
6.65882e-16,1.46471e-02,5.74105e-02,4.63661e-03
6.63219e-16,1.46022e-02,5.73410e-02,4.61311e-03
6.61053e-16,1.45632e-02,5.72721e-02,4.58901e-03
6.67300e-16,1.45301e-02,5.72037e-02,4.56465e-03
6.71728e-16,1.45034e-02,5.71358e-02,4.54027e-03
6.75804e-16,1.44825e-02,5.70656e-02,4.51619e-03
6.70864e-16,1.44675e-02,5.69947e-02,4.49270e-03
6.76426e-16,1.44578e-02,5.69243e-02,4.47708e-03
6.62218e-16,1.44538e-02,5.68549e-02,4.47910e-03
6.59474e-16,1.44547e-02,5.67867e-02,4.47871e-03
6.67866e-16,1.44598e-02,5.67197e-02,4.47590e-03
6.64686e-16,1.44684e-02,5.66538e-02,4.47082e-03
6.66036e-16,1.44809e-02,5.65890e-02,4.46331e-03
6.59969e-16,1.44963e-02,5.65253e-02,4.45333e-03
6.61757e-16,1.44738e-02,5.64623e-02,4.44095e-03
6.58658e-16,1.44506e-02,5.63993e-02,4.42618e-03
6.67339e-16,1.44269e-02,5.63373e-02,4.40917e-03
6.56245e-16,1.44021e-02,5.62753e-02,4.39000e-03
6.65878e-16,1.43742e-02,5.62133e-02,4.36886e-03
6.71357e-16,1.43466e-02,5.61519e-02,4.34619e-03
6.74094e-16,1.43193e-02,5.60915e-02,4.33431e-03
6.71632e-16,1.42920e-02,5.60322e-02,4.33589e-03
6.77311e-16,1.42654e-02,5.59739e-02,4.33880e-03
6.73194e-16,1.42378e-02,5.59166e-02,4.34297e-03
6.76405e-16,1.42109e-02,5.58600e-02,4.34828e-03
6.73092e-16,1.41840e-02,5.58026e-02,4.35467e-03
6.80430e-16,1.41573e-02,5.57461e-02,4.36204e-03
6.71684e-16,1.41315e-02,5.56905e-02,4.37025e-03
6.62094e-16,1.41068e-02,5.56360e-02,4.34609e-03
6.73865e-16,1.40837e-02,5.55823e-02,4.31632e-03
6.73256e-16,1.40623e-02,5.55295e-02,4.28871e-03
6.72950e-16,1.40421e-02,5.54767e-02,4.26378e-03
6.72299e-16,1.40231e-02,5.54241e-02,4.24243e-03
6.68873e-16,1.40159e-02,5.53723e-02,4.22400e-03
6.73373e-16,1.40154e-02,5.53214e-02,4.20856e-03
6.69270e-16,1.40168e-02,5.52713e-02,4.19614e-03
6.65404e-16,1.40191e-02,5.52221e-02,4.18677e-03
6.65820e-16,1.40222e-02,5.51731e-02,4.18041e-03
6.67944e-16,1.40260e-02,5.51229e-02,4.17697e-03
6.63333e-16,1.40291e-02,5.50735e-02,4.17615e-03
6.64967e-16,1.40328e-02,5.50249e-02,4.17779e-03
6.64622e-16,1.40171e-02,5.49770e-02,4.18119e-03
6.64075e-16,1.39947e-02,5.49300e-02,4.18630e-03
6.65615e-16,1.39729e-02,5.48837e-02,4.19368e-03
6.63775e-16,1.39525e-02,5.48382e-02,4.20261e-03
6.67622e-16,1.39324e-02,5.47934e-02,4.21285e-03
6.71465e-16,1.39135e-02,5.47490e-02,4.22404e-03
6.68737e-16,1.39046e-02,5.47052e-02,4.23561e-03
6.74075e-16,1.38998e-02,5.46618e-02,4.24750e-03
6.68910e-16,1.38931e-02,5.46191e-02,4.25958e-03
6.60787e-16,1.38849e-02,5.45684e-02,4.27086e-03
6.61766e-16,1.38756e-02,5.45130e-02,4.28108e-03
6.57466e-16,1.38650e-02,5.44585e-02,4.29011e-03
6.62837e-16,1.38536e-02,5.44048e-02,4.29772e-03
6.63941e-16,1.38416e-02,5.43520e-02,4.30359e-03
6.68244e-16,1.38287e-02,5.42986e-02,4.30853e-03
6.59946e-16,1.38148e-02,5.42456e-02,4.30048e-03
6.63746e-16,1.37998e-02,5.41918e-02,4.26976e-03
6.63261e-16,1.37827e-02,5.41380e-02,4.23744e-03
6.62219e-16,1.37508e-02,5.40843e-02,4.20376e-03
6.59810e-16,1.37179e-02,5.40309e-02,4.16906e-03
6.61747e-16,1.36859e-02,5.39785e-02,4.13380e-03
6.58229e-16,1.36543e-02,5.39270e-02,4.09843e-03
6.59270e-16,1.36232e-02,5.38743e-02,4.06343e-03
6.57595e-16,1.35933e-02,5.38218e-02,4.02982e-03
6.67235e-16,1.35635e-02,5.37701e-02,3.99722e-03
6.63389e-16,1.35344e-02,5.37193e-02,3.96592e-03
6.62771e-16,1.35060e-02,5.36694e-02,3.93612e-03
6.61460e-16,1.34785e-02,5.36205e-02,3.90827e-03
6.66489e-16,1.34521e-02,5.35723e-02,3.88274e-03
6.69041e-16,1.34269e-02,5.35249e-02,3.85950e-03
6.53713e-16,1.34019e-02,5.34783e-02,3.83872e-03
6.64408e-16,1.33904e-02,5.34322e-02,3.82063e-03
6.59505e-16,1.33807e-02,5.33844e-02,3.80525e-03
6.67058e-16,1.33725e-02,5.33282e-02,3.79270e-03
6.63988e-16,1.33660e-02,5.32714e-02,3.78298e-03
6.60619e-16,1.33604e-02,5.32141e-02,3.77612e-03
6.60164e-16,1.33398e-02,5.31580e-02,3.77208e-03
6.70491e-16,1.33191e-02,5.31027e-02,3.77093e-03
6.56660e-16,1.32976e-02,5.30484e-02,3.77251e-03
6.56882e-16,1.32762e-02,5.29950e-02,3.77658e-03
6.67606e-16,1.32552e-02,5.29426e-02,3.78303e-03
6.63875e-16,1.32347e-02,5.28912e-02,3.79151e-03
6.61788e-16,1.32136e-02,5.28405e-02,3.80186e-03
6.68639e-16,1.32038e-02,5.27896e-02,3.81377e-03
6.69521e-16,1.32036e-02,5.27350e-02,3.82665e-03
6.70651e-16,1.32021e-02,5.26802e-02,3.80909e-03
6.67087e-16,1.31993e-02,5.26264e-02,3.79238e-03
6.68579e-16,1.31948e-02,5.25735e-02,3.77714e-03
6.74399e-16,1.31880e-02,5.25216e-02,3.76343e-03
6.65850e-16,1.31653e-02,5.24705e-02,3.75132e-03
6.70282e-16,1.31376e-02,5.24203e-02,3.74080e-03
6.62038e-16,1.31110e-02,5.23710e-02,3.73168e-03
6.62925e-16,1.30858e-02,5.23225e-02,3.72440e-03
6.65484e-16,1.30389e-02,5.22748e-02,3.71872e-03
6.66669e-16,1.29938e-02,5.22278e-02,3.71467e-03
6.66228e-16,1.29509e-02,5.21815e-02,3.71233e-03
6.66775e-16,1.29109e-02,5.21338e-02,3.71170e-03
6.63603e-16,1.28737e-02,5.20869e-02,3.71336e-03
6.67311e-16,1.28403e-02,5.20407e-02,3.71644e-03
6.71956e-16,1.28111e-02,5.19954e-02,3.72090e-03
6.65613e-16,1.27869e-02,5.19508e-02,3.72665e-03
6.68064e-16,1.27676e-02,5.19068e-02,3.73357e-03
6.72568e-16,1.27527e-02,5.18634e-02,3.74152e-03
6.68624e-16,1.27424e-02,5.18200e-02,3.75042e-03
6.68858e-16,1.27470e-02,5.17770e-02,3.76004e-03
6.72812e-16,1.27553e-02,5.17346e-02,3.77014e-03
6.72975e-16,1.27351e-02,5.16928e-02,3.78056e-03
6.71993e-16,1.27388e-02,5.16508e-02,3.79119e-03
6.73206e-16,1.27446e-02,5.16078e-02,3.80156e-03
6.75706e-16,1.27518e-02,5.15644e-02,3.81140e-03
6.67161e-16,1.27596e-02,5.15203e-02,3.82047e-03
6.70158e-16,1.27678e-02,5.14769e-02,3.82838e-03
6.64514e-16,1.27759e-02,5.14343e-02,3.83454e-03
6.61764e-16,1.27836e-02,5.13922e-02,3.83877e-03
6.65247e-16,1.27911e-02,5.13507e-02,3.84140e-03
6.61887e-16,1.27827e-02,5.13099e-02,3.84227e-03
6.59990e-16,1.27589e-02,5.12693e-02,3.81919e-03
6.67543e-16,1.27349e-02,5.12288e-02,3.79336e-03
6.63122e-16,1.27110e-02,5.11884e-02,3.76695e-03
6.68007e-16,1.26870e-02,5.11487e-02,3.74021e-03
6.65569e-16,1.26630e-02,5.11085e-02,3.71342e-03
6.63728e-16,1.26396e-02,5.10681e-02,3.68687e-03
6.76448e-16,1.26171e-02,5.10284e-02,3.66081e-03
6.63133e-16,1.25961e-02,5.09894e-02,3.63563e-03
6.71972e-16,1.25762e-02,5.09507e-02,3.61145e-03
6.63058e-16,1.25580e-02,5.09120e-02,3.58852e-03
6.66007e-16,1.25420e-02,5.08737e-02,3.56713e-03
6.65232e-16,1.25281e-02,5.08357e-02,3.54738e-03
6.69488e-16,1.25160e-02,5.07973e-02,3.52937e-03
6.60501e-16,1.25058e-02,5.07530e-02,3.51311e-03
6.64284e-16,1.24980e-02,5.07060e-02,3.49868e-03
6.64361e-16,1.24921e-02,5.06547e-02,3.48610e-03
6.57792e-16,1.24870e-02,5.06022e-02,3.47554e-03
6.63448e-16,1.24834e-02,5.05506e-02,3.46704e-03
6.67766e-16,1.24810e-02,5.04999e-02,3.46030e-03
6.70752e-16,1.24796e-02,5.04501e-02,3.45507e-03
6.74425e-16,1.24780e-02,5.04012e-02,3.45139e-03
6.66329e-16,1.24767e-02,5.03531e-02,3.44930e-03
6.77265e-16,1.24752e-02,5.03057e-02,3.44845e-03
6.70686e-16,1.24732e-02,5.02356e-02,3.44262e-03
6.59133e-16,1.24697e-02,5.01616e-02,3.42114e-03
6.70003e-16,1.24645e-02,5.00888e-02,3.40065e-03
6.68628e-16,1.24578e-02,5.00172e-02,3.38143e-03
6.66435e-16,1.24453e-02,4.99468e-02,3.36340e-03
6.60477e-16,1.24254e-02,4.98730e-02,3.34663e-03
6.65381e-16,1.24053e-02,4.97996e-02,3.33133e-03
6.75395e-16,1.23851e-02,4.97270e-02,3.31757e-03
6.72917e-16,1.23652e-02,4.96556e-02,3.30546e-03
6.66848e-16,1.23459e-02,4.95854e-02,3.29513e-03
6.68516e-16,1.23273e-02,4.95162e-02,3.28658e-03
6.73345e-16,1.23099e-02,4.94476e-02,3.28013e-03
6.79856e-16,1.22931e-02,4.93801e-02,3.27568e-03
6.67029e-16,1.22778e-02,4.93130e-02,3.27327e-03
6.65341e-16,1.22639e-02,4.92470e-02,3.27280e-03
6.74264e-16,1.22232e-02,4.91819e-02,3.27434e-03
6.64785e-16,1.21841e-02,4.91165e-02,3.27779e-03
6.77768e-16,1.21467e-02,4.90507e-02,3.28263e-03
6.76274e-16,1.21113e-02,4.89859e-02,3.28845e-03
6.71819e-16,1.20777e-02,4.89221e-02,3.29109e-03
6.67678e-16,1.20469e-02,4.88593e-02,3.29675e-03
6.74264e-16,1.20184e-02,4.87974e-02,3.30726e-03
6.67787e-16,1.19925e-02,4.87365e-02,3.31824e-03
6.62987e-16,1.19733e-02,4.86763e-02,3.32622e-03
6.61288e-16,1.19697e-02,4.86159e-02,3.33366e-03
6.71888e-16,1.19648e-02,4.85564e-02,3.34030e-03
6.72460e-16,1.19473e-02,4.84978e-02,3.34606e-03
6.60064e-16,1.19314e-02,4.84400e-02,3.35090e-03
6.66192e-16,1.19170e-02,4.83831e-02,3.35470e-03
6.64333e-16,1.19036e-02,4.83257e-02,3.35740e-03
6.71442e-16,1.18914e-02,4.82670e-02,3.35903e-03
6.58651e-16,1.18805e-02,4.82091e-02,3.35963e-03
6.65025e-16,1.18709e-02,4.81521e-02,3.35927e-03
6.67916e-16,1.18619e-02,4.80990e-02,3.35804e-03
6.68563e-16,1.18533e-02,4.80511e-02,3.35645e-03
6.69590e-16,1.18449e-02,4.80037e-02,3.35368e-03
6.65566e-16,1.18359e-02,4.79567e-02,3.34977e-03
6.73759e-16,1.18256e-02,4.79099e-02,3.34480e-03
6.63385e-16,1.18149e-02,4.78637e-02,3.33911e-03
6.73664e-16,1.18038e-02,4.78181e-02,3.33290e-03
6.68317e-16,1.17921e-02,4.77721e-02,3.32591e-03
6.67709e-16,1.17798e-02,4.77267e-02,3.31806e-03
6.64816e-16,1.17665e-02,4.76820e-02,3.30985e-03
6.68038e-16,1.17522e-02,4.76379e-02,3.30127e-03
6.69974e-16,1.17378e-02,4.75939e-02,3.29185e-03
6.69714e-16,1.17230e-02,4.75501e-02,3.28159e-03
6.71999e-16,1.17045e-02,4.75068e-02,3.27054e-03
6.61356e-16,1.16818e-02,4.74636e-02,3.25848e-03
6.62821e-16,1.16421e-02,4.74210e-02,3.24565e-03
6.64014e-16,1.15734e-02,4.73787e-02,3.23219e-03
6.63136e-16,1.15281e-02,4.73370e-02,3.21798e-03
6.58751e-16,1.14854e-02,4.72958e-02,3.20327e-03
6.67722e-16,1.14436e-02,4.72553e-02,3.18794e-03
6.67491e-16,1.14088e-02,4.72152e-02,3.17206e-03
6.60473e-16,1.13726e-02,4.71756e-02,3.15564e-03
6.61630e-16,1.13354e-02,4.71407e-02,3.13878e-03
6.63954e-16,1.12969e-02,4.71044e-02,3.12144e-03
6.70454e-16,1.12630e-02,4.70540e-02,3.10364e-03
6.57867e-16,1.12362e-02,4.70024e-02,3.08554e-03
6.66260e-16,1.12121e-02,4.69519e-02,3.06720e-03
6.64767e-16,1.11925e-02,4.69023e-02,3.04865e-03
6.66028e-16,1.11768e-02,4.68493e-02,3.03034e-03
6.67928e-16,1.11647e-02,4.67927e-02,3.01204e-03
6.66089e-16,1.11556e-02,4.67371e-02,2.99400e-03
6.58365e-16,1.11491e-02,4.66857e-02,2.97636e-03
6.61408e-16,1.11442e-02,4.66409e-02,2.95916e-03
6.65637e-16,1.11409e-02,4.65969e-02,2.94244e-03
6.69490e-16,1.11387e-02,4.65538e-02,2.92636e-03
6.66658e-16,1.11376e-02,4.65115e-02,2.91116e-03
6.66040e-16,1.11374e-02,4.64696e-02,2.89723e-03
6.64833e-16,1.11374e-02,4.64263e-02,2.88673e-03
6.66228e-16,1.11375e-02,4.63839e-02,2.88002e-03
6.69195e-16,1.11373e-02,4.63421e-02,2.87509e-03
6.65124e-16,1.11364e-02,4.63001e-02,2.87264e-03
6.67071e-16,1.11346e-02,4.62589e-02,2.87028e-03
6.70602e-16,1.11318e-02,4.62184e-02,2.86803e-03
6.62536e-16,1.11282e-02,4.61787e-02,2.86601e-03
6.68965e-16,1.11232e-02,4.61398e-02,2.86424e-03
6.56651e-16,1.11174e-02,4.61009e-02,2.86249e-03
6.66591e-16,1.11108e-02,4.60627e-02,2.86066e-03
6.68315e-16,1.11011e-02,4.60253e-02,2.85850e-03
6.66074e-16,1.10887e-02,4.59885e-02,2.85626e-03
6.61218e-16,1.10736e-02,4.59523e-02,2.85394e-03
6.69673e-16,1.10564e-02,4.59168e-02,2.85140e-03
6.72213e-16,1.10364e-02,4.58819e-02,2.84852e-03
6.67598e-16,1.10145e-02,4.58476e-02,2.84551e-03
6.61757e-16,1.09644e-02,4.58139e-02,2.84254e-03
6.54025e-16,1.09150e-02,4.57808e-02,2.84828e-03
6.57601e-16,1.08675e-02,4.57482e-02,2.85446e-03
6.60760e-16,1.08233e-02,4.57162e-02,2.86118e-03
6.64747e-16,1.07829e-02,4.56846e-02,2.86817e-03
6.68891e-16,1.07461e-02,4.56534e-02,2.87529e-03
6.61619e-16,1.07134e-02,4.56207e-02,2.88238e-03
6.55250e-16,1.07056e-02,4.55872e-02,2.88951e-03
6.59527e-16,1.06962e-02,4.55536e-02,2.89738e-03
6.68856e-16,1.06830e-02,4.55042e-02,2.90477e-03
6.62224e-16,1.06665e-02,4.54551e-02,2.91166e-03
6.69548e-16,1.06461e-02,4.54065e-02,2.91795e-03
6.59772e-16,1.06212e-02,4.53587e-02,2.92347e-03
6.61472e-16,1.05921e-02,4.53113e-02,2.92820e-03
6.57572e-16,1.05596e-02,4.52647e-02,2.93224e-03
6.55750e-16,1.05241e-02,4.52189e-02,2.92926e-03
6.54341e-16,1.04856e-02,4.51738e-02,2.92687e-03
6.60397e-16,1.04576e-02,4.51295e-02,2.92563e-03
6.57172e-16,1.04537e-02,4.50859e-02,2.92537e-03
6.56540e-16,1.04497e-02,4.50429e-02,2.92625e-03
6.60306e-16,1.04462e-02,4.50007e-02,2.92803e-03
6.65910e-16,1.04431e-02,4.49591e-02,2.92447e-03
6.61669e-16,1.04404e-02,4.49182e-02,2.91715e-03
6.58299e-16,1.04377e-02,4.48779e-02,2.90810e-03
6.61290e-16,1.04302e-02,4.48383e-02,2.89734e-03
6.57936e-16,1.04211e-02,4.47993e-02,2.88495e-03
6.59085e-16,1.04085e-02,4.47609e-02,2.87087e-03
6.54532e-16,1.03688e-02,4.47231e-02,2.85525e-03
6.56997e-16,1.03271e-02,4.46859e-02,2.83819e-03
6.59968e-16,1.02830e-02,4.46484e-02,2.81985e-03
6.66391e-16,1.02376e-02,4.46112e-02,2.80010e-03
6.59390e-16,1.01923e-02,4.45746e-02,2.77912e-03
6.61332e-16,1.01481e-02,4.45386e-02,2.75701e-03
6.61210e-16,1.01053e-02,4.45027e-02,2.73398e-03
6.57808e-16,1.00638e-02,4.44677e-02,2.71023e-03
6.61671e-16,1.00241e-02,4.44386e-02,2.68594e-03
6.65829e-16,9.98701e-03,4.44099e-02,2.66134e-03
6.55736e-16,9.95296e-03,4.43818e-02,2.63664e-03
6.51153e-16,9.92224e-03,4.43541e-02,2.61201e-03
6.48098e-16,9.89509e-03,4.43268e-02,2.58766e-03
6.52100e-16,9.88866e-03,4.42957e-02,2.56984e-03
6.55317e-16,9.89014e-03,4.42634e-02,2.55781e-03
6.62495e-16,9.89235e-03,4.42317e-02,2.54545e-03
6.60716e-16,9.89431e-03,4.42005e-02,2.53293e-03
6.61268e-16,9.89587e-03,4.41699e-02,2.52032e-03
6.63270e-16,9.89580e-03,4.41388e-02,2.50781e-03
6.58273e-16,9.89499e-03,4.41083e-02,2.49551e-03
6.61968e-16,9.89343e-03,4.40782e-02,2.48353e-03
6.66502e-16,9.89003e-03,4.40486e-02,2.47215e-03
6.69181e-16,9.88478e-03,4.40195e-02,2.46150e-03
6.63291e-16,9.87811e-03,4.39909e-02,2.45153e-03
6.61626e-16,9.87046e-03,4.39627e-02,2.44236e-03
6.64710e-16,9.86223e-03,4.39350e-02,2.43532e-03
6.62178e-16,9.85315e-03,4.39077e-02,2.43272e-03
6.63112e-16,9.84389e-03,4.38808e-02,2.43179e-03
6.63060e-16,9.83535e-03,4.38543e-02,2.43255e-03
6.55877e-16,9.83923e-03,4.38282e-02,2.43489e-03
6.63134e-16,9.84227e-03,4.38025e-02,2.43873e-03
6.53584e-16,9.84224e-03,4.37771e-02,2.44403e-03
6.50099e-16,9.83867e-03,4.37521e-02,2.45068e-03
6.62904e-16,9.83985e-03,4.37274e-02,2.45854e-03
6.66117e-16,9.84385e-03,4.37031e-02,2.46768e-03
6.63115e-16,9.83206e-03,4.36787e-02,2.48066e-03
6.58309e-16,9.81869e-03,4.36547e-02,2.49850e-03
6.64118e-16,9.80598e-03,4.36309e-02,2.51667e-03
6.60715e-16,9.79434e-03,4.36010e-02,2.53486e-03
6.59192e-16,9.78351e-03,4.35714e-02,2.55260e-03
6.57352e-16,9.77380e-03,4.35415e-02,2.56941e-03
6.60322e-16,9.76525e-03,4.35118e-02,2.58540e-03
6.63671e-16,9.75757e-03,4.34825e-02,2.58779e-03
6.64483e-16,9.75055e-03,4.34538e-02,2.58867e-03
6.58919e-16,9.74399e-03,4.34256e-02,2.58965e-03
6.54464e-16,9.73791e-03,4.33978e-02,2.59072e-03
6.51236e-16,9.73208e-03,4.33705e-02,2.59199e-03
6.56540e-16,9.72639e-03,4.33437e-02,2.59318e-03
6.58673e-16,9.72065e-03,4.33173e-02,2.59441e-03
6.50325e-16,9.71476e-03,4.32913e-02,2.59536e-03
6.55954e-16,9.69482e-03,4.32657e-02,2.59615e-03
6.58353e-16,9.67458e-03,4.32405e-02,2.59670e-03
6.62623e-16,9.65416e-03,4.32157e-02,2.59677e-03
6.67092e-16,9.63354e-03,4.31872e-02,2.59628e-03
6.62502e-16,9.61305e-03,4.31573e-02,2.59520e-03
6.60842e-16,9.59289e-03,4.31279e-02,2.59359e-03
6.67696e-16,9.57335e-03,4.30990e-02,2.59163e-03
6.57470e-16,9.55447e-03,4.30696e-02,2.58821e-03
6.63640e-16,9.53582e-03,4.30406e-02,2.57194e-03
6.67274e-16,9.51805e-03,4.30121e-02,2.55457e-03
6.63724e-16,9.50078e-03,4.29831e-02,2.53623e-03
6.70694e-16,9.48444e-03,4.29541e-02,2.51672e-03
6.52581e-16,9.46930e-03,4.29255e-02,2.49624e-03
6.59518e-16,9.45511e-03,4.28974e-02,2.47497e-03
6.55112e-16,9.44232e-03,4.28683e-02,2.45292e-03
6.56758e-16,9.43087e-03,4.28384e-02,2.43030e-03
6.53777e-16,9.42063e-03,4.28084e-02,2.40731e-03
6.50092e-16,9.41154e-03,4.27784e-02,2.38419e-03
6.53098e-16,9.40368e-03,4.27480e-02,2.36118e-03
6.60549e-16,9.39690e-03,4.27175e-02,2.33833e-03
6.57874e-16,9.39078e-03,4.26865e-02,2.31579e-03
6.53707e-16,9.38056e-03,4.26560e-02,2.29364e-03
6.59221e-16,9.36888e-03,4.26249e-02,2.27198e-03
6.58262e-16,9.35810e-03,4.25899e-02,2.25094e-03
6.58968e-16,9.34779e-03,4.25547e-02,2.23065e-03
6.57061e-16,9.33781e-03,4.25183e-02,2.21135e-03
6.54522e-16,9.32827e-03,4.24799e-02,2.19317e-03
6.55474e-16,9.31962e-03,4.24422e-02,2.17623e-03
6.54502e-16,9.31204e-03,4.24052e-02,2.16679e-03
6.62412e-16,9.30551e-03,4.23689e-02,2.15902e-03
6.62798e-16,9.29968e-03,4.23333e-02,2.15229e-03
6.64811e-16,9.29479e-03,4.22982e-02,2.14666e-03
6.61082e-16,9.29097e-03,4.22634e-02,2.14213e-03
6.60670e-16,9.28821e-03,4.22293e-02,2.13872e-03
6.61239e-16,9.28644e-03,4.21958e-02,2.13642e-03
6.67111e-16,9.28553e-03,4.21628e-02,2.13521e-03
6.66330e-16,9.28492e-03,4.21297e-02,2.13505e-03
6.62295e-16,9.28486e-03,4.20964e-02,2.13590e-03
6.56676e-16,9.28522e-03,4.20638e-02,2.13769e-03
6.59466e-16,9.28567e-03,4.20316e-02,2.14034e-03
6.58724e-16,9.28599e-03,4.20001e-02,2.14631e-03
6.57541e-16,9.28668e-03,4.19688e-02,2.15807e-03
6.65696e-16,9.28785e-03,4.19380e-02,2.17074e-03
6.55617e-16,9.28941e-03,4.19074e-02,2.18413e-03
6.63486e-16,9.28520e-03,4.18773e-02,2.19804e-03
6.56990e-16,9.27980e-03,4.18468e-02,2.21221e-03
6.58949e-16,9.27589e-03,4.18161e-02,2.22654e-03
6.65233e-16,9.27360e-03,4.17860e-02,2.24065e-03
6.62283e-16,9.27291e-03,4.17564e-02,2.25430e-03
6.63500e-16,9.27374e-03,4.17272e-02,2.26729e-03
6.66228e-16,9.27606e-03,4.16964e-02,2.27933e-03
6.60074e-16,9.27905e-03,4.16578e-02,2.29025e-03
6.64645e-16,9.28300e-03,4.16079e-02,2.29990e-03
6.55161e-16,9.27808e-03,4.15693e-02,2.30839e-03
6.54882e-16,9.27169e-03,4.15444e-02,2.31553e-03
6.65171e-16,9.26506e-03,4.15199e-02,2.32100e-03
6.62800e-16,9.25821e-03,4.14941e-02,2.32473e-03
6.61614e-16,9.25096e-03,4.14597e-02,2.32702e-03
6.57953e-16,9.24129e-03,4.14249e-02,2.33293e-03
6.54025e-16,9.22922e-03,4.13901e-02,2.33731e-03
6.61109e-16,9.21519e-03,4.13559e-02,2.34002e-03
6.58737e-16,9.19928e-03,4.13213e-02,2.34099e-03
6.59501e-16,9.18158e-03,4.12858e-02,2.34001e-03
6.67830e-16,9.16227e-03,4.12509e-02,2.33340e-03
6.62696e-16,9.14154e-03,4.12168e-02,2.32613e-03
6.63329e-16,9.12024e-03,4.11833e-02,2.31824e-03
6.60767e-16,9.09868e-03,4.11504e-02,2.30975e-03
6.68984e-16,9.07706e-03,4.11181e-02,2.30071e-03
6.56980e-16,9.05547e-03,4.10863e-02,2.29133e-03
6.65179e-16,9.03415e-03,4.10532e-02,2.28156e-03
6.61063e-16,9.01361e-03,4.10200e-02,2.27148e-03
6.58012e-16,8.99403e-03,4.09870e-02,2.25896e-03
6.72897e-16,8.97554e-03,4.09546e-02,2.24285e-03
6.61543e-16,8.95837e-03,4.09229e-02,2.22574e-03
6.61300e-16,8.92767e-03,4.08917e-02,2.20787e-03
6.59519e-16,8.88883e-03,4.08605e-02,2.18927e-03
6.53829e-16,8.85417e-03,4.08255e-02,2.16999e-03
6.56639e-16,8.82375e-03,4.07912e-02,2.15010e-03
6.65258e-16,8.79775e-03,4.07575e-02,2.12968e-03
6.62840e-16,8.77572e-03,4.07244e-02,2.10897e-03
6.62220e-16,8.75774e-03,4.06919e-02,2.08809e-03
6.64173e-16,8.74366e-03,4.06599e-02,2.06727e-03
6.62607e-16,8.73309e-03,4.06286e-02,2.04672e-03
6.62118e-16,8.72563e-03,4.05977e-02,2.02667e-03
6.54410e-16,8.72091e-03,4.05666e-02,2.00725e-03
6.58096e-16,8.71837e-03,4.05356e-02,1.98860e-03
6.56919e-16,8.71716e-03,4.05052e-02,1.97091e-03
6.60095e-16,8.71722e-03,4.04712e-02,1.95433e-03
6.63948e-16,8.71793e-03,4.04370e-02,1.94262e-03
6.62016e-16,8.71938e-03,4.04034e-02,1.93832e-03
6.53018e-16,8.72102e-03,4.03691e-02,1.93493e-03
6.51479e-16,8.72229e-03,4.03346e-02,1.93244e-03
6.50045e-16,8.72325e-03,4.02990e-02,1.93079e-03
6.59898e-16,8.72372e-03,4.02545e-02,1.92995e-03
6.58533e-16,8.72379e-03,4.02050e-02,1.93015e-03
6.63575e-16,8.72347e-03,4.01564e-02,1.93372e-03
6.65158e-16,8.72253e-03,4.01086e-02,1.93810e-03
6.56241e-16,8.72103e-03,4.00614e-02,1.94315e-03
6.60341e-16,8.71765e-03,4.00150e-02,1.94878e-03
6.66478e-16,8.70635e-03,3.99694e-02,1.95483e-03
6.66434e-16,8.69575e-03,3.99246e-02,1.96113e-03
6.58275e-16,8.68590e-03,3.98803e-02,1.96760e-03
6.61023e-16,8.67681e-03,3.98368e-02,1.97409e-03
6.56907e-16,8.66837e-03,3.97940e-02,1.98031e-03
6.59209e-16,8.66052e-03,3.97519e-02,1.98626e-03
6.58721e-16,8.65264e-03,3.97105e-02,1.99162e-03
6.61728e-16,8.64488e-03,3.96698e-02,1.99623e-03
6.51484e-16,8.63767e-03,3.96295e-02,2.00041e-03
6.54697e-16,8.63101e-03,3.95899e-02,2.00396e-03
6.61896e-16,8.62431e-03,3.95510e-02,2.00655e-03
6.51655e-16,8.61735e-03,3.95126e-02,2.00811e-03
6.61101e-16,8.61016e-03,3.94749e-02,2.00859e-03
6.60470e-16,8.60291e-03,3.94377e-02,2.00795e-03
6.60815e-16,8.59558e-03,3.94008e-02,2.01086e-03
6.61883e-16,8.58807e-03,3.93641e-02,2.02071e-03
6.63983e-16,8.58070e-03,3.93244e-02,2.02971e-03
6.66297e-16,8.57330e-03,3.92848e-02,2.03777e-03
6.64112e-16,8.56607e-03,3.92458e-02,2.04500e-03
6.61144e-16,8.55915e-03,3.92075e-02,2.05144e-03
6.71549e-16,8.55258e-03,3.91697e-02,2.05707e-03
6.64983e-16,8.54549e-03,3.91326e-02,2.06163e-03
6.65630e-16,8.53893e-03,3.90957e-02,2.06498e-03
6.70728e-16,8.53321e-03,3.90588e-02,2.06699e-03
6.66417e-16,8.52811e-03,3.90225e-02,2.06761e-03
6.57039e-16,8.52370e-03,3.89868e-02,2.06687e-03
6.59450e-16,8.51998e-03,3.89516e-02,2.05723e-03
6.60184e-16,8.51608e-03,3.89170e-02,2.04300e-03
6.55777e-16,8.50419e-03,3.88828e-02,2.02920e-03
6.56759e-16,8.49008e-03,3.88488e-02,2.01611e-03
6.57472e-16,8.47604e-03,3.88153e-02,2.00345e-03
6.60489e-16,8.46253e-03,3.87822e-02,1.99115e-03
6.63211e-16,8.44934e-03,3.87497e-02,1.97933e-03
6.62832e-16,8.43572e-03,3.87176e-02,1.96808e-03
6.60746e-16,8.42263e-03,3.86787e-02,1.95756e-03
6.58568e-16,8.41037e-03,3.86344e-02,1.94786e-03
6.59950e-16,8.39898e-03,3.85908e-02,1.93906e-03
6.56170e-16,8.38828e-03,3.85479e-02,1.93122e-03
6.58332e-16,8.37831e-03,3.85057e-02,1.91851e-03
6.63779e-16,8.36893e-03,3.84641e-02,1.89736e-03
6.56852e-16,8.36059e-03,3.84228e-02,1.87555e-03
6.58119e-16,8.35332e-03,3.83927e-02,1.85325e-03
6.62423e-16,8.34695e-03,3.83702e-02,1.83071e-03
6.62417e-16,8.34145e-03,3.83479e-02,1.81403e-03
6.63518e-16,8.33707e-03,3.83259e-02,1.80657e-03
6.58237e-16,8.33315e-03,3.83037e-02,1.79918e-03
6.53939e-16,8.32995e-03,3.82816e-02,1.79191e-03
6.62167e-16,8.32756e-03,3.82598e-02,1.78475e-03
6.58907e-16,8.32594e-03,3.82382e-02,1.77780e-03
6.62884e-16,8.30963e-03,3.82169e-02,1.77124e-03
6.57944e-16,8.29322e-03,3.81959e-02,1.76509e-03
6.61266e-16,8.27855e-03,3.81752e-02,1.75934e-03
6.62261e-16,8.26566e-03,3.81546e-02,1.75403e-03
6.62482e-16,8.25449e-03,3.81344e-02,1.74923e-03
6.59624e-16,8.24501e-03,3.81144e-02,1.74498e-03
6.62559e-16,8.23702e-03,3.80945e-02,1.74132e-03
6.67467e-16,8.23018e-03,3.80749e-02,1.73828e-03
6.60746e-16,8.22444e-03,3.80555e-02,1.73592e-03
6.62505e-16,8.21959e-03,3.80364e-02,1.73422e-03
6.52864e-16,8.21544e-03,3.80168e-02,1.73313e-03
6.61536e-16,8.21202e-03,3.79973e-02,1.73258e-03
6.62479e-16,8.20594e-03,3.79775e-02,1.73256e-03
6.53330e-16,8.18600e-03,3.79579e-02,1.73308e-03
6.58987e-16,8.16678e-03,3.79385e-02,1.73398e-03
6.62366e-16,8.14836e-03,3.79193e-02,1.73522e-03
6.60979e-16,8.13078e-03,3.79004e-02,1.73674e-03
6.61850e-16,8.10948e-03,3.78817e-02,1.73841e-03
6.57714e-16,8.08865e-03,3.78632e-02,1.74017e-03
6.62115e-16,8.06927e-03,3.78449e-02,1.74195e-03
6.66923e-16,8.05159e-03,3.78269e-02,1.74368e-03
6.55843e-16,8.03541e-03,3.78091e-02,1.74531e-03
6.60942e-16,8.02119e-03,3.77914e-02,1.74681e-03
6.60332e-16,8.00918e-03,3.77737e-02,1.75548e-03
6.64681e-16,7.99938e-03,3.77510e-02,1.76555e-03
6.65546e-16,7.99165e-03,3.77287e-02,1.77480e-03
6.53777e-16,7.98552e-03,3.77061e-02,1.78308e-03
6.52603e-16,7.98106e-03,3.76815e-02,1.79032e-03
6.60966e-16,7.97838e-03,3.76571e-02,1.79626e-03
6.58964e-16,7.97739e-03,3.76307e-02,1.80099e-03
6.61534e-16,7.97591e-03,3.76028e-02,1.80455e-03
6.56970e-16,7.97162e-03,3.75755e-02,1.80676e-03
6.53526e-16,7.96460e-03,3.75480e-02,1.80758e-03
6.51700e-16,7.95385e-03,3.75205e-02,1.80702e-03
6.64046e-16,7.93759e-03,3.74935e-02,1.80513e-03
6.61053e-16,7.91592e-03,3.74670e-02,1.79772e-03
6.59801e-16,7.88888e-03,3.74407e-02,1.78436e-03
6.62526e-16,7.85719e-03,3.74144e-02,1.77157e-03
6.60943e-16,7.82140e-03,3.73880e-02,1.75946e-03
6.55034e-16,7.78217e-03,3.73618e-02,1.74822e-03
6.64177e-16,7.74025e-03,3.73358e-02,1.73793e-03
6.62502e-16,7.69619e-03,3.73102e-02,1.72861e-03
6.64538e-16,7.65087e-03,3.72849e-02,1.72044e-03
6.56506e-16,7.60479e-03,3.72601e-02,1.72040e-03
6.50330e-16,7.55902e-03,3.72357e-02,1.72397e-03
6.60495e-16,7.51453e-03,3.72117e-02,1.72895e-03
6.64011e-16,7.47209e-03,3.71881e-02,1.72772e-03
6.58238e-16,7.43223e-03,3.71646e-02,1.72233e-03
6.59546e-16,7.41479e-03,3.71406e-02,1.71637e-03
6.64167e-16,7.41002e-03,3.71168e-02,1.70985e-03
6.60093e-16,7.40667e-03,3.70931e-02,1.70278e-03
6.53671e-16,7.40444e-03,3.70697e-02,1.69520e-03
6.64341e-16,7.40323e-03,3.70467e-02,1.68716e-03
6.59595e-16,7.40290e-03,3.70236e-02,1.67873e-03
6.56314e-16,7.40328e-03,3.69996e-02,1.66998e-03
6.58175e-16,7.40407e-03,3.69760e-02,1.66100e-03
6.53700e-16,7.40473e-03,3.69527e-02,1.65187e-03
6.59526e-16,7.40489e-03,3.69291e-02,1.64270e-03
6.62680e-16,7.40421e-03,3.69059e-02,1.63357e-03
6.57873e-16,7.40300e-03,3.68830e-02,1.62469e-03
6.59873e-16,7.40099e-03,3.68605e-02,1.61608e-03
6.56617e-16,7.39790e-03,3.68383e-02,1.60781e-03
6.53341e-16,7.39361e-03,3.68164e-02,1.60004e-03
6.55787e-16,7.38827e-03,3.67949e-02,1.59391e-03
6.57396e-16,7.38195e-03,3.67737e-02,1.58822e-03
6.51173e-16,7.37460e-03,3.67528e-02,1.58217e-03
6.57373e-16,7.36619e-03,3.67322e-02,1.57578e-03
6.55597e-16,7.35686e-03,3.67119e-02,1.57041e-03
6.58165e-16,7.34665e-03,3.66915e-02,1.56658e-03
6.57820e-16,7.33573e-03,3.66713e-02,1.56344e-03
6.62411e-16,7.31462e-03,3.66514e-02,1.56097e-03
6.59989e-16,7.29153e-03,3.66309e-02,1.55923e-03
6.56516e-16,7.27008e-03,3.66101e-02,1.55807e-03
6.59777e-16,7.25048e-03,3.65897e-02,1.55746e-03
6.53507e-16,7.23281e-03,3.65695e-02,1.55735e-03
6.55395e-16,7.21739e-03,3.65497e-02,1.55769e-03
6.48993e-16,7.21133e-03,3.65301e-02,1.55845e-03
6.61507e-16,7.20679e-03,3.65096e-02,1.55957e-03
6.63569e-16,7.20373e-03,3.64891e-02,1.56101e-03
6.63103e-16,7.20167e-03,3.64689e-02,1.56274e-03
6.61872e-16,7.20074e-03,3.64489e-02,1.56472e-03
6.63723e-16,7.20098e-03,3.64288e-02,1.56691e-03
6.62293e-16,7.20223e-03,3.64090e-02,1.57356e-03
6.69723e-16,7.20425e-03,3.63896e-02,1.58169e-03
6.63225e-16,7.20692e-03,3.63704e-02,1.58911e-03
6.64127e-16,7.20935e-03,3.63514e-02,1.59571e-03
6.59780e-16,7.21179e-03,3.63327e-02,1.60138e-03
6.61281e-16,7.21407e-03,3.63143e-02,1.60601e-03
6.59060e-16,7.21584e-03,3.62962e-02,1.60952e-03
6.64133e-16,7.21662e-03,3.62780e-02,1.61185e-03
6.58962e-16,7.21607e-03,3.62597e-02,1.61296e-03
6.60207e-16,7.21440e-03,3.62416e-02,1.61281e-03
6.62443e-16,7.21147e-03,3.62239e-02,1.61067e-03
6.65888e-16,7.20671e-03,3.62063e-02,1.60288e-03
6.61447e-16,7.19750e-03,3.61890e-02,1.59569e-03
6.55357e-16,7.18707e-03,3.61719e-02,1.58924e-03
6.53193e-16,7.17528e-03,3.61550e-02,1.59002e-03
6.62001e-16,7.16200e-03,3.61338e-02,1.59212e-03
6.55750e-16,7.14762e-03,3.61118e-02,1.59548e-03
6.58993e-16,7.13275e-03,3.60901e-02,1.59698e-03
6.62137e-16,7.11739e-03,3.60687e-02,1.59475e-03
6.46127e-16,7.10155e-03,3.60475e-02,1.59185e-03
6.50843e-16,7.09469e-03,3.60267e-02,1.58830e-03
6.67994e-16,7.08946e-03,3.60061e-02,1.58409e-03
6.63788e-16,7.08469e-03,3.59859e-02,1.57926e-03
6.60422e-16,7.07711e-03,3.59630e-02,1.57381e-03
6.60072e-16,7.06225e-03,3.59366e-02,1.56781e-03
6.58247e-16,7.04600e-03,3.59103e-02,1.56129e-03
6.66345e-16,7.02851e-03,3.58844e-02,1.55434e-03
6.65966e-16,7.01022e-03,3.58589e-02,1.54701e-03
6.60200e-16,6.99145e-03,3.58335e-02,1.53938e-03
6.62696e-16,6.97250e-03,3.58082e-02,1.53151e-03
6.64000e-16,6.95357e-03,3.57833e-02,1.52350e-03
6.58615e-16,6.93448e-03,3.57553e-02,1.51542e-03
6.64973e-16,6.91577e-03,3.57267e-02,1.50737e-03
6.70007e-16,6.89780e-03,3.56985e-02,1.49943e-03
6.55614e-16,6.88096e-03,3.56708e-02,1.49169e-03
6.62378e-16,6.87120e-03,3.56435e-02,1.48421e-03
6.59866e-16,6.87001e-03,3.56167e-02,1.47709e-03
6.64358e-16,6.86873e-03,3.55903e-02,1.47038e-03
6.65588e-16,6.86753e-03,3.55643e-02,1.46418e-03
6.70124e-16,6.86648e-03,3.55386e-02,1.45849e-03
6.63088e-16,6.86544e-03,3.55128e-02,1.45336e-03
6.62371e-16,6.86428e-03,3.54874e-02,1.44880e-03
6.66319e-16,6.86262e-03,3.54624e-02,1.44482e-03
6.60588e-16,6.86050e-03,3.54374e-02,1.44143e-03
6.56707e-16,6.85800e-03,3.54126e-02,1.43861e-03
6.55241e-16,6.85495e-03,3.53881e-02,1.43634e-03
6.66120e-16,6.85141e-03,3.53633e-02,1.43460e-03
6.57319e-16,6.84752e-03,3.53367e-02,1.43337e-03
6.61702e-16,6.84332e-03,3.53085e-02,1.43263e-03
6.59189e-16,6.83878e-03,3.52804e-02,1.43233e-03
6.62582e-16,6.83399e-03,3.52523e-02,1.43247e-03
6.58211e-16,6.82910e-03,3.52245e-02,1.43317e-03
6.57306e-16,6.82424e-03,3.51972e-02,1.43427e-03
6.64245e-16,6.81942e-03,3.51703e-02,1.43570e-03
6.66403e-16,6.81459e-03,3.51438e-02,1.43737e-03
6.55670e-16,6.80983e-03,3.51177e-02,1.43924e-03
6.53326e-16,6.80494e-03,3.50920e-02,1.44128e-03
6.60586e-16,6.80014e-03,3.50667e-02,1.44342e-03
6.65596e-16,6.79554e-03,3.50418e-02,1.44861e-03
6.59673e-16,6.79112e-03,3.50173e-02,1.45307e-03
6.56617e-16,6.78690e-03,3.49931e-02,1.45671e-03
6.58185e-16,6.78283e-03,3.49693e-02,1.45946e-03
6.55182e-16,6.77901e-03,3.49458e-02,1.46123e-03
6.56622e-16,6.77539e-03,3.49226e-02,1.46197e-03
6.57740e-16,6.77180e-03,3.48994e-02,1.46164e-03
6.57566e-16,6.76837e-03,3.48762e-02,1.46024e-03
6.60741e-16,6.76505e-03,3.48533e-02,1.46074e-03
6.57119e-16,6.76179e-03,3.48307e-02,1.46154e-03
6.54420e-16,6.75856e-03,3.48084e-02,1.46195e-03
6.55835e-16,6.75530e-03,3.47864e-02,1.46193e-03
6.62613e-16,6.75200e-03,3.47646e-02,1.46144e-03
6.57863e-16,6.74866e-03,3.47427e-02,1.46048e-03
6.60246e-16,6.74518e-03,3.47212e-02,1.45903e-03
6.50227e-16,6.74140e-03,3.47000e-02,1.45711e-03
6.59588e-16,6.73733e-03,3.46791e-02,1.45465e-03
6.54122e-16,6.73320e-03,3.46585e-02,1.45168e-03
6.58391e-16,6.72904e-03,3.46381e-02,1.44819e-03
6.62872e-16,6.72488e-03,3.46181e-02,1.44421e-03
6.61613e-16,6.72074e-03,3.45982e-02,1.43976e-03
6.63868e-16,6.71656e-03,3.45780e-02,1.43486e-03
6.58705e-16,6.71240e-03,3.45572e-02,1.42957e-03
6.55377e-16,6.70833e-03,3.45367e-02,1.42391e-03
6.58531e-16,6.70432e-03,3.45165e-02,1.41794e-03
6.68276e-16,6.70041e-03,3.44966e-02,1.41176e-03
6.61873e-16,6.69665e-03,3.44769e-02,1.40542e-03
6.62984e-16,6.69311e-03,3.44575e-02,1.39892e-03
6.68312e-16,6.68980e-03,3.44383e-02,1.39236e-03
6.62435e-16,6.68675e-03,3.44194e-02,1.38575e-03
6.58088e-16,6.68384e-03,3.44005e-02,1.37915e-03
6.65008e-16,6.68102e-03,3.43818e-02,1.37262e-03
6.58198e-16,6.67827e-03,3.43633e-02,1.36619e-03
6.66222e-16,6.67555e-03,3.43441e-02,1.35993e-03
6.60655e-16,6.67289e-03,3.43252e-02,1.35388e-03
6.60653e-16,6.67047e-03,3.43065e-02,1.34810e-03
6.61408e-16,6.66829e-03,3.42880e-02,1.34263e-03
6.59119e-16,6.66633e-03,3.42693e-02,1.33751e-03
6.65621e-16,6.66460e-03,3.42505e-02,1.33278e-03
6.65728e-16,6.66306e-03,3.42320e-02,1.32848e-03
6.65509e-16,6.66174e-03,3.42137e-02,1.32462e-03
6.60602e-16,6.66037e-03,3.41956e-02,1.32130e-03
6.62088e-16,6.65882e-03,3.41774e-02,1.31863e-03
6.66030e-16,6.65738e-03,3.41595e-02,1.31659e-03
6.63673e-16,6.65606e-03,3.41418e-02,1.31506e-03
6.61298e-16,6.65485e-03,3.41243e-02,1.31403e-03
6.58432e-16,6.65375e-03,3.41070e-02,1.31348e-03
6.65909e-16,6.65274e-03,3.40900e-02,1.31338e-03
6.56734e-16,6.65182e-03,3.40728e-02,1.31372e-03
6.60679e-16,6.65092e-03,3.40558e-02,1.31451e-03
6.61318e-16,6.64998e-03,3.40390e-02,1.31570e-03
6.59162e-16,6.64898e-03,3.40224e-02,1.31721e-03
6.54672e-16,6.64786e-03,3.40057e-02,1.31901e-03
6.60200e-16,6.64576e-03,3.39892e-02,1.32105e-03
6.58367e-16,6.64267e-03,3.39702e-02,1.32330e-03
6.55517e-16,6.63858e-03,3.39447e-02,1.32569e-03
6.60901e-16,6.63352e-03,3.39193e-02,1.32819e-03
6.59040e-16,6.62732e-03,3.38939e-02,1.33074e-03
6.58493e-16,6.61822e-03,3.38688e-02,1.33330e-03
6.54615e-16,6.60654e-03,3.38441e-02,1.33582e-03
6.53617e-16,6.59450e-03,3.38196e-02,1.33824e-03
6.57941e-16,6.58219e-03,3.37954e-02,1.34050e-03
6.62795e-16,6.56973e-03,3.37716e-02,1.34256e-03
6.69474e-16,6.55728e-03,3.37482e-02,1.34437e-03
6.62704e-16,6.54492e-03,3.37251e-02,1.34588e-03
6.60417e-16,6.53286e-03,3.37021e-02,1.34717e-03
6.68717e-16,6.52126e-03,3.36789e-02,1.34811e-03
6.56855e-16,6.51023e-03,3.36560e-02,1.34864e-03
6.56198e-16,6.49987e-03,3.36335e-02,1.34873e-03
6.59722e-16,6.49032e-03,3.36113e-02,1.34834e-03
6.62788e-16,6.48164e-03,3.35895e-02,1.34746e-03
6.58182e-16,6.47387e-03,3.35614e-02,1.34606e-03
6.57572e-16,6.46705e-03,3.35312e-02,1.34415e-03
6.61293e-16,6.46125e-03,3.35011e-02,1.34179e-03
6.55754e-16,6.45634e-03,3.34714e-02,1.33894e-03
6.61667e-16,6.45238e-03,3.34423e-02,1.33558e-03
6.52132e-16,6.44945e-03,3.34134e-02,1.33176e-03
6.57381e-16,6.44756e-03,3.33842e-02,1.32746e-03
6.52575e-16,6.44662e-03,3.33555e-02,1.32270e-03
6.62091e-16,6.44658e-03,3.33261e-02,1.31751e-03
6.64169e-16,6.44729e-03,3.32968e-02,1.31197e-03
6.66113e-16,6.44868e-03,3.32680e-02,1.30620e-03
6.69025e-16,6.45059e-03,3.32348e-02,1.30010e-03
6.64366e-16,6.45297e-03,3.32007e-02,1.29372e-03
6.66414e-16,6.45566e-03,3.31671e-02,1.28708e-03
6.55964e-16,6.45858e-03,3.31339e-02,1.28025e-03
6.56946e-16,6.46134e-03,3.31012e-02,1.27327e-03
6.55219e-16,6.46390e-03,3.30690e-02,1.26620e-03
6.57852e-16,6.46355e-03,3.30365e-02,1.25908e-03
6.59073e-16,6.46094e-03,3.30045e-02,1.25198e-03
6.59215e-16,6.45838e-03,3.29729e-02,1.24502e-03
6.59932e-16,6.45594e-03,3.29418e-02,1.23819e-03
6.51471e-16,6.45377e-03,3.29111e-02,1.23156e-03
6.58889e-16,6.45175e-03,3.28809e-02,1.22518e-03
6.66181e-16,6.44996e-03,3.28511e-02,1.21912e-03
6.55714e-16,6.44839e-03,3.28218e-02,1.21344e-03
6.61015e-16,6.44714e-03,3.27928e-02,1.20821e-03
6.54186e-16,6.44615e-03,3.27638e-02,1.20345e-03
6.61331e-16,6.44536e-03,3.27349e-02,1.19923e-03
6.51251e-16,6.44473e-03,3.27064e-02,1.19554e-03
6.54814e-16,6.44422e-03,3.26777e-02,1.19241e-03
6.61824e-16,6.44400e-03,3.26492e-02,1.18984e-03
6.55158e-16,6.44411e-03,3.26210e-02,1.18786e-03
6.51848e-16,6.44465e-03,3.25929e-02,1.18646e-03
6.56172e-16,6.44539e-03,3.25651e-02,1.18565e-03
6.57539e-16,6.44620e-03,3.25378e-02,1.18539e-03
6.60571e-16,6.44712e-03,3.25108e-02,1.18630e-03
6.67468e-16,6.44807e-03,3.24841e-02,1.18799e-03
6.63838e-16,6.44846e-03,3.24577e-02,1.18922e-03
6.60412e-16,6.44887e-03,3.24315e-02,1.19036e-03
6.58240e-16,6.44911e-03,3.24058e-02,1.19270e-03
6.58994e-16,6.44928e-03,3.23794e-02,1.19538e-03
6.61612e-16,6.44939e-03,3.23528e-02,1.19836e-03
6.60710e-16,6.44790e-03,3.23265e-02,1.20156e-03
6.59552e-16,6.44528e-03,3.23006e-02,1.20492e-03
6.56442e-16,6.44250e-03,3.22751e-02,1.20841e-03
6.58372e-16,6.43952e-03,3.22499e-02,1.21197e-03
6.61039e-16,6.43631e-03,3.22250e-02,1.21551e-03
6.55376e-16,6.43303e-03,3.22005e-02,1.21899e-03
6.69455e-16,6.42955e-03,3.21763e-02,1.22234e-03
6.64716e-16,6.42591e-03,3.21524e-02,1.22556e-03
6.64767e-16,6.42207e-03,3.21289e-02,1.22869e-03
6.57311e-16,6.41812e-03,3.21056e-02,1.23156e-03
6.50546e-16,6.41404e-03,3.20827e-02,1.23412e-03
6.69600e-16,6.40973e-03,3.20600e-02,1.23634e-03
6.60258e-16,6.40526e-03,3.20376e-02,1.23823e-03
6.59728e-16,6.40067e-03,3.20150e-02,1.23974e-03
6.59081e-16,6.39602e-03,3.19922e-02,1.24079e-03
6.61031e-16,6.39132e-03,3.19697e-02,1.24138e-03
6.52574e-16,6.38660e-03,3.19473e-02,1.24150e-03
6.60000e-16,6.38194e-03,3.19248e-02,1.24109e-03
6.63674e-16,6.37738e-03,3.19023e-02,1.24014e-03
6.62906e-16,6.37295e-03,3.18797e-02,1.23862e-03
6.55237e-16,6.36871e-03,3.18571e-02,1.23655e-03
6.65652e-16,6.36464e-03,3.18346e-02,1.23392e-03
6.60686e-16,6.36070e-03,3.18124e-02,1.23075e-03
6.61237e-16,6.35691e-03,3.17905e-02,1.22706e-03
6.51022e-16,6.35326e-03,3.17687e-02,1.22285e-03
6.56775e-16,6.34968e-03,3.17470e-02,1.21816e-03
6.55380e-16,6.34621e-03,3.17257e-02,1.21300e-03
6.57152e-16,6.34292e-03,3.17046e-02,1.20746e-03
6.66784e-16,6.33973e-03,3.16838e-02,1.20156e-03
6.57380e-16,6.33672e-03,3.16632e-02,1.19530e-03
6.57530e-16,6.33363e-03,3.16429e-02,1.18874e-03
6.63481e-16,6.33073e-03,3.16229e-02,1.18191e-03
6.53231e-16,6.32803e-03,3.16031e-02,1.17488e-03
6.62012e-16,6.32540e-03,3.15835e-02,1.16769e-03
6.66918e-16,6.32295e-03,3.15638e-02,1.16040e-03
6.64342e-16,6.32069e-03,3.15432e-02,1.15311e-03
6.59285e-16,6.31861e-03,3.15223e-02,1.14587e-03
6.68551e-16,6.31669e-03,3.14998e-02,1.13869e-03
6.64853e-16,6.31493e-03,3.14775e-02,1.13162e-03
6.61073e-16,6.31335e-03,3.14555e-02,1.12474e-03
6.55959e-16,6.31175e-03,3.14335e-02,1.11808e-03
6.54892e-16,6.31030e-03,3.14117e-02,1.11172e-03
6.60044e-16,6.30901e-03,3.13901e-02,1.10571e-03
6.57652e-16,6.30788e-03,3.13689e-02,1.10017e-03
6.57013e-16,6.30682e-03,3.13480e-02,1.09506e-03
6.50481e-16,6.30558e-03,3.13273e-02,1.09042e-03
6.62050e-16,6.30425e-03,3.13070e-02,1.08628e-03
6.56030e-16,6.30304e-03,3.12869e-02,1.08267e-03
6.55319e-16,6.30191e-03,3.12670e-02,1.07961e-03
6.55963e-16,6.30089e-03,3.12474e-02,1.07712e-03
6.59702e-16,6.29992e-03,3.12281e-02,1.07521e-03
6.59632e-16,6.29902e-03,3.12087e-02,1.07388e-03
6.61013e-16,6.29818e-03,3.11808e-02,1.07313e-03
6.51501e-16,6.29733e-03,3.11517e-02,1.07301e-03
6.58467e-16,6.29645e-03,3.11231e-02,1.07343e-03
6.49378e-16,6.29556e-03,3.10948e-02,1.07855e-03
6.54661e-16,6.29465e-03,3.10669e-02,1.08425e-03
6.55303e-16,6.29370e-03,3.10394e-02,1.08925e-03
6.59656e-16,6.29266e-03,3.10123e-02,1.09349e-03
6.55308e-16,6.29157e-03,3.09828e-02,1.09693e-03
6.65961e-16,6.29036e-03,3.09539e-02,1.09958e-03
6.55016e-16,6.28903e-03,3.09343e-02,1.10137e-03
6.61435e-16,6.28758e-03,3.09150e-02,1.10225e-03
6.51434e-16,6.28596e-03,3.08958e-02,1.10220e-03
6.57901e-16,6.28430e-03,3.08768e-02,1.10123e-03
6.61638e-16,6.28261e-03,3.08581e-02,1.10165e-03
6.56213e-16,6.28094e-03,3.08393e-02,1.10505e-03
6.58465e-16,6.27919e-03,3.08171e-02,1.10836e-03
6.63748e-16,6.27734e-03,3.07942e-02,1.11153e-03
6.67209e-16,6.27547e-03,3.07716e-02,1.11454e-03
6.58760e-16,6.27362e-03,3.07495e-02,1.11743e-03
6.65094e-16,6.27178e-03,3.07274e-02,1.12007e-03
6.65281e-16,6.27002e-03,3.07055e-02,1.12241e-03
6.60221e-16,6.26835e-03,3.06839e-02,1.12443e-03
6.61062e-16,6.26675e-03,3.06626e-02,1.12608e-03
6.53950e-16,6.26520e-03,3.06417e-02,1.12735e-03
6.59990e-16,6.26362e-03,3.06210e-02,1.12822e-03
6.63578e-16,6.26212e-03,3.06008e-02,1.12866e-03
6.57523e-16,6.26069e-03,3.05808e-02,1.12868e-03
6.62646e-16,6.25927e-03,3.05612e-02,1.12826e-03
6.63499e-16,6.25779e-03,3.05418e-02,1.12740e-03
6.55623e-16,6.24762e-03,3.05175e-02,1.12611e-03
6.57642e-16,6.23235e-03,3.04931e-02,1.12438e-03
6.60502e-16,6.21778e-03,3.04692e-02,1.12222e-03
6.52954e-16,6.20399e-03,3.04456e-02,1.11878e-03
6.55960e-16,6.19102e-03,3.04223e-02,1.10874e-03
6.59631e-16,6.17878e-03,3.03993e-02,1.09929e-03
6.58898e-16,6.16748e-03,3.03759e-02,1.09054e-03
6.53629e-16,6.15742e-03,3.03529e-02,1.08261e-03
6.59010e-16,6.14855e-03,3.03302e-02,1.07557e-03
6.62261e-16,6.14085e-03,3.03079e-02,1.06948e-03
6.61853e-16,6.13424e-03,3.02859e-02,1.06440e-03
6.64762e-16,6.12811e-03,3.02642e-02,1.06040e-03
6.63382e-16,6.12110e-03,3.02429e-02,1.05750e-03
6.60081e-16,6.11318e-03,3.02216e-02,1.05568e-03
6.60001e-16,6.10440e-03,3.02002e-02,1.05490e-03
6.67760e-16,6.09477e-03,3.01791e-02,1.05514e-03
6.64176e-16,6.08429e-03,3.01583e-02,1.05635e-03
6.55711e-16,6.07306e-03,3.01378e-02,1.05471e-03
6.53500e-16,6.06122e-03,3.01174e-02,1.04936e-03
6.58273e-16,6.04902e-03,3.00967e-02,1.04410e-03
6.64139e-16,6.03671e-03,3.00764e-02,1.03891e-03
6.62877e-16,6.02436e-03,3.00563e-02,1.03384e-03
6.56974e-16,6.01217e-03,3.00360e-02,1.02890e-03
6.57023e-16,6.00039e-03,3.00158e-02,1.02412e-03
6.53478e-16,5.98926e-03,2.99958e-02,1.01952e-03
6.56216e-16,5.97872e-03,2.99762e-02,1.01512e-03
6.51438e-16,5.96903e-03,2.99568e-02,1.01095e-03
6.59033e-16,5.96058e-03,2.99377e-02,1.00701e-03
6.58764e-16,5.95317e-03,2.99188e-02,1.00333e-03
6.67748e-16,5.94696e-03,2.99002e-02,9.99923e-04
6.61160e-16,5.94197e-03,2.98819e-02,9.96797e-04
6.61557e-16,5.93815e-03,2.98638e-02,9.93983e-04
6.59813e-16,5.92638e-03,2.98460e-02,9.91575e-04
6.61914e-16,5.91355e-03,2.98284e-02,9.89501e-04
6.58064e-16,5.90263e-03,2.98109e-02,9.87765e-04
6.65851e-16,5.89362e-03,2.97937e-02,9.86368e-04
6.53912e-16,5.88644e-03,2.97766e-02,9.85306e-04
6.64353e-16,5.88115e-03,2.97598e-02,9.84574e-04
6.65751e-16,5.87760e-03,2.97432e-02,9.84161e-04
6.68137e-16,5.87568e-03,2.97268e-02,9.84161e-04
6.52344e-16,5.87521e-03,2.97106e-02,9.84466e-04
6.59835e-16,5.87611e-03,2.96946e-02,9.85030e-04
6.64735e-16,5.87825e-03,2.96787e-02,9.85830e-04
6.62150e-16,5.88141e-03,2.96628e-02,9.86839e-04
6.62177e-16,5.88541e-03,2.96471e-02,9.88032e-04
6.59849e-16,5.89001e-03,2.96316e-02,9.89381e-04
6.56330e-16,5.89480e-03,2.96163e-02,9.90857e-04
6.54373e-16,5.89974e-03,2.96011e-02,9.92435e-04
6.63869e-16,5.90075e-03,2.95862e-02,9.94087e-04
6.54910e-16,5.89654e-03,2.95715e-02,9.95785e-04
6.55730e-16,5.89229e-03,2.95569e-02,9.97505e-04
6.67844e-16,5.88825e-03,2.95424e-02,9.99221e-04
6.65583e-16,5.88437e-03,2.95282e-02,1.00091e-03
6.64170e-16,5.88074e-03,2.95141e-02,1.00255e-03
6.59350e-16,5.87750e-03,2.95002e-02,1.00411e-03
6.53600e-16,5.87464e-03,2.94864e-02,1.00559e-03
6.54808e-16,5.87152e-03,2.94728e-02,1.00695e-03
6.62028e-16,5.86720e-03,2.94593e-02,1.00820e-03
6.58864e-16,5.86160e-03,2.94459e-02,1.00930e-03
6.60234e-16,5.85471e-03,2.94327e-02,1.01029e-03
6.61678e-16,5.84672e-03,2.94196e-02,1.01112e-03
6.63490e-16,5.83778e-03,2.94060e-02,1.01176e-03
6.55135e-16,5.82792e-03,2.93882e-02,1.01220e-03
6.67968e-16,5.81714e-03,2.93695e-02,1.01244e-03
6.61875e-16,5.80571e-03,2.93511e-02,1.01247e-03
6.64355e-16,5.79369e-03,2.93329e-02,1.01227e-03
6.68605e-16,5.78119e-03,2.93151e-02,1.01184e-03
6.65691e-16,5.76840e-03,2.92974e-02,1.01118e-03
6.54401e-16,5.75536e-03,2.92801e-02,1.01017e-03
6.59321e-16,5.74246e-03,2.92630e-02,1.00757e-03
6.60763e-16,5.72970e-03,2.92461e-02,1.00541e-03
6.63472e-16,5.71712e-03,2.92295e-02,1.00367e-03
6.60802e-16,5.70496e-03,2.92131e-02,1.00237e-03
6.64088e-16,5.69328e-03,2.91969e-02,1.00149e-03
6.65919e-16,5.68233e-03,2.91809e-02,1.00023e-03
6.62011e-16,5.67216e-03,2.91649e-02,9.97742e-04
6.64351e-16,5.66279e-03,2.91491e-02,9.95022e-04
6.66203e-16,5.65424e-03,2.91334e-02,9.92070e-04
6.64563e-16,5.64644e-03,2.91179e-02,9.88890e-04
6.54617e-16,5.63984e-03,2.91015e-02,9.85492e-04
6.66129e-16,5.63416e-03,2.90852e-02,9.81885e-04
6.56368e-16,5.62935e-03,2.90691e-02,9.78083e-04
6.58250e-16,5.62538e-03,2.90532e-02,9.74099e-04
6.56128e-16,5.62213e-03,2.90376e-02,9.69950e-04
6.57153e-16,5.61944e-03,2.90222e-02,9.65656e-04
6.59524e-16,5.61718e-03,2.90067e-02,9.61235e-04
6.59072e-16,5.61540e-03,2.89915e-02,9.56710e-04
6.63670e-16,5.61405e-03,2.89707e-02,9.52103e-04
6.57081e-16,5.61312e-03,2.89475e-02,9.47441e-04
6.59617e-16,5.61228e-03,2.89247e-02,9.42755e-04
6.54461e-16,5.61151e-03,2.89022e-02,9.38076e-04
6.66713e-16,5.61078e-03,2.88801e-02,9.33437e-04
6.62843e-16,5.61020e-03,2.88583e-02,9.28884e-04
6.61379e-16,5.60972e-03,2.88369e-02,9.24454e-04
6.53833e-16,5.60918e-03,2.88155e-02,9.20172e-04
6.56636e-16,5.60861e-03,2.87944e-02,9.16192e-04
6.64288e-16,5.60814e-03,2.87735e-02,9.12419e-04
6.65131e-16,5.60776e-03,2.87528e-02,9.08879e-04
6.65327e-16,5.60751e-03,2.87322e-02,9.05596e-04
6.70928e-16,5.60736e-03,2.87119e-02,9.02596e-04
6.67013e-16,5.60729e-03,2.86918e-02,8.99891e-04
6.63382e-16,5.60723e-03,2.86716e-02,8.97505e-04
6.66987e-16,5.60716e-03,2.86517e-02,8.95451e-04
6.63545e-16,5.60712e-03,2.86322e-02,8.93732e-04
6.63124e-16,5.60707e-03,2.86129e-02,8.92336e-04
6.60664e-16,5.60701e-03,2.85938e-02,8.91265e-04
6.63391e-16,5.60679e-03,2.85750e-02,8.90519e-04
6.63610e-16,5.60635e-03,2.85565e-02,8.90091e-04
6.58126e-16,5.60572e-03,2.85383e-02,8.89973e-04
6.60546e-16,5.60486e-03,2.85202e-02,8.90152e-04
6.56316e-16,5.60374e-03,2.85024e-02,8.90613e-04
6.56324e-16,5.60238e-03,2.84849e-02,8.91337e-04
6.55481e-16,5.60064e-03,2.84676e-02,8.92303e-04
6.65845e-16,5.59859e-03,2.84504e-02,8.93486e-04
6.60365e-16,5.59625e-03,2.84331e-02,8.94855e-04
6.61764e-16,5.59368e-03,2.84159e-02,8.96382e-04
6.63929e-16,5.59081e-03,2.83947e-02,8.98038e-04
6.58364e-16,5.58726e-03,2.83701e-02,8.99793e-04
6.63695e-16,5.58360e-03,2.83525e-02,9.01616e-04
6.64059e-16,5.57985e-03,2.83428e-02,9.03486e-04
6.66181e-16,5.57597e-03,2.83332e-02,9.05388e-04
6.56853e-16,5.57196e-03,2.83234e-02,9.07311e-04
6.57206e-16,5.56772e-03,2.83132e-02,9.09181e-04
6.53403e-16,5.56339e-03,2.83010e-02,9.10968e-04
6.60531e-16,5.55913e-03,2.82889e-02,9.12646e-04
6.69919e-16,5.55496e-03,2.82770e-02,9.14190e-04
6.65975e-16,5.55080e-03,2.82653e-02,9.15578e-04
6.63786e-16,5.54649e-03,2.82538e-02,9.16786e-04
6.63517e-16,5.54227e-03,2.82424e-02,9.17817e-04
6.68891e-16,5.53820e-03,2.82312e-02,9.18641e-04
6.66062e-16,5.53412e-03,2.82148e-02,9.19230e-04
6.63868e-16,5.53011e-03,2.81978e-02,9.19571e-04
6.63080e-16,5.52618e-03,2.81806e-02,9.19652e-04
6.59831e-16,5.52214e-03,2.81636e-02,9.19501e-04
6.62175e-16,5.51809e-03,2.81470e-02,9.19097e-04
6.59738e-16,5.51418e-03,2.81306e-02,9.18419e-04
6.61436e-16,5.51039e-03,2.81145e-02,9.17466e-04
6.67103e-16,5.50669e-03,2.80987e-02,9.16240e-04
6.61489e-16,5.50305e-03,2.80831e-02,9.14745e-04
6.65751e-16,5.49948e-03,2.80678e-02,9.12986e-04
6.61203e-16,5.49594e-03,2.80526e-02,9.10970e-04
6.67433e-16,5.49241e-03,2.80376e-02,9.08708e-04
6.59732e-16,5.48889e-03,2.80228e-02,9.06209e-04
6.63711e-16,5.48545e-03,2.80078e-02,9.03486e-04
6.59356e-16,5.48214e-03,2.79931e-02,9.00554e-04
6.62522e-16,5.47896e-03,2.79786e-02,8.97425e-04
6.61985e-16,5.47587e-03,2.79643e-02,8.94116e-04
6.64813e-16,5.47295e-03,2.79501e-02,8.90643e-04
6.61084e-16,5.47023e-03,2.79362e-02,8.87018e-04
6.66632e-16,5.46769e-03,2.79225e-02,8.83258e-04
6.64100e-16,5.46540e-03,2.79089e-02,8.79383e-04
6.62603e-16,5.46341e-03,2.78954e-02,8.75414e-04
6.57610e-16,5.46176e-03,2.78819e-02,8.71370e-04
6.60687e-16,5.46045e-03,2.78678e-02,8.67274e-04
6.60088e-16,5.45950e-03,2.78538e-02,8.63145e-04
6.58858e-16,5.45888e-03,2.78396e-02,8.59001e-04
6.56555e-16,5.45858e-03,2.78253e-02,8.54865e-04
6.61903e-16,5.45855e-03,2.78113e-02,8.50762e-04
6.62882e-16,5.45855e-03,2.77974e-02,8.46720e-04
6.55032e-16,5.45843e-03,2.77837e-02,8.42768e-04
6.59616e-16,5.45839e-03,2.77692e-02,8.38935e-04
